Food Category,Meal Type,Protein,Carbs,Fat,Fiber,Sugar,Sodium,Water,Calories,Saturated Fat
Meat,Lunch,42.4,83.7,1.5,1.5,12.7,752,478,173,0.34
Fruits,Lunch,39.2,13.8,3.2,2.6,12.2,680,466,66,0.92
Meat,Breakfast,27.1,79.1,25.8,3.2,44.7,295,635,226,5.11
Fruits,Snack,43.4,47.1,16.1,6.5,44.1,307,379,116,3.72
Fruits,Lunch,33.9,75.8,47.0,7.8,19.4,358,471,500,10.17
Grains,Dinner,31.2,6.8,39.5,5.1,0.7,300,727,387,14.13
Vegetables,Dinner,28.2,12.4,20.2,2.8,37.8,933,733,138,5.32
Snacks,Snack,36.8,17.8,15.0,9.6,36.4,185,386,69,3.92
Fruits,Breakfast,6.7,7.0,23.4,6.4,46.9,336,931,568,5.34
Grains,Snack,19.3,62.7,31.8,6.8,40.3,887,662,204,6.23
Grains,Lunch,40.6,13.9,12.2,9.3,44.7,530,624,108,3.29
Vegetables,Dinner,34.4,21.0,10.1,9.1,18.5,66,799,117,2.65
Beverages,Snack,20.1,32.7,8.9,7.0,42.4,500,661,147,1.93
Snacks,Lunch,23.7,89.2,3.1,6.3,31.3,342,607,468,0.6
Meat,Lunch,27.5,32.4,9.4,0.5,24.6,180,724,157,2.21
Meat,Lunch,15.8,36.5,33.1,2.1,27.6,134,421,385,6.94
Grains,Lunch,36.3,76.4,24.9,2.9,37.6,269,338,297,5.22
Fruits,Breakfast,42.4,54.5,45.2,8.2,20.3,507,463,274,10.61
Beverages,Lunch,24.0,96.2,6.8,0.9,17.5,305,618,353,1.37
Meat,Breakfast,4.3,23.2,31.9,9.5,28.2,373,416,569,5.99
Grains,Dinner,28.1,8.3,38.9,3.7,43.2,653,224,217,10.62
Grains,Breakfast,32.8,45.9,27.5,7.5,5.1,435,255,492,7.18
Fruits,Snack,21.1,85.0,45.1,1.7,46.8,422,876,222,8.53
Grains,Snack,38.0,64.7,39.1,9.5,2.1,322,786,335,10.77
Snacks,Breakfast,25.9,27.4,39.2,1.5,47.3,338,751,552,9.06
Dairy,Breakfast,18.0,24.9,31.0,8.2,43.6,744,244,252,6.88
Fruits,Lunch,19.0,93.3,11.8,5.7,20.0,970,967,141,2.3
Grains,Lunch,43.1,56.8,21.9,9.4,18.1,452,791,336,5.16
Dairy,Breakfast,37.8,25.5,15.6,1.2,1.0,555,863,315,5.02
Beverages,Dinner,44.1,25.7,21.9,4.5,36.7,888,455,553,5.59
Grains,Breakfast,18.1,24.9,16.5,0.2,13.0,346,452,496,3.95
Grains,Lunch,14.6,21.9,41.4,2.7,46.5,947,868,142,9.03
Grains,Breakfast,4.0,62.8,42.7,1.7,31.2,87,248,71,7.37
Fruits,Dinner,32.5,23.8,35.1,9.3,32.0,389,942,595,8.73
Fruits,Dinner,7.7,35.0,44.2,5.3,8.7,21,685,165,9.41
Dairy,Snack,27.5,63.4,25.4,1.6,9.5,360,927,568,5.83
Dairy,Snack,41.2,71.7,6.0,7.8,14.8,893,665,437,1.38
Grains,Breakfast,45.0,40.9,31.6,8.8,0.8,372,823,195,9.92
Meat,Snack,33.4,70.0,27.3,6.6,44.3,864,846,71,5.68
Fruits,Snack,13.7,89.5,33.8,8.0,3.9,509,728,271,7.64
Dairy,Snack,34.1,87.5,47.0,3.3,17.0,172,786,353,10.08
Vegetables,Dinner,32.6,49.5,30.3,9.4,23.5,771,663,219,6.86
Beverages,Breakfast,47.4,80.3,10.1,9.0,44.3,525,985,171,2.18
Meat,Lunch,43.1,35.6,15.6,0.2,33.1,496,506,539,3.81
Meat,Snack,48.7,52.9,9.3,5.9,5.2,888,876,86,2.51
Dairy,Snack,22.1,59.4,30.1,5.2,12.4,424,986,173,6.59
Dairy,Lunch,31.6,30.8,13.3,3.1,18.3,880,643,359,3.27
Meat,Snack,5.3,70.4,40.3,6.1,47.2,423,470,508,6.85
Fruits,Breakfast,21.6,97.9,23.5,8.1,45.5,934,624,294,4.39
Dairy,Dinner,4.7,23.6,7.5,9.2,4.8,971,989,315,1.69
Snacks,Dinner,28.8,39.6,40.3,6.5,23.9,842,903,191,9.25
Fruits,Lunch,49.2,81.2,5.8,3.7,44.1,343,573,485,1.25
Dairy,Dinner,30.3,69.7,21.5,5.4,39.9,731,491,282,4.43
Meat,Snack,19.6,61.0,29.7,2.7,4.1,871,272,281,7.16
Grains,Lunch,39.6,53.4,44.6,8.7,38.4,433,929,233,10.02
Meat,Dinner,19.0,39.9,1.1,0.8,39.1,762,642,184,0.23
Meat,Snack,44.3,76.2,39.8,5.5,5.1,828,168,449,10.12
Meat,Snack,20.3,33.9,44.9,7.6,28.5,587,232,547,9.88
Meat,Dinner,13.9,46.2,31.8,8.8,28.8,764,257,285,6.33
Fruits,Breakfast,2.6,93.3,22.2,3.6,40.0,675,831,244,3.67
Beverages,Lunch,29.7,70.2,37.9,8.6,32.7,569,269,484,7.86
Meat,Snack,34.7,55.6,21.1,2.9,35.3,561,859,592,4.63
Fruits,Dinner,8.4,65.5,35.9,8.4,49.3,973,845,57,6.32
Meat,Dinner,47.5,34.2,25.5,6.0,15.9,247,522,434,6.63
Vegetables,Breakfast,16.1,76.4,34.7,4.5,22.0,360,727,527,6.74
Dairy,Dinner,36.3,17.8,29.8,2.0,42.9,39,818,538,7.73
Beverages,Dinner,20.7,97.9,27.3,4.7,4.8,168,202,276,6.2
Fruits,Dinner,12.3,55.4,26.1,4.1,4.8,38,750,558,5.95
Fruits,Snack,42.1,25.7,3.1,7.8,18.6,355,510,308,0.82
Fruits,Breakfast,41.9,77.4,29.2,1.2,17.0,552,937,56,6.57
Meat,Lunch,4.8,45.9,45.1,7.9,17.1,213,971,565,8.41
Dairy,Dinner,11.1,76.6,38.8,8.6,12.7,88,736,91,7.64
Vegetables,Lunch,12.0,54.0,6.6,2.2,29.4,198,332,282,1.26
Grains,Lunch,46.0,19.4,34.3,6.6,23.2,570,265,563,9.32
Snacks,Lunch,45.4,8.8,44.5,4.8,28.2,527,655,566,12.84
Vegetables,Snack,9.1,67.7,39.1,3.8,20.8,612,828,315,7.31
Dairy,Lunch,11.5,24.5,2.6,9.3,1.7,369,143,216,0.71
Fruits,Snack,48.4,67.0,24.3,5.9,9.5,159,653,589,6.0
Fruits,Lunch,49.6,7.8,37.7,4.9,1.5,85,899,381,13.36
Vegetables,Snack,30.4,72.8,31.4,7.3,38.4,934,569,161,6.45
Meat,Lunch,22.3,10.4,14.3,10.0,11.1,935,320,57,4.01
Grains,Snack,36.6,74.4,34.6,8.8,18.0,976,487,499,7.64
Beverages,Dinner,41.9,5.5,14.4,4.5,27.4,816,179,412,4.25
Beverages,Dinner,38.4,94.0,1.1,4.7,45.4,343,323,575,0.22
Snacks,Snack,47.2,47.7,23.9,1.7,17.2,174,130,362,5.89
Fruits,Lunch,34.3,27.1,16.6,8.4,45.6,950,593,492,4.02
Grains,Snack,16.2,51.4,24.2,6.1,31.0,865,912,470,4.82
Dairy,Lunch,45.5,72.6,40.7,9.2,39.5,311,734,509,8.89
Fruits,Lunch,6.8,20.6,11.5,1.2,39.8,107,709,296,2.27
Beverages,Snack,6.6,12.9,45.2,2.1,33.0,98,234,181,9.56
Fruits,Breakfast,40.1,49.7,14.9,2.6,40.3,208,955,572,3.39
Beverages,Lunch,48.2,79.6,15.5,9.5,8.5,530,306,507,3.77
Fruits,Dinner,36.7,47.9,34.7,4.0,34.9,107,639,346,7.87
Vegetables,Dinner,44.4,28.2,17.5,7.0,30.7,597,122,537,4.45
Beverages,Lunch,23.1,30.9,9.2,8.2,36.4,201,101,425,2.07
Snacks,Dinner,36.1,15.1,12.3,8.0,28.1,530,853,560,3.31
Beverages,Dinner,39.3,67.7,18.2,4.0,42.6,469,935,148,3.91
Snacks,Lunch,36.0,56.7,21.1,0.9,31.1,645,362,322,4.67
Snacks,Breakfast,21.4,78.0,14.2,9.0,1.1,17,327,240,3.75
Dairy,Dinner,45.2,42.2,1.5,8.3,41.1,122,859,144,0.36
Meat,Dinner,18.1,14.7,25.8,9.7,6.7,761,539,450,7.04
Grains,Dinner,4.5,95.5,49.5,8.9,28.9,577,891,467,8.49
Snacks,Dinner,22.2,7.9,35.6,9.7,41.2,38,468,309,9.54
Beverages,Lunch,15.2,21.0,2.0,4.1,39.2,800,841,594,0.45
Grains,Snack,35.9,52.3,35.1,2.7,34.0,783,646,527,7.83
Grains,Snack,18.6,75.8,49.8,3.6,10.8,817,927,304,10.5
Dairy,Lunch,12.4,83.2,47.4,6.6,33.0,468,383,235,8.65
Dairy,Dinner,36.5,70.7,14.9,3.0,41.7,370,589,176,3.15
Vegetables,Dinner,13.6,69.1,30.8,3.6,10.5,373,888,484,6.36
Dairy,Dinner,34.6,12.5,17.0,3.8,31.7,704,667,131,4.62
Fruits,Dinner,29.7,67.8,7.0,3.6,14.7,835,423,543,1.54
Meat,Snack,2.4,11.3,18.7,9.4,10.4,885,774,89,3.87
Meat,Dinner,10.8,54.5,8.7,4.3,46.7,712,775,359,1.6
Meat,Snack,18.9,9.8,5.0,4.0,22.9,907,275,342,1.32
Grains,Breakfast,18.4,11.1,29.6,2.8,22.1,446,189,50,7.66
Meat,Dinner,47.1,45.8,38.6,0.7,23.3,259,694,403,9.38
Dairy,Breakfast,43.6,16.8,17.4,5.3,8.5,266,979,267,5.11
Meat,Dinner,50.0,96.3,23.6,5.4,42.6,142,831,537,4.99
Vegetables,Lunch,14.5,38.5,20.7,1.0,18.4,889,273,519,4.38
Meat,Lunch,34.5,57.5,9.2,4.2,43.7,108,826,168,1.99
Beverages,Lunch,17.1,70.4,21.0,6.4,5.8,196,865,122,4.73
Snacks,Lunch,46.7,91.0,45.0,7.0,49.7,494,751,153,9.43
Vegetables,Dinner,33.4,9.3,17.1,7.8,25.4,17,755,263,4.81
Vegetables,Breakfast,11.5,43.5,21.7,6.3,45.4,335,214,253,4.14
Vegetables,Lunch,4.6,68.8,47.2,7.1,26.1,85,567,488,8.28
Vegetables,Snack,48.7,54.6,2.9,0.4,7.0,388,169,565,0.76
Fruits,Lunch,1.4,47.7,20.3,4.8,27.0,595,209,179,3.45
Dairy,Breakfast,17.3,35.9,7.1,4.1,43.6,12,247,213,1.48
Vegetables,Snack,44.5,70.5,37.4,8.3,27.1,36,689,355,8.34
Snacks,Dinner,28.0,64.6,35.4,8.3,35.3,672,518,178,7.34
Grains,Breakfast,36.3,58.0,32.3,8.4,21.7,93,288,530,7.3
Beverages,Dinner,7.7,97.6,39.2,8.8,5.7,292,193,417,8.14
Snacks,Dinner,29.1,67.1,28.2,4.8,41.3,810,652,365,5.8
Fruits,Dinner,19.1,38.6,30.2,7.1,12.6,766,996,140,6.86
Snacks,Dinner,38.9,16.9,33.7,3.4,32.7,589,718,106,8.96
Dairy,Lunch,23.9,51.4,16.1,2.2,14.5,783,817,410,3.58
Dairy,Dinner,30.1,20.9,15.6,6.7,18.0,896,996,223,4.03
Dairy,Breakfast,41.1,34.7,14.7,4.6,8.6,341,931,160,3.93
Beverages,Snack,22.3,28.7,10.1,3.8,25.7,656,350,224,2.33
Snacks,Breakfast,40.8,71.1,46.9,3.5,37.1,646,405,336,10.13
Vegetables,Snack,41.8,62.8,19.3,4.2,33.0,666,326,343,4.29
Fruits,Snack,43.4,82.9,5.8,7.2,14.7,440,970,454,1.31
Grains,Snack,6.2,52.4,9.0,6.3,1.1,676,454,199,2.23
Vegetables,Dinner,28.6,77.5,9.6,1.7,6.9,698,605,444,2.23
Snacks,Breakfast,7.0,73.1,3.1,3.9,10.0,768,428,139,0.61
Fruits,Lunch,8.7,55.9,10.3,1.1,26.0,745,159,121,1.92
Grains,Snack,2.2,91.8,31.5,9.1,26.9,592,334,287,5.33
Vegetables,Snack,6.7,87.7,4.4,0.8,41.8,187,211,541,0.75
Grains,Lunch,17.9,53.9,9.9,2.1,33.4,980,277,593,1.98
Vegetables,Dinner,21.3,67.6,5.8,7.6,44.3,328,265,311,1.13
Grains,Lunch,20.4,84.3,36.7,5.6,36.2,321,308,587,7.01
Fruits,Lunch,12.6,20.4,2.2,5.9,11.4,10,861,391,0.52
Grains,Dinner,10.0,89.4,12.9,7.7,29.8,164,387,79,2.31
Fruits,Snack,27.7,41.9,38.4,5.3,36.9,459,671,67,8.48
Dairy,Dinner,5.5,54.5,47.4,1.8,8.7,41,633,587,9.48
Dairy,Snack,33.7,37.7,42.0,4.3,15.2,540,789,136,10.27
Fruits,Lunch,45.4,56.8,31.8,8.2,35.5,318,364,561,7.26
Fruits,Snack,9.0,40.7,34.6,7.8,40.1,905,261,447,6.49
Beverages,Lunch,25.4,18.2,45.1,9.1,27.0,46,444,204,11.32
Beverages,Lunch,39.6,83.5,16.8,8.0,44.6,602,228,570,3.49
Fruits,Lunch,18.6,46.2,36.0,3.6,27.6,613,193,521,7.48
Grains,Dinner,29.2,12.5,9.7,7.6,34.5,42,251,481,2.57
Snacks,Dinner,38.2,16.8,4.1,6.9,4.1,70,686,369,1.26
Dairy,Dinner,2.3,11.8,16.2,5.0,22.7,90,353,568,3.09
Dairy,Lunch,6.9,25.7,29.1,7.2,45.5,509,100,172,5.55
Vegetables,Snack,41.0,12.7,47.1,0.8,19.1,115,558,201,13.34
Beverages,Breakfast,12.1,33.3,4.5,6.4,20.4,127,187,404,0.94
Snacks,Breakfast,20.0,12.3,30.3,9.9,38.1,194,906,531,7.63
Vegetables,Lunch,8.7,6.7,35.1,4.7,26.0,261,538,115,8.62
Meat,Breakfast,36.3,13.9,26.9,5.7,8.8,916,269,59,7.87
Snacks,Lunch,38.6,36.8,12.2,8.1,22.2,263,829,481,2.98
Beverages,Snack,6.8,85.3,17.0,8.1,40.8,607,182,328,2.92
Fruits,Lunch,27.3,37.5,16.7,0.3,47.1,703,811,358,3.7
Meat,Lunch,43.6,18.1,10.5,7.1,1.0,26,629,530,3.55
Meat,Snack,37.2,81.9,20.7,6.1,19.8,722,219,95,4.48
Snacks,Lunch,7.1,96.4,40.0,6.5,20.2,734,144,384,7.2
Beverages,Breakfast,30.2,70.8,42.0,4.6,8.4,6,721,103,9.73
Vegetables,Snack,14.0,52.9,17.1,2.9,6.5,53,839,289,3.84
Snacks,Snack,35.6,13.8,4.0,8.2,21.5,134,186,551,1.1
Grains,Snack,18.0,70.8,42.8,9.5,30.5,665,848,497,8.31
Beverages,Dinner,22.0,67.8,8.4,2.2,2.2,648,899,414,2.15
Vegetables,Dinner,1.1,10.5,28.1,6.4,21.8,937,528,205,5.11
Meat,Breakfast,20.4,92.9,35.0,3.9,44.0,49,246,574,6.54
Snacks,Dinner,40.5,34.5,28.7,8.3,44.0,957,802,433,6.89
Fruits,Breakfast,12.3,52.9,37.8,9.2,24.2,183,421,546,7.37
Beverages,Breakfast,16.9,15.1,4.0,7.5,9.2,10,888,410,1.05
Fruits,Dinner,18.1,74.7,19.7,0.2,46.6,270,671,79,3.72
Vegetables,Breakfast,18.8,10.5,18.6,7.9,2.5,966,894,500,5.76
Fruits,Dinner,25.3,83.8,7.4,8.6,25.1,206,233,425,1.49
Snacks,Breakfast,21.4,27.1,29.3,5.1,47.2,304,132,113,6.58
Snacks,Breakfast,2.4,71.1,34.1,3.1,41.3,250,875,185,5.65
Beverages,Breakfast,26.3,63.2,33.1,4.1,5.6,502,880,559,7.97
Meat,Breakfast,37.1,27.2,11.9,7.7,22.0,173,901,482,3.02
Snacks,Snack,16.6,42.3,28.8,2.2,28.3,700,768,542,5.95
Vegetables,Lunch,9.5,61.5,19.0,10.0,3.2,829,291,300,4.38
Dairy,Breakfast,26.2,34.1,17.9,0.7,12.5,399,804,485,4.34
Beverages,Dinner,6.7,90.0,31.2,2.6,22.0,372,672,71,5.58
Vegetables,Breakfast,43.1,87.1,38.2,2.7,18.4,76,669,181,8.43
Meat,Snack,20.2,83.1,49.8,6.9,27.9,836,203,330,9.67
Snacks,Lunch,11.4,13.3,28.6,1.7,1.7,535,300,249,8.33
Vegetables,Snack,41.5,78.3,24.6,6.9,17.7,70,189,224,5.5
Beverages,Dinner,15.1,97.7,27.5,2.1,28.2,367,388,246,5.09
Meat,Lunch,26.9,25.2,26.7,7.1,21.0,645,610,499,6.55
Dairy,Dinner,6.2,80.8,32.6,8.9,21.6,334,297,194,5.85
Dairy,Lunch,17.4,59.6,46.6,6.1,24.0,50,323,194,9.35
Meat,Dinner,21.8,28.4,34.2,5.2,20.9,511,393,200,7.97
Grains,Snack,10.6,74.4,34.2,0.1,41.5,668,570,244,6.13
Dairy,Breakfast,22.3,10.4,17.3,6.9,1.7,993,567,185,5.6
Fruits,Lunch,25.9,65.9,17.3,7.3,14.9,576,489,219,3.75
Meat,Snack,8.8,78.3,5.7,4.9,38.6,60,913,403,1.01
Fruits,Breakfast,10.9,86.3,2.6,1.4,40.3,977,603,214,0.46
Fruits,Breakfast,16.4,92.3,47.8,3.8,2.9,870,958,190,11.27
Snacks,Breakfast,21.7,10.6,33.8,8.2,0.9,822,806,157,11.24
Beverages,Lunch,49.2,88.3,12.2,0.1,32.3,69,192,550,2.64
Beverages,Snack,32.4,86.4,46.9,5.5,17.4,601,570,319,9.98
Snacks,Dinner,45.2,73.9,13.9,0.5,28.8,275,617,68,3.08
Fruits,Lunch,5.9,45.5,41.7,7.8,9.0,319,971,519,8.45
Vegetables,Dinner,39.2,35.6,13.0,4.3,0.6,539,317,570,4.12
Snacks,Breakfast,30.3,95.8,42.4,2.6,44.0,752,250,406,8.31
Beverages,Dinner,11.2,16.5,43.0,9.4,15.6,758,449,589,10.01
Fruits,Breakfast,34.9,9.3,22.7,7.3,27.8,192,560,60,6.38
Beverages,Dinner,16.0,25.4,40.8,4.5,49.4,505,742,532,8.8
Fruits,Snack,36.9,94.6,5.7,7.6,29.9,498,612,458,1.17
Vegetables,Dinner,49.9,42.9,33.6,7.7,15.7,108,360,377,8.53
Meat,Breakfast,9.5,18.2,16.6,6.7,25.6,108,615,563,3.59
Snacks,Breakfast,49.6,75.5,22.6,9.9,7.6,620,746,204,5.62
Fruits,Dinner,37.1,98.1,18.2,1.3,18.7,97,557,218,3.86
Snacks,Lunch,33.1,16.9,5.7,5.6,18.3,517,548,369,1.53
Vegetables,Snack,44.9,6.3,33.4,6.7,26.5,987,263,463,9.85
Dairy,Breakfast,16.8,17.6,32.3,7.2,36.3,661,925,487,7.54
Meat,Lunch,30.6,38.8,15.5,5.3,14.6,110,874,84,3.73
Dairy,Snack,1.0,83.5,16.8,1.7,16.6,331,515,156,2.94
Snacks,Snack,11.9,23.5,28.3,4.4,49.5,559,835,202,5.89
Snacks,Dinner,40.3,45.0,15.8,6.2,20.7,608,971,558,3.78
Vegetables,Lunch,42.8,65.0,1.6,9.3,45.3,871,688,499,0.35
Beverages,Dinner,28.6,52.9,43.1,1.7,20.3,922,825,519,9.56
Snacks,Snack,29.0,85.4,26.3,7.3,47.9,257,308,235,5.18
Dairy,Snack,34.1,27.1,42.6,7.8,49.9,178,172,295,10.28
Grains,Snack,25.0,94.3,31.2,5.3,13.3,447,350,323,6.51
Snacks,Lunch,46.1,9.8,48.3,3.2,19.3,0,399,245,14.11
Beverages,Dinner,15.5,86.6,31.3,0.7,26.4,782,655,407,5.9
Meat,Breakfast,47.9,16.0,24.1,4.8,38.4,743,618,485,6.56
Grains,Breakfast,25.1,40.9,1.4,9.8,6.8,670,223,427,0.35
Meat,Breakfast,15.7,8.9,45.6,6.4,34.1,617,260,277,11.62
Vegetables,Breakfast,31.6,59.5,34.0,4.9,8.6,499,324,493,8.1
Snacks,Breakfast,5.4,99.3,23.2,5.2,32.1,733,150,338,3.97
Vegetables,Dinner,14.9,51.5,29.4,6.8,43.8,266,563,574,5.69
Vegetables,Lunch,14.9,93.4,20.3,7.1,17.1,11,160,514,3.92
Meat,Snack,5.7,50.0,37.8,8.3,35.3,202,551,62,6.71
Fruits,Breakfast,7.7,23.9,26.9,5.6,26.3,647,820,196,5.42
Vegetables,Lunch,45.0,37.3,17.3,9.5,36.5,169,873,92,4.21
Snacks,Lunch,47.2,71.9,9.2,6.0,19.6,758,728,326,2.11
Fruits,Dinner,46.8,31.9,27.1,7.6,40.3,583,101,417,6.75
Beverages,Snack,32.7,23.0,3.4,9.0,31.8,661,401,465,0.85
Grains,Dinner,27.7,75.2,7.6,1.6,49.2,747,104,410,1.51
Meat,Snack,31.6,68.0,30.3,0.8,23.4,626,732,165,6.51
Meat,Breakfast,41.6,50.8,35.1,7.5,43.7,249,735,440,7.97
Beverages,Dinner,10.5,84.7,30.9,9.7,19.5,419,132,501,5.77
Meat,Dinner,38.0,87.7,42.0,5.2,37.3,806,151,337,8.69
Dairy,Breakfast,2.5,80.1,31.2,0.9,47.9,655,210,492,5.11
Beverages,Breakfast,45.1,40.7,36.0,9.6,22.8,938,105,159,8.85
Dairy,Dinner,9.1,20.9,42.8,8.6,42.9,392,707,481,8.75
Snacks,Snack,23.9,18.5,34.0,4.4,2.1,293,653,60,10.3
Grains,Snack,36.7,35.5,12.6,0.8,25.1,458,431,561,3.05
Beverages,Dinner,23.6,15.6,49.9,5.3,44.9,996,487,580,12.38
Snacks,Dinner,37.6,41.0,44.2,9.7,21.7,100,128,515,10.59
Snacks,Breakfast,40.0,17.9,10.4,2.7,7.5,241,966,406,3.04
Snacks,Breakfast,24.3,26.3,4.7,3.0,17.1,966,206,344,1.14
Dairy,Breakfast,4.6,32.7,34.9,5.7,38.0,898,943,98,6.27
Meat,Breakfast,40.7,81.6,44.6,5.3,40.5,6,877,141,9.39
Beverages,Dinner,29.8,6.3,7.6,1.1,23.4,545,471,138,2.19
Meat,Lunch,16.3,75.0,37.9,9.1,6.1,262,512,256,8.4
Beverages,Snack,30.4,70.3,25.9,8.1,46.2,172,323,267,5.3
Snacks,Breakfast,21.7,82.1,15.0,0.8,30.6,107,144,488,2.93
Vegetables,Dinner,28.6,39.7,25.3,9.2,25.9,523,201,364,5.77
Beverages,Lunch,34.8,36.9,43.0,2.8,26.3,565,362,521,10.22
Vegetables,Lunch,10.4,71.6,19.1,1.7,16.2,992,436,437,3.67
Vegetables,Breakfast,46.6,14.1,14.9,3.2,36.2,992,148,588,4.1
Beverages,Lunch,13.1,93.5,29.9,4.8,33.9,699,524,470,5.42
Fruits,Breakfast,1.6,47.7,24.5,1.1,0.5,41,558,343,6.02
Vegetables,Lunch,7.7,58.2,39.0,3.6,26.7,534,320,311,7.14
Snacks,Breakfast,39.6,56.8,29.1,7.5,48.3,933,122,413,6.41
Beverages,Breakfast,15.2,11.1,1.1,1.8,3.4,856,765,336,0.32
Fruits,Lunch,19.8,8.2,46.5,9.0,18.3,803,101,141,12.74
Grains,Lunch,35.6,30.5,17.7,8.1,34.4,851,201,268,4.29
Grains,Snack,44.7,76.7,28.5,7.3,30.0,586,782,287,6.24
Fruits,Lunch,13.4,16.8,28.8,1.6,37.3,187,743,473,6.52
Beverages,Snack,36.7,37.8,32.2,6.7,45.7,638,708,359,7.5
Vegetables,Snack,4.1,9.4,41.6,7.7,12.5,562,211,405,9.19
Beverages,Dinner,33.2,64.3,44.3,2.7,18.2,739,425,353,9.84
Meat,Dinner,46.9,73.7,21.9,8.0,22.5,432,860,531,4.95
Vegetables,Lunch,29.7,41.7,35.5,4.0,23.2,501,728,169,8.14
Beverages,Breakfast,32.3,75.8,3.3,8.0,17.2,956,874,328,0.72
Snacks,Breakfast,29.7,11.9,3.5,6.7,41.2,739,303,192,0.93
Beverages,Snack,28.8,79.4,31.2,9.4,37.5,494,935,80,6.28
Meat,Breakfast,35.6,35.4,46.9,1.7,18.3,805,560,180,11.52
Snacks,Lunch,17.2,28.1,48.7,0.7,2.3,612,794,206,13.35
Fruits,Breakfast,16.3,91.7,26.9,3.7,49.9,882,987,563,4.88
Snacks,Snack,16.2,12.3,5.6,9.6,22.7,197,480,363,1.4
Dairy,Dinner,17.1,44.3,31.7,3.0,9.0,284,978,299,7.19
Dairy,Lunch,45.3,39.1,10.8,5.4,7.2,356,753,300,2.92
Fruits,Snack,18.7,82.2,32.3,3.3,29.5,88,977,423,6.2
Fruits,Snack,6.8,64.7,27.3,0.9,1.9,895,623,546,6.46
Meat,Dinner,18.3,77.9,40.6,2.5,21.5,391,541,520,8.0
Grains,Breakfast,21.3,7.8,6.2,2.7,13.8,8,405,528,1.75
Beverages,Lunch,14.1,7.1,15.8,9.4,5.9,215,741,570,4.6
Fruits,Lunch,25.0,23.7,38.6,2.6,17.1,715,791,549,9.58
Beverages,Breakfast,40.5,18.7,23.7,3.6,49.0,980,286,84,6.17
Grains,Snack,20.0,34.8,2.4,4.6,48.4,145,137,475,0.51
Grains,Dinner,22.6,52.6,27.7,4.3,39.5,129,779,186,5.7
Beverages,Snack,44.1,56.3,40.6,6.0,30.4,297,373,435,9.31
Fruits,Breakfast,23.3,26.2,6.2,8.8,26.5,701,442,196,1.46
Beverages,Dinner,12.5,88.7,27.8,2.6,27.5,859,488,589,5.11
Dairy,Snack,33.4,81.9,19.9,9.0,43.6,970,424,166,4.05
Dairy,Lunch,12.0,18.8,25.0,10.0,0.4,769,741,214,7.48
Fruits,Snack,27.5,75.7,24.3,4.8,24.9,33,387,261,5.01
Vegetables,Breakfast,18.0,55.3,40.3,8.9,1.5,221,204,396,10.61
Dairy,Dinner,23.2,35.8,16.7,0.2,14.9,510,349,552,3.89
Dairy,Lunch,45.3,13.7,25.4,3.1,11.4,653,515,407,7.46
Grains,Breakfast,49.0,74.3,27.9,0.9,40.8,546,211,178,6.14
Beverages,Dinner,26.7,36.3,32.6,7.9,9.0,639,883,569,8.09
Fruits,Dinner,18.1,54.5,12.0,0.4,8.2,287,884,115,2.7
Dairy,Breakfast,21.6,83.9,9.8,7.6,3.0,205,967,457,2.38
Vegetables,Dinner,24.8,38.9,28.9,6.6,12.7,74,239,512,6.81
Grains,Dinner,37.0,8.8,4.0,9.9,24.3,866,692,259,1.14
Meat,Breakfast,3.7,93.0,6.7,5.2,10.6,861,804,392,1.26
Dairy,Breakfast,27.4,56.2,32.3,8.8,29.7,178,954,398,6.88
Grains,Breakfast,10.9,15.0,21.6,1.1,18.8,341,204,304,5.01
Grains,Breakfast,45.6,83.8,32.4,5.3,6.5,749,707,479,7.97
Fruits,Snack,6.6,36.2,14.2,2.0,46.6,317,476,62,2.59
Meat,Dinner,24.6,25.2,39.1,4.4,13.9,678,926,431,9.74
Grains,Dinner,42.4,13.4,43.1,4.4,3.3,130,170,167,13.89
Grains,Dinner,39.3,71.0,25.3,8.2,11.4,968,641,333,5.91
Dairy,Dinner,46.2,97.4,19.9,7.1,27.9,649,585,434,4.24
Beverages,Dinner,41.6,44.0,4.3,2.1,5.0,69,430,374,1.17
Meat,Lunch,22.0,47.8,23.9,9.9,40.4,807,709,443,4.96
Meat,Snack,29.7,24.8,13.8,5.6,49.6,289,617,79,3.3
Vegetables,Breakfast,13.1,55.6,44.5,7.9,10.5,819,701,432,9.37
Beverages,Snack,40.8,73.2,18.5,4.6,42.8,228,940,592,3.95
Vegetables,Breakfast,35.9,94.1,27.7,0.9,22.8,937,863,207,5.79
Dairy,Snack,31.1,53.4,24.0,4.0,45.2,729,165,51,5.15
Vegetables,Snack,14.4,58.1,40.4,0.6,47.2,776,740,475,7.63
Fruits,Breakfast,35.2,88.1,49.6,9.1,6.7,342,932,353,11.67
Meat,Snack,14.4,74.2,16.0,6.9,1.2,905,307,101,4.08
Beverages,Dinner,23.0,57.0,13.4,7.9,0.6,746,170,402,3.78
Snacks,Snack,19.9,64.0,5.3,0.7,49.9,843,604,425,1.03
Fruits,Breakfast,8.1,35.9,5.4,5.6,13.4,100,164,251,1.1
Grains,Dinner,4.2,55.0,16.5,5.4,32.6,940,396,501,2.87
Fruits,Breakfast,43.9,17.5,34.0,6.7,19.5,472,484,495,9.38
Meat,Snack,40.7,5.1,32.6,8.8,0.7,879,395,221,12.0
Meat,Lunch,39.9,45.4,31.3,3.1,6.3,34,334,128,8.25
Grains,Dinner,31.9,44.1,22.5,6.7,33.2,957,623,110,5.07
Beverages,Lunch,41.3,10.8,45.7,2.7,8.7,804,295,231,13.85
Snacks,Snack,44.0,62.8,8.8,7.3,47.3,517,462,185,1.94
Grains,Snack,11.3,51.4,28.0,9.9,28.5,509,685,294,5.36
Snacks,Lunch,43.1,85.0,30.7,9.7,28.8,209,385,90,6.6
Beverages,Dinner,33.5,26.0,37.7,8.4,21.1,838,149,397,9.51
Meat,Lunch,5.3,5.6,8.4,0.9,32.0,542,238,386,1.93
Grains,Dinner,32.6,16.0,4.2,1.3,34.4,75,375,309,1.1
Meat,Snack,30.6,78.6,43.3,0.6,43.0,519,588,507,8.75
Grains,Dinner,44.5,41.1,20.3,6.9,33.0,157,180,190,4.88
Dairy,Snack,22.1,47.4,35.6,0.1,5.4,327,760,253,8.73
Fruits,Snack,18.8,73.0,42.5,3.8,1.8,344,540,86,10.79
Snacks,Dinner,24.2,16.7,8.0,6.2,47.8,613,534,380,1.97
Dairy,Lunch,17.8,22.5,2.8,1.4,34.1,572,431,101,0.64
Snacks,Breakfast,47.3,27.3,8.5,3.0,45.9,79,930,583,2.16
Snacks,Lunch,49.9,71.1,5.3,4.3,43.3,517,171,570,1.18
Snacks,Snack,8.7,89.4,46.1,3.1,45.6,542,422,509,7.98
Meat,Lunch,19.6,97.2,39.0,7.8,30.3,347,606,328,7.38
Grains,Snack,34.5,92.9,27.7,10.0,49.2,783,369,72,5.53
Snacks,Snack,1.8,19.8,21.2,9.7,9.1,501,388,374,4.19
Dairy,Dinner,47.8,78.7,12.8,0.5,28.5,636,451,478,2.83
Snacks,Dinner,46.6,32.6,47.6,0.5,22.3,70,328,477,12.16
Meat,Dinner,11.9,59.4,11.9,1.7,39.5,146,435,473,2.21
Fruits,Dinner,30.9,76.4,24.9,5.7,8.6,249,183,497,5.72
Dairy,Dinner,7.0,48.9,28.0,8.6,3.6,818,511,80,6.34
Fruits,Dinner,24.8,30.7,44.1,9.5,12.8,358,580,515,10.76
Snacks,Breakfast,18.0,70.5,36.9,5.6,1.9,158,508,80,9.32
Vegetables,Lunch,25.0,84.2,42.2,2.7,42.6,145,179,55,8.21
Fruits,Snack,4.2,26.8,49.2,0.2,25.9,687,812,383,9.14
Beverages,Dinner,22.1,42.3,3.8,3.9,5.5,49,365,184,0.94
Meat,Breakfast,22.7,63.5,23.7,6.2,37.3,327,329,464,4.76
Dairy,Breakfast,30.0,84.7,25.3,4.6,49.7,905,265,306,5.01
Vegetables,Dinner,43.6,66.3,4.9,3.9,1.7,487,243,481,1.39
Fruits,Dinner,46.7,95.1,14.0,10.0,39.9,426,731,436,2.94
Vegetables,Dinner,17.2,84.9,22.0,8.5,5.0,490,323,194,4.95
Dairy,Lunch,4.2,38.7,20.0,7.5,6.9,743,659,111,4.13
Grains,Breakfast,29.9,33.2,16.1,0.7,33.6,603,851,252,3.75
Meat,Dinner,5.8,60.7,32.2,2.9,1.9,924,677,285,7.58
Grains,Lunch,46.7,54.6,44.2,7.6,45.0,609,757,520,10.1
Fruits,Breakfast,29.4,13.6,9.3,6.4,4.4,408,309,456,2.82
Beverages,Breakfast,38.3,78.7,47.4,7.5,39.3,315,766,107,9.95
Grains,Dinner,31.8,21.0,34.6,1.3,0.0,911,886,584,11.72
Beverages,Dinner,7.9,62.0,22.9,4.9,30.2,63,519,118,4.14
Meat,Lunch,20.3,19.3,42.6,2.9,18.8,303,812,520,10.48
Vegetables,Lunch,44.9,98.5,4.2,1.9,23.5,38,758,564,0.9
Snacks,Breakfast,8.1,61.7,34.2,3.1,11.8,815,883,106,6.73
Meat,Snack,5.7,54.7,15.3,0.1,38.3,548,500,95,2.68
Vegetables,Snack,14.5,28.7,34.0,2.8,43.8,44,716,410,7.12
Beverages,Lunch,11.6,18.4,28.0,4.7,16.3,974,307,93,6.43
Fruits,Snack,17.0,89.5,23.8,9.4,15.2,628,686,534,4.72
Vegetables,Snack,27.0,19.1,14.6,1.8,12.6,72,550,569,3.86
Meat,Snack,14.2,46.8,29.0,6.6,9.2,284,316,338,6.37
Beverages,Dinner,38.0,25.8,6.9,0.5,45.2,555,372,285,1.71
Beverages,Lunch,3.4,75.9,26.7,5.0,31.1,414,397,64,4.54
Dairy,Snack,11.8,10.4,7.8,6.4,29.0,4,771,363,1.88
Beverages,Lunch,24.0,82.0,6.6,2.7,43.7,934,232,227,1.28
Grains,Lunch,17.0,26.4,14.3,5.1,19.6,908,905,236,3.26
Dairy,Snack,45.8,33.5,8.8,9.7,44.4,959,781,169,2.16
Snacks,Snack,12.7,58.5,35.7,6.4,19.5,404,686,214,7.03
Beverages,Lunch,9.2,90.4,11.8,2.7,40.9,596,587,518,2.06
Grains,Snack,49.1,56.4,45.3,3.4,43.9,326,585,353,10.39
Dairy,Breakfast,1.6,17.2,12.6,2.6,13.5,100,640,134,2.38
Grains,Breakfast,12.4,85.9,21.2,4.8,3.4,498,744,151,4.84
Beverages,Breakfast,44.6,31.1,26.4,4.1,12.9,290,900,521,7.0
Dairy,Snack,16.8,64.3,34.3,0.7,21.4,619,663,270,6.85
Beverages,Dinner,17.0,76.3,30.6,4.1,42.8,564,866,125,5.74
Dairy,Dinner,49.1,27.3,42.7,8.2,24.2,356,106,279,11.2
Grains,Dinner,22.0,41.6,24.5,9.5,40.3,251,487,128,5.2
Meat,Lunch,15.8,26.3,16.1,5.8,15.4,183,604,311,3.69
Grains,Dinner,35.6,92.1,16.4,3.5,32.9,552,120,156,3.36
Grains,Snack,39.7,12.5,20.2,4.5,19.5,104,502,315,5.7
Dairy,Breakfast,38.6,30.7,7.9,9.3,30.5,186,194,257,1.95
Beverages,Breakfast,5.2,76.2,40.2,3.5,32.8,499,649,297,6.94
Dairy,Breakfast,16.4,8.4,20.0,2.7,18.2,519,545,442,5.34
Beverages,Breakfast,20.2,91.5,19.3,4.5,24.2,162,356,476,3.74
Fruits,Snack,18.4,75.7,4.5,8.5,47.3,702,916,560,0.85
Beverages,Dinner,13.7,97.5,23.9,3.7,32.7,677,867,399,4.34
Vegetables,Lunch,29.5,97.4,48.0,5.0,24.8,909,741,392,9.67
Vegetables,Snack,33.3,42.1,32.4,1.4,13.1,971,385,76,7.87
Dairy,Snack,14.0,79.3,34.8,3.0,43.6,614,140,461,6.35
Fruits,Dinner,34.1,19.6,24.7,2.4,16.1,19,699,297,6.6
Meat,Dinner,2.7,28.8,8.2,6.4,7.2,24,613,195,1.67
Vegetables,Snack,32.7,99.4,9.3,9.4,18.7,409,304,292,1.93
Beverages,Snack,7.0,44.8,23.6,9.7,49.0,80,972,344,4.23
Meat,Breakfast,41.9,35.1,15.0,7.7,25.5,788,133,417,3.7
Beverages,Lunch,2.2,29.2,7.2,8.4,19.1,452,221,158,1.3
Fruits,Lunch,46.1,21.9,14.9,5.2,15.2,398,364,170,4.1
Meat,Snack,16.1,62.7,4.8,2.4,20.0,499,781,62,0.96
Meat,Snack,9.5,61.3,4.6,8.5,14.1,34,338,445,0.9
Vegetables,Dinner,35.2,55.9,44.4,2.1,40.1,14,333,186,9.7
Meat,Dinner,43.1,9.6,26.1,4.1,24.5,145,154,279,7.5
Snacks,Snack,41.4,96.1,40.5,9.1,10.0,190,105,295,9.24
Fruits,Lunch,2.2,58.1,37.4,7.9,17.7,473,314,454,6.64
Meat,Snack,24.6,23.8,42.6,8.9,32.4,634,871,57,10.14
Dairy,Breakfast,46.9,78.5,27.7,2.4,5.3,699,261,269,7.04
Beverages,Breakfast,11.1,56.9,24.7,5.3,32.7,199,644,583,4.63
Meat,Snack,45.8,81.1,1.4,7.3,6.5,116,564,54,0.35
Vegetables,Snack,49.4,63.0,6.9,5.6,30.4,119,811,274,1.58
Meat,Breakfast,21.2,21.4,34.3,10.0,6.6,622,232,577,9.13
Beverages,Snack,36.6,10.4,1.7,2.0,14.0,582,609,423,0.49
Snacks,Breakfast,21.4,95.9,6.7,5.3,10.3,523,182,80,1.41
Meat,Lunch,8.0,86.9,25.0,5.3,20.1,792,283,79,4.56
Dairy,Lunch,13.2,30.5,48.0,7.5,46.6,845,952,70,9.79
Fruits,Breakfast,5.2,95.7,11.8,2.4,16.7,159,303,197,2.13
Meat,Breakfast,29.7,45.8,34.2,5.0,27.4,482,885,247,7.65
Fruits,Lunch,22.5,57.6,46.7,0.7,13.3,152,953,163,10.22
Vegetables,Lunch,28.7,37.9,20.6,3.3,32.3,471,537,525,4.68
Fruits,Breakfast,41.3,61.6,34.2,2.9,1.1,974,802,367,9.97
Beverages,Dinner,46.5,84.5,23.6,4.4,47.1,435,765,589,5.01
Dairy,Breakfast,18.8,42.0,11.3,1.8,17.4,194,563,446,2.46
Beverages,Breakfast,14.4,49.1,18.0,3.6,37.0,620,844,433,3.52
Meat,Snack,36.7,28.8,4.4,6.7,7.4,892,901,377,1.2
Beverages,Dinner,33.9,34.5,13.5,1.0,40.4,648,853,109,3.16
Meat,Dinner,46.8,69.3,18.8,5.0,36.5,287,999,565,4.17
Grains,Snack,18.0,92.2,1.6,1.7,8.4,82,328,94,0.34
Dairy,Breakfast,7.2,59.8,41.9,2.2,38.6,207,152,510,7.43
Vegetables,Breakfast,28.0,97.5,9.0,2.2,30.0,379,771,363,1.78
Grains,Snack,20.2,84.7,24.7,9.6,35.2,876,221,174,4.72
Meat,Dinner,23.2,49.5,37.3,8.3,13.4,379,373,425,8.37
Beverages,Snack,20.1,25.8,30.7,3.9,40.9,334,998,251,6.91
Dairy,Lunch,37.2,48.0,49.0,4.7,19.5,13,781,279,11.52
Meat,Breakfast,11.7,9.4,13.5,2.7,45.4,763,816,488,3.23
Vegetables,Dinner,36.7,88.0,38.9,0.6,41.8,752,186,138,7.95
Dairy,Breakfast,41.0,27.7,16.0,2.2,28.0,689,594,315,4.05
Beverages,Lunch,25.5,10.2,6.8,7.6,39.2,451,993,115,1.81
Snacks,Dinner,42.0,56.1,42.8,7.3,37.3,250,646,342,9.65
Beverages,Breakfast,19.3,41.1,4.2,0.5,28.0,861,897,373,0.89
Beverages,Dinner,10.4,20.0,25.0,5.8,23.4,668,669,322,5.43
Beverages,Breakfast,5.1,92.7,43.0,2.2,17.1,641,314,357,7.76
Snacks,Breakfast,1.4,10.6,25.4,3.8,16.2,944,798,389,4.82
Beverages,Lunch,28.0,65.3,13.6,9.1,31.1,373,824,488,2.83
Fruits,Dinner,16.7,79.1,29.5,4.5,17.1,964,943,124,5.86
Fruits,Lunch,48.0,57.2,7.5,1.9,2.9,646,314,531,2.11
Grains,Snack,7.2,77.6,46.6,2.8,10.9,809,995,93,9.04
Dairy,Breakfast,32.0,97.4,4.7,5.9,26.5,634,657,597,0.95
Grains,Breakfast,32.3,7.1,29.2,7.5,30.2,957,814,363,8.3
Meat,Snack,43.3,24.1,9.3,4.1,13.4,64,971,64,2.53
Snacks,Breakfast,36.6,27.5,25.0,4.5,32.1,106,873,593,6.2
Meat,Snack,22.7,12.3,28.8,5.3,30.8,691,897,528,7.45
Beverages,Breakfast,37.1,36.4,8.2,5.3,47.8,982,160,208,1.92
Grains,Lunch,29.5,43.1,22.1,7.9,45.4,213,287,474,4.86
Grains,Lunch,29.7,81.5,31.0,1.8,0.5,496,878,531,8.7
Vegetables,Breakfast,41.4,25.8,31.6,6.7,12.7,905,802,449,8.51
Meat,Dinner,24.0,67.5,21.7,9.1,4.1,560,210,106,5.29
Meat,Dinner,4.7,24.9,31.6,7.8,1.4,915,287,406,7.94
Beverages,Snack,40.6,96.6,3.5,1.4,22.4,341,377,375,0.74
Grains,Breakfast,15.5,51.3,12.9,7.1,33.1,862,263,143,2.55
Dairy,Breakfast,14.8,21.0,14.2,4.4,30.2,241,615,134,3.19
Beverages,Lunch,39.2,57.2,8.4,1.5,47.3,776,659,90,1.85
Dairy,Lunch,14.8,98.2,1.1,0.0,27.3,546,513,312,0.2
Vegetables,Lunch,45.9,38.6,37.5,3.2,22.7,337,309,400,9.32
Grains,Lunch,28.5,20.1,4.1,8.8,0.4,155,987,424,1.35
Fruits,Dinner,48.6,45.4,32.9,3.9,19.0,140,849,592,8.15
Fruits,Lunch,29.3,78.7,46.5,5.2,3.6,3,486,363,11.55
Dairy,Lunch,16.3,29.1,21.2,3.7,46.6,49,962,380,4.5
Fruits,Dinner,32.6,60.6,40.7,7.9,4.4,772,837,169,10.38
Grains,Dinner,11.5,31.7,13.5,2.7,19.4,259,983,408,2.83
Snacks,Dinner,29.9,41.8,23.3,3.9,32.2,444,999,243,5.25
Grains,Dinner,7.0,25.4,11.1,8.6,29.8,494,357,237,2.17
Grains,Breakfast,33.9,10.8,26.7,2.7,49.4,742,549,578,7.22
Meat,Lunch,31.4,63.9,38.1,1.0,42.2,185,190,554,7.98
Grains,Breakfast,25.9,83.0,6.1,0.4,36.3,693,901,427,1.2
Grains,Lunch,32.9,93.7,30.9,1.9,0.3,549,880,128,8.75
Meat,Dinner,8.4,8.2,45.9,0.3,4.4,162,340,557,12.61
Vegetables,Snack,35.8,48.3,23.6,4.5,45.7,623,835,368,5.26
Beverages,Lunch,44.7,80.1,11.0,9.5,5.4,640,675,280,2.77
Vegetables,Dinner,38.4,25.4,24.3,5.8,47.8,177,361,473,6.04
Beverages,Lunch,8.5,71.9,21.8,6.8,5.6,756,264,286,4.64
Meat,Lunch,20.9,20.0,45.3,3.9,44.6,365,878,87,10.64
Dairy,Snack,3.1,12.1,49.1,3.7,1.2,557,608,582,12.73
Beverages,Snack,30.7,21.6,37.2,5.6,20.7,423,175,370,9.52
Fruits,Dinner,44.4,67.9,7.6,2.7,5.6,892,113,269,1.95
Grains,Dinner,26.1,75.1,45.5,5.6,1.0,504,980,230,12.36
Fruits,Lunch,34.4,71.9,31.0,2.7,12.0,169,476,226,7.05
Beverages,Breakfast,1.3,32.2,38.4,0.8,14.7,661,951,437,6.95
Snacks,Breakfast,42.7,9.0,31.8,8.4,46.5,803,985,207,8.94
Grains,Snack,18.0,13.2,12.1,7.6,31.9,987,461,380,2.99
Vegetables,Dinner,3.2,60.3,18.4,0.3,21.2,152,787,185,3.25
Vegetables,Breakfast,44.0,93.6,17.9,2.2,45.8,655,723,301,3.71
Vegetables,Breakfast,47.7,8.5,2.9,8.1,5.9,414,353,543,0.93
Vegetables,Breakfast,33.5,81.4,25.1,0.8,22.5,761,959,223,5.31
Grains,Snack,35.0,11.2,26.9,0.1,38.1,593,430,520,7.34
Dairy,Lunch,36.9,79.0,4.3,6.3,37.0,981,123,595,0.9
Grains,Breakfast,46.1,45.2,28.5,9.1,19.1,687,199,508,7.0
Snacks,Snack,5.2,46.5,46.7,6.8,16.2,400,808,594,8.8
Snacks,Breakfast,36.0,50.4,26.3,4.4,34.3,889,735,204,5.9
Snacks,Snack,3.4,72.2,27.2,2.1,12.6,964,438,506,5.03
Snacks,Breakfast,23.1,61.4,2.3,7.1,3.7,941,247,564,0.57
Beverages,Breakfast,18.7,12.5,35.5,4.5,16.5,278,464,501,9.24
Dairy,Dinner,36.7,62.6,33.5,3.8,25.0,273,365,583,7.42
Grains,Lunch,5.0,65.4,48.1,5.9,24.3,885,522,76,8.54
Snacks,Dinner,43.3,7.2,45.5,6.6,29.1,883,594,333,13.23
Vegetables,Snack,41.4,25.3,27.2,7.1,27.1,658,384,114,7.0
Dairy,Dinner,32.9,59.5,15.5,9.3,27.7,853,276,318,3.38
Vegetables,Breakfast,8.1,93.7,41.1,7.6,17.3,270,367,243,7.57
Vegetables,Breakfast,18.2,60.7,33.7,1.1,43.1,439,380,107,6.56
Meat,Snack,45.5,96.8,23.1,5.6,6.7,666,258,212,5.55
Grains,Lunch,9.5,10.7,4.3,6.7,2.0,109,617,114,1.24
Vegetables,Snack,33.6,28.4,18.0,2.2,27.7,790,261,421,4.42
Vegetables,Lunch,33.9,76.4,29.8,0.6,13.0,453,508,217,6.66
Vegetables,Lunch,24.4,93.2,5.2,3.6,19.9,359,133,139,1.04
Dairy,Breakfast,49.4,90.7,38.6,4.7,19.0,829,727,117,8.62
Meat,Dinner,30.9,82.5,17.5,7.1,20.0,845,231,511,3.68
Vegetables,Breakfast,26.4,20.7,2.4,6.6,17.7,103,565,344,0.61
Meat,Dinner,42.9,74.7,25.7,4.5,48.8,722,825,570,5.49
Meat,Lunch,15.8,26.2,48.2,4.0,3.8,732,764,433,12.63
Beverages,Dinner,37.5,42.5,23.8,2.5,2.0,342,211,531,6.92
Grains,Lunch,20.4,23.3,8.6,9.1,5.8,778,520,255,2.28
Beverages,Dinner,1.3,59.3,24.4,5.4,20.2,675,500,522,4.22
Snacks,Breakfast,27.9,50.7,4.0,8.9,23.7,674,365,355,0.88
Beverages,Dinner,38.7,10.3,34.6,9.2,14.5,511,557,399,10.09
Fruits,Dinner,27.2,13.7,31.7,0.7,45.1,197,948,375,8.16
Fruits,Dinner,42.7,82.9,1.4,2.8,2.7,307,442,444,0.37
Grains,Lunch,42.3,7.8,24.9,0.1,41.2,344,882,359,7.1
Vegetables,Snack,36.1,79.6,44.7,5.9,18.5,507,789,120,9.73
Beverages,Lunch,14.3,81.4,11.2,4.9,23.0,359,832,426,2.13
Beverages,Dinner,3.2,54.2,41.5,1.4,36.7,242,309,243,7.06
Dairy,Snack,45.8,62.5,32.4,3.6,41.9,122,233,274,7.24
Fruits,Dinner,38.0,29.3,3.5,5.0,2.6,645,328,551,1.05
Meat,Dinner,16.6,55.6,27.6,6.6,10.7,455,485,277,5.96
Beverages,Breakfast,22.9,70.2,2.1,2.8,14.3,239,427,352,0.45
Grains,Dinner,48.7,30.5,25.1,2.1,6.2,420,406,152,7.17
Snacks,Lunch,46.4,50.3,3.8,4.2,14.9,947,774,600,0.94
Dairy,Snack,29.3,51.3,11.7,4.2,38.5,208,848,175,2.52
Vegetables,Lunch,39.6,8.9,16.9,2.0,24.3,333,200,319,4.85
Beverages,Dinner,15.0,89.8,19.4,4.6,37.5,109,795,249,3.55
Grains,Snack,18.1,36.4,39.4,8.4,8.8,504,699,181,9.26
Dairy,Snack,24.9,72.4,13.4,6.6,26.2,745,189,508,2.73
Meat,Lunch,26.8,26.2,34.9,5.1,20.8,909,842,349,8.51
Meat,Lunch,27.7,41.7,48.8,4.1,37.8,667,656,380,10.77
Fruits,Breakfast,38.4,47.9,14.9,0.4,1.4,490,543,582,4.38
Meat,Breakfast,20.1,52.5,12.7,2.9,5.3,300,857,261,3.04
Meat,Snack,39.5,25.6,47.0,4.9,43.9,896,817,169,11.74
Fruits,Lunch,41.5,24.9,45.3,3.9,7.3,678,616,215,12.82
Fruits,Lunch,16.7,45.4,37.3,2.7,42.4,573,244,585,7.47
Meat,Breakfast,21.6,61.3,3.7,7.7,33.5,867,616,140,0.75
Dairy,Breakfast,26.6,59.3,16.6,1.6,9.0,945,983,182,3.85
Meat,Snack,14.0,8.3,29.1,4.6,29.4,987,664,370,7.41
Dairy,Breakfast,22.5,56.6,27.6,7.3,22.3,673,857,209,5.81
Vegetables,Breakfast,16.6,47.2,39.0,5.1,27.5,415,783,362,7.95
Snacks,Lunch,18.8,30.1,30.9,4.8,21.2,614,649,125,6.97
Meat,Snack,19.9,81.2,9.9,1.1,27.9,934,798,361,1.92
Meat,Snack,6.5,6.6,28.2,9.3,34.6,684,776,350,6.54
Fruits,Lunch,36.4,23.0,46.4,9.9,24.3,704,375,600,11.95
Meat,Snack,21.8,50.3,47.9,1.1,38.8,947,509,163,9.87
Beverages,Dinner,6.7,34.8,5.1,9.2,27.7,550,866,367,0.96
Dairy,Snack,31.9,51.7,15.3,3.3,10.3,425,875,147,3.66
Dairy,Breakfast,49.5,39.5,39.1,2.0,8.7,995,738,330,10.52
Dairy,Dinner,21.6,46.9,30.3,5.2,20.7,612,284,338,6.55
Meat,Snack,40.1,76.1,13.9,2.6,38.9,712,132,440,2.96
Grains,Snack,38.7,28.8,43.5,3.6,17.5,933,960,577,11.18
Snacks,Dinner,30.7,80.6,39.7,6.0,41.3,700,819,121,8.01
Meat,Breakfast,28.4,79.5,49.9,7.0,11.2,821,483,261,10.98
Dairy,Lunch,40.3,81.6,33.3,1.6,42.6,534,744,511,6.98
Vegetables,Breakfast,2.5,59.5,8.6,7.5,27.1,887,422,173,1.48
Fruits,Dinner,1.5,58.8,45.2,9.4,44.3,269,323,226,7.4
Vegetables,Dinner,33.5,90.5,36.1,8.8,43.3,707,195,430,7.24
Snacks,Dinner,30.7,11.9,43.2,2.2,48.4,231,273,156,11.45
Dairy,Lunch,12.2,7.4,20.9,8.2,34.4,269,104,321,5.26
Snacks,Breakfast,33.8,75.7,28.0,0.3,19.0,698,795,398,6.07
Snacks,Dinner,35.8,68.9,6.7,9.8,36.2,826,698,363,1.43
Grains,Snack,45.1,41.0,22.1,4.6,2.1,24,131,299,6.59
Snacks,Dinner,8.3,85.8,28.9,4.4,35.1,32,828,263,5.07
Grains,Breakfast,2.0,77.9,20.6,7.1,33.8,307,671,530,3.43
Meat,Dinner,45.7,98.1,22.5,4.8,40.6,199,547,93,4.69
Snacks,Breakfast,17.2,39.0,13.9,9.7,0.7,363,601,337,3.93
Vegetables,Dinner,18.2,6.2,7.8,7.2,41.7,590,386,148,2.09
Fruits,Dinner,44.2,71.1,36.2,9.9,42.0,792,665,224,7.88
Meat,Breakfast,18.7,58.8,44.1,6.7,13.2,547,722,280,9.4
Fruits,Lunch,32.0,61.8,31.1,8.2,39.9,42,692,303,6.59
Snacks,Lunch,24.0,57.3,15.3,5.9,35.9,848,393,254,3.15
Meat,Dinner,40.2,14.3,29.2,4.7,41.7,359,753,584,7.87
Dairy,Dinner,8.1,11.2,41.1,6.2,36.4,558,258,428,9.12
Beverages,Lunch,40.5,53.3,30.0,3.9,8.9,218,217,368,7.5
Vegetables,Lunch,48.8,75.8,34.0,7.1,1.6,678,954,494,9.66
Grains,Breakfast,36.6,32.4,41.6,5.1,10.4,855,572,565,10.85
Meat,Lunch,21.3,61.9,15.0,8.9,38.0,280,254,443,2.99
Vegetables,Snack,7.1,12.6,24.8,2.5,20.7,355,930,97,5.48
Vegetables,Snack,4.0,35.0,16.4,4.2,16.5,727,820,483,3.09
Vegetables,Lunch,46.5,36.4,22.4,0.5,43.7,812,768,447,5.45
Fruits,Breakfast,4.5,13.3,38.1,0.9,2.6,710,136,253,9.59
Snacks,Snack,14.1,100.0,28.1,4.5,14.9,595,648,270,5.44
Grains,Snack,2.8,91.9,3.4,0.6,3.8,632,504,75,0.72
Vegetables,Breakfast,22.4,92.7,42.8,5.9,4.8,644,687,331,9.84
Dairy,Dinner,23.5,9.7,21.2,4.4,30.0,602,951,73,5.67
Dairy,Lunch,33.0,95.5,15.1,5.1,5.2,709,674,442,3.58
Vegetables,Dinner,33.1,46.6,45.4,3.7,23.4,56,296,174,10.4
Beverages,Dinner,7.1,92.5,32.9,4.0,42.8,350,410,376,5.63
Snacks,Dinner,12.6,82.8,32.8,8.7,33.9,320,740,516,5.98
Fruits,Breakfast,18.0,7.4,26.2,6.3,32.2,842,265,526,6.96
Meat,Dinner,25.5,27.9,18.0,1.0,44.1,591,647,73,4.15
Snacks,Dinner,37.0,17.4,15.5,3.7,43.1,153,480,153,4.04
Meat,Breakfast,35.9,57.3,45.6,2.9,3.1,296,294,77,12.26
Snacks,Dinner,46.0,22.6,47.3,5.5,36.0,655,771,571,12.36
Beverages,Lunch,43.4,99.8,39.0,4.2,28.0,693,156,519,8.2
Snacks,Breakfast,3.8,36.8,47.9,2.8,33.1,217,264,358,8.47
Snacks,Dinner,21.4,21.7,29.6,1.9,18.3,208,990,372,7.23
Beverages,Dinner,5.7,21.7,8.7,8.1,25.5,118,363,517,1.71
Snacks,Breakfast,42.4,92.1,39.3,5.9,24.3,986,172,204,8.41
Snacks,Dinner,20.1,94.2,37.7,3.4,18.7,402,902,378,7.44
Grains,Lunch,25.1,83.1,48.1,8.3,42.5,780,155,428,9.38
Fruits,Dinner,24.1,84.1,41.0,8.4,19.6,52,914,500,8.34
Beverages,Lunch,47.7,77.3,48.5,6.4,19.8,587,502,178,11.01
Vegetables,Dinner,1.3,57.4,49.3,8.7,47.0,885,801,597,8.03
Snacks,Dinner,24.5,89.3,41.9,0.2,43.6,48,501,364,8.06
Dairy,Lunch,28.5,14.2,46.7,9.3,24.4,947,689,311,12.37
Beverages,Snack,14.0,83.6,17.2,4.2,36.4,943,678,509,3.15
Grains,Snack,33.4,71.1,12.1,1.4,23.2,459,870,591,2.6
Fruits,Snack,48.4,25.2,49.3,8.6,4.1,464,433,363,14.9
Grains,Lunch,30.3,70.4,22.4,2.2,47.2,527,647,211,4.58
Meat,Snack,8.7,20.6,44.3,0.2,27.5,561,368,262,9.23
Snacks,Snack,39.0,65.1,23.1,2.5,41.0,293,551,560,5.0
Vegetables,Dinner,30.7,42.6,8.6,2.4,18.5,549,305,366,2.01
Dairy,Snack,46.0,56.4,49.0,2.6,43.3,861,420,51,11.13
Dairy,Lunch,16.3,77.5,13.0,7.1,9.4,712,144,312,2.74
Fruits,Breakfast,2.0,17.7,35.4,5.1,37.9,422,558,586,6.24
Snacks,Dinner,34.5,85.8,40.8,7.1,2.9,414,988,517,10.44
Beverages,Lunch,19.6,12.7,16.6,9.8,37.7,784,979,219,4.15
Fruits,Breakfast,1.8,50.6,22.0,4.2,20.4,659,783,578,3.84
Dairy,Lunch,6.8,15.3,40.5,1.5,27.2,694,949,431,8.49
Vegetables,Snack,49.2,25.1,11.5,6.3,36.4,113,527,275,2.99
Fruits,Breakfast,19.6,61.0,28.4,7.3,19.9,422,447,215,5.85
Vegetables,Snack,28.5,70.0,40.5,6.4,18.6,512,814,467,8.67
Snacks,Snack,42.9,71.4,34.9,5.4,2.9,891,230,422,9.39
Vegetables,Breakfast,42.2,37.0,33.3,4.2,28.5,551,446,105,8.12
Dairy,Lunch,49.1,28.4,3.7,1.4,36.3,944,795,459,0.95
Beverages,Lunch,23.8,69.1,24.9,9.5,38.8,232,604,433,4.97
Meat,Lunch,32.5,5.2,2.2,2.2,29.4,971,961,578,0.64
Fruits,Breakfast,32.1,40.3,20.8,0.2,18.1,748,391,443,4.93
Grains,Dinner,9.3,11.6,19.9,7.3,27.5,647,297,96,4.56
Meat,Dinner,43.8,67.2,10.5,0.8,16.2,402,802,530,2.44
Vegetables,Dinner,15.3,8.1,30.5,1.3,37.5,725,707,337,7.8
Dairy,Snack,42.8,84.6,30.9,4.5,34.1,472,463,495,6.58
Snacks,Lunch,41.3,70.6,7.4,6.7,21.7,421,476,593,1.65
Vegetables,Breakfast,10.3,36.7,1.1,1.1,0.8,756,978,133,0.3
Dairy,Dinner,44.0,46.5,22.4,5.9,27.3,523,749,66,5.32
Beverages,Snack,8.0,79.6,38.4,5.4,14.1,691,876,90,7.29
Grains,Lunch,34.8,93.0,1.0,3.6,39.6,620,137,295,0.2
Grains,Breakfast,49.2,84.5,36.8,2.5,33.9,589,458,335,8.01
Vegetables,Snack,14.6,59.1,34.2,4.2,44.0,34,970,314,6.48
Vegetables,Snack,39.6,82.1,42.0,2.6,40.5,351,219,274,8.79
Snacks,Lunch,40.0,83.9,7.5,3.5,46.8,573,794,459,1.56
Dairy,Breakfast,33.7,69.7,33.3,8.6,27.0,618,562,442,7.13
Vegetables,Snack,34.6,49.0,34.3,3.5,10.0,872,511,155,8.39
Vegetables,Breakfast,25.4,34.0,44.2,3.0,1.0,351,810,224,13.1
Vegetables,Lunch,8.2,36.8,9.3,6.3,38.6,377,915,259,1.75
Meat,Dinner,13.0,62.1,37.9,6.1,4.2,468,170,402,8.72
Dairy,Dinner,8.0,57.1,43.5,7.6,30.2,608,554,98,7.93
Snacks,Snack,17.3,56.2,47.6,8.2,32.2,551,443,263,9.44
Beverages,Snack,15.2,58.3,1.2,4.3,24.5,702,742,252,0.24
Vegetables,Snack,14.1,62.7,48.7,8.7,38.5,603,860,514,9.19
Meat,Breakfast,19.4,48.6,26.4,6.7,29.5,996,976,513,5.46
Vegetables,Breakfast,22.3,76.2,16.6,1.2,36.7,938,865,308,3.25
Vegetables,Snack,15.3,50.3,40.2,0.2,32.9,398,826,526,7.95
Dairy,Breakfast,48.1,5.9,24.3,2.4,19.4,948,217,57,7.33
Beverages,Snack,29.8,50.9,37.2,4.6,21.9,544,580,238,8.31
Vegetables,Lunch,43.6,75.3,8.9,4.0,34.4,52,624,389,1.93
Vegetables,Lunch,49.9,71.4,46.0,6.3,10.6,494,152,581,11.19
Grains,Breakfast,21.6,84.4,8.7,8.5,30.0,215,462,427,1.69
Beverages,Lunch,37.3,18.0,9.4,1.8,26.7,863,109,395,2.49
Meat,Dinner,35.6,78.0,7.0,3.2,5.9,858,807,59,1.7
Grains,Lunch,1.4,25.5,4.2,9.2,11.5,726,288,232,0.79
Vegetables,Breakfast,25.6,61.7,39.1,8.9,16.7,633,115,50,8.47
Fruits,Snack,19.1,72.8,6.0,7.2,31.0,770,121,299,1.17
Grains,Snack,15.9,98.7,24.6,3.0,49.2,687,743,320,4.42
Snacks,Lunch,29.0,25.9,40.0,4.4,11.3,960,862,140,10.34
Snacks,Lunch,10.0,79.4,28.1,9.3,21.4,777,364,389,5.21
Grains,Snack,22.7,93.0,6.4,7.4,20.9,320,746,71,1.27
Dairy,Breakfast,39.2,23.6,39.6,1.4,10.8,694,245,60,10.84
Beverages,Breakfast,5.3,8.8,2.7,1.1,33.3,484,237,465,0.58
Snacks,Snack,22.7,62.2,38.2,8.2,41.1,418,385,321,7.66
Meat,Breakfast,33.6,86.6,25.6,2.8,48.5,154,414,351,5.14
Grains,Breakfast,11.6,83.9,1.3,7.7,29.1,506,272,470,0.24
Dairy,Breakfast,31.8,6.4,10.4,2.5,31.6,247,206,227,2.97
Beverages,Dinner,43.2,32.6,14.7,0.8,14.0,608,732,599,3.83
Grains,Dinner,33.7,33.6,28.0,2.8,2.3,490,611,405,8.19
Vegetables,Snack,22.3,20.9,2.3,2.8,24.0,310,632,513,0.56
Snacks,Breakfast,12.6,16.3,27.4,6.9,3.0,210,290,437,7.55
Dairy,Snack,47.3,91.5,2.1,4.8,16.9,60,340,468,0.47
Meat,Snack,4.6,67.9,13.3,2.2,23.5,477,558,95,2.35
Fruits,Lunch,25.0,94.1,36.1,5.2,43.4,847,827,327,6.92
Grains,Dinner,46.2,15.2,28.2,7.8,11.1,795,554,163,8.24
Vegetables,Snack,34.1,10.1,17.5,3.9,22.9,530,851,559,4.92
Beverages,Dinner,48.2,53.7,40.8,3.5,18.2,156,896,212,9.87
Meat,Dinner,34.3,21.5,50.0,3.0,37.6,269,945,557,12.62
Fruits,Snack,30.9,86.7,36.9,0.1,47.8,291,805,182,7.33
Grains,Lunch,39.8,24.2,25.8,3.6,22.7,921,827,267,6.71
Grains,Lunch,21.7,64.5,17.4,4.9,28.6,438,736,372,3.52
Dairy,Dinner,49.2,69.7,42.4,0.8,38.6,687,613,158,9.46
Meat,Dinner,38.1,88.9,15.8,8.3,30.3,757,524,93,3.3
Grains,Lunch,27.1,41.5,1.2,10.0,39.6,862,853,60,0.26
Meat,Snack,7.1,73.5,9.0,3.6,44.2,518,675,87,1.56
Meat,Lunch,17.2,65.3,21.1,0.9,11.3,601,280,197,4.46
Vegetables,Snack,36.2,77.0,35.4,8.1,14.0,197,598,93,7.92
Snacks,Snack,17.1,24.2,21.3,1.3,42.4,915,736,311,4.71
Snacks,Lunch,8.5,67.2,48.1,1.3,37.1,250,542,597,8.59
Dairy,Lunch,20.0,79.8,30.2,0.0,12.0,150,589,480,6.32
Fruits,Snack,34.3,40.4,2.4,1.3,21.9,980,962,240,0.57
Meat,Breakfast,27.3,94.6,10.9,4.9,23.0,285,149,553,2.19
Vegetables,Snack,3.6,22.6,35.6,7.0,17.2,629,780,460,6.85
Fruits,Dinner,43.8,94.3,17.4,7.1,6.2,523,730,211,4.21
Beverages,Snack,21.3,57.5,28.3,4.2,4.5,567,299,485,6.87
Beverages,Snack,14.3,14.3,41.7,5.8,18.2,423,894,306,10.18
Beverages,Lunch,2.5,31.3,33.1,7.3,44.2,797,630,314,5.66
Meat,Snack,37.5,96.9,42.1,4.6,31.8,118,184,544,8.64
Vegetables,Dinner,47.0,74.9,11.5,8.8,19.9,851,363,55,2.62
Snacks,Dinner,11.5,85.7,37.9,6.4,37.5,650,769,163,6.8
Grains,Lunch,13.9,73.0,24.5,8.8,43.3,764,333,87,4.51
Fruits,Breakfast,5.0,73.0,44.4,1.5,31.2,460,976,134,7.69
Dairy,Breakfast,31.3,85.3,25.7,0.4,25.7,830,536,524,5.3
Grains,Dinner,32.8,38.2,24.5,1.4,9.0,346,354,140,6.22
Fruits,Breakfast,38.6,11.2,44.1,2.3,37.5,349,596,345,12.16
Vegetables,Lunch,17.8,79.1,27.0,4.2,30.7,192,863,314,5.16
Fruits,Breakfast,45.6,22.4,8.4,0.4,36.4,776,770,568,2.19
Meat,Breakfast,25.5,28.4,23.9,8.5,15.1,579,141,330,5.84
Dairy,Dinner,20.5,6.4,17.9,6.8,13.9,734,994,178,5.13
Grains,Breakfast,6.3,62.7,15.9,6.7,35.3,498,433,373,2.8
Beverages,Snack,47.1,18.9,40.9,1.7,15.7,29,247,177,11.44
Snacks,Dinner,5.9,17.5,34.8,4.2,33.4,515,552,419,6.94
Dairy,Snack,16.4,6.9,29.2,1.6,47.5,541,971,287,7.61
Beverages,Breakfast,33.8,76.1,5.8,9.1,7.7,804,618,580,1.36
Fruits,Dinner,34.6,19.4,20.0,9.0,7.9,727,357,453,5.66
Dairy,Lunch,2.4,65.8,5.2,1.3,28.5,745,637,401,0.88
Fruits,Snack,12.8,25.9,12.2,0.4,11.5,113,471,213,2.79
Meat,Lunch,41.3,64.1,41.0,8.6,35.7,999,556,76,9.04
Dairy,Breakfast,9.4,6.9,33.1,3.7,43.6,445,507,524,8.0
Fruits,Snack,8.6,88.4,1.4,5.7,6.6,22,306,560,0.29
Snacks,Breakfast,20.5,33.6,14.4,2.5,10.8,38,580,311,3.42
Vegetables,Dinner,33.8,10.3,23.6,9.5,37.6,160,580,351,6.47
Dairy,Breakfast,35.5,26.4,26.9,9.6,2.1,293,532,292,8.21
Dairy,Breakfast,6.1,74.2,38.2,3.9,26.7,740,874,458,6.76
Beverages,Lunch,28.3,50.8,37.6,7.8,1.1,386,687,286,10.71
Beverages,Lunch,29.0,67.6,9.5,0.2,28.3,104,380,406,1.99
Meat,Breakfast,42.1,88.8,21.0,2.6,21.3,50,929,137,4.55
Vegetables,Snack,34.1,60.8,23.4,4.6,12.0,343,408,361,5.45
Fruits,Dinner,3.4,76.3,48.4,6.4,15.6,376,856,327,8.74
Snacks,Snack,27.3,96.5,34.7,3.8,36.0,433,450,386,6.77
Grains,Lunch,42.3,65.9,7.0,9.4,9.3,992,204,548,1.7
Beverages,Snack,47.7,78.2,6.6,9.9,40.9,789,141,317,1.43
Grains,Dinner,40.2,77.2,43.0,1.5,1.6,146,288,441,11.9
Beverages,Lunch,10.8,13.2,32.2,2.5,17.6,108,398,361,7.63
Beverages,Lunch,28.0,77.2,11.1,3.4,9.6,148,374,76,2.48
Grains,Lunch,5.1,89.5,41.8,7.0,46.0,374,754,362,7.01
Beverages,Dinner,5.8,50.7,37.1,4.9,34.8,381,659,559,6.59
Meat,Snack,6.8,15.9,7.2,4.3,31.5,795,585,459,1.49
Vegetables,Dinner,28.9,17.0,14.9,2.9,39.6,516,739,567,3.78
Vegetables,Dinner,16.2,76.8,3.1,1.8,15.0,526,420,553,0.62
Meat,Breakfast,31.1,35.8,39.4,0.5,32.8,996,807,72,9.14
Meat,Dinner,1.4,45.6,21.3,2.0,35.7,258,425,246,3.55
Fruits,Snack,29.2,33.1,32.4,6.4,2.6,666,173,158,9.23
Fruits,Breakfast,33.6,47.1,47.6,1.3,29.0,823,969,465,10.78
Meat,Lunch,33.9,88.7,3.7,3.4,37.5,736,572,140,0.75
Beverages,Lunch,39.1,81.8,32.1,3.0,38.0,59,386,290,6.73
Dairy,Lunch,9.4,25.0,33.3,0.8,2.2,88,270,232,8.63
Grains,Dinner,11.8,53.3,26.0,0.8,8.4,71,995,489,5.57
Vegetables,Breakfast,46.2,43.8,42.0,8.8,5.9,643,943,366,11.43
Snacks,Dinner,19.6,99.6,26.8,2.6,29.6,921,271,413,5.06
Beverages,Lunch,11.1,31.7,42.4,3.4,49.5,817,280,554,8.36
Snacks,Breakfast,25.9,78.3,24.5,9.6,25.6,154,350,447,4.98
Beverages,Snack,15.8,12.7,22.1,1.0,6.7,803,330,483,6.03
Fruits,Dinner,46.9,9.0,9.2,1.8,1.1,82,716,54,3.27
Meat,Snack,48.6,71.1,13.8,5.2,10.8,96,297,487,3.34
Vegetables,Lunch,32.0,43.5,9.4,9.9,18.7,514,752,495,2.2
Meat,Dinner,27.4,84.0,23.5,4.2,38.4,832,896,182,4.66
Beverages,Snack,3.4,81.8,4.5,5.8,19.5,23,330,397,0.79
Beverages,Breakfast,42.8,49.2,13.7,0.4,32.3,293,222,159,3.18
Vegetables,Snack,14.9,82.9,31.5,6.2,24.5,769,377,325,5.97
Dairy,Snack,40.0,56.3,29.3,7.0,47.6,580,565,380,6.48
Snacks,Breakfast,38.8,30.8,12.4,9.9,8.8,294,811,369,3.33
Beverages,Breakfast,34.2,24.8,30.6,6.5,48.7,404,123,234,7.49
Dairy,Dinner,27.3,36.6,4.9,3.6,21.3,805,510,517,1.14
Grains,Snack,35.2,19.0,36.5,10.0,49.2,31,635,233,9.3
Beverages,Dinner,41.5,69.2,43.1,2.8,0.0,526,906,518,13.18
Dairy,Lunch,13.8,5.5,10.2,7.0,5.6,295,129,531,3.05
Grains,Breakfast,45.8,50.3,37.2,3.1,27.3,104,821,445,8.79
Snacks,Lunch,3.8,74.8,24.2,2.9,6.3,142,474,397,4.87
Vegetables,Lunch,11.4,53.1,17.3,1.4,15.5,628,792,379,3.47
Snacks,Breakfast,38.2,33.6,36.0,6.9,19.6,706,943,69,8.97
Meat,Lunch,25.0,63.0,37.4,4.9,10.7,408,957,303,8.38
Beverages,Breakfast,8.4,49.4,23.3,0.2,7.7,349,364,172,4.91
Grains,Snack,20.6,19.7,47.6,0.6,16.3,637,306,580,11.82
Dairy,Snack,34.5,97.7,37.1,6.7,31.4,992,202,409,7.52
Fruits,Dinner,8.5,85.5,17.9,8.4,1.6,459,498,303,4.28
Grains,Breakfast,28.6,42.2,27.5,9.2,15.8,556,735,419,6.43
Meat,Breakfast,8.2,60.8,14.0,7.2,34.3,418,556,281,2.52
Snacks,Snack,26.9,57.9,49.8,0.8,31.1,616,223,209,10.5
Snacks,Breakfast,23.1,45.9,42.3,7.2,12.7,706,655,479,9.63
Snacks,Snack,47.8,29.3,12.4,1.5,25.7,506,773,543,3.2
Beverages,Snack,19.4,91.0,48.7,10.0,23.1,465,375,406,9.44
Meat,Dinner,36.7,50.6,16.3,1.9,14.5,561,806,168,3.88
Meat,Breakfast,39.6,81.1,24.9,8.6,48.6,283,603,305,5.18
Fruits,Dinner,34.9,45.6,33.7,5.3,28.8,474,334,370,7.72
Beverages,Lunch,44.4,36.3,45.8,2.1,1.5,16,422,144,14.13
Vegetables,Dinner,29.1,68.9,33.1,6.3,22.1,685,354,134,7.04
Meat,Dinner,41.5,58.0,13.2,9.4,0.1,370,424,73,4.09
Grains,Breakfast,10.0,56.4,16.5,6.8,24.3,399,752,539,3.12
Beverages,Dinner,24.1,97.8,32.9,1.3,36.2,445,899,81,6.3
Fruits,Snack,47.2,27.3,14.4,3.8,28.7,889,891,393,3.72
Dairy,Snack,10.1,38.7,10.8,7.1,37.2,526,799,246,2.08
Grains,Lunch,14.4,37.3,22.6,3.5,33.3,636,285,460,4.61
Beverages,Dinner,32.1,31.3,2.8,4.7,1.2,981,568,492,0.86
Beverages,Breakfast,30.3,14.1,37.6,9.7,11.5,299,974,279,10.54
Snacks,Snack,12.7,82.7,28.7,4.6,29.1,274,588,281,5.29
Grains,Dinner,18.3,41.3,11.2,1.4,3.2,314,663,564,2.87
Vegetables,Snack,7.1,83.4,28.7,5.7,26.6,531,263,530,5.09
Beverages,Lunch,12.3,87.3,33.9,9.9,20.9,955,802,537,6.36
Meat,Dinner,21.1,80.8,45.1,3.2,35.2,367,117,544,8.71
Beverages,Dinner,13.6,53.3,11.9,2.4,9.7,35,664,185,2.55
Grains,Lunch,9.3,5.9,37.0,6.6,7.1,924,611,399,10.27
Snacks,Dinner,39.3,7.5,15.8,7.8,12.2,836,622,573,4.78
Grains,Snack,45.1,41.7,39.8,7.0,45.9,140,161,543,9.43
Beverages,Snack,12.7,18.5,27.0,5.1,31.9,296,729,78,6.01
Fruits,Dinner,32.9,9.7,35.1,6.5,38.8,757,664,286,9.64
Dairy,Dinner,20.3,60.8,46.5,3.9,12.8,705,448,51,10.01
Dairy,Breakfast,48.6,13.0,9.0,4.7,9.8,557,702,89,2.7
Dairy,Breakfast,42.2,25.7,48.7,1.8,21.5,726,564,172,12.7
Grains,Lunch,35.1,40.4,23.4,1.4,38.6,688,646,116,5.39
Vegetables,Breakfast,17.0,27.7,6.2,6.3,9.2,467,262,146,1.49
Snacks,Breakfast,22.9,50.8,20.2,5.1,19.4,431,831,485,4.37
Grains,Dinner,29.2,34.0,26.0,0.6,43.7,553,125,239,5.94
Snacks,Lunch,10.5,9.8,23.9,9.2,29.5,804,937,489,5.7
Grains,Lunch,15.0,55.0,2.7,0.0,22.6,483,345,274,0.54
Snacks,Breakfast,26.7,49.0,19.3,6.6,14.3,299,457,265,4.4
Grains,Snack,16.6,67.4,11.5,4.6,44.0,184,168,236,2.18
Meat,Snack,24.2,22.2,25.2,6.0,24.8,779,381,571,6.13
Dairy,Breakfast,5.5,22.5,48.3,0.7,13.2,611,248,240,9.95
Vegetables,Lunch,25.9,83.3,30.6,7.7,6.4,609,898,80,7.01
Snacks,Snack,23.8,28.4,40.0,1.2,25.0,171,178,237,9.35
Dairy,Lunch,2.0,66.6,11.5,2.4,1.1,977,259,139,2.72
Beverages,Dinner,43.0,44.1,42.1,9.7,22.5,843,660,521,10.16
Beverages,Lunch,25.5,27.9,32.0,0.3,3.9,694,861,52,8.85
Meat,Lunch,17.5,11.5,1.6,8.8,3.5,111,786,228,0.47
Dairy,Snack,24.0,59.0,31.8,1.7,1.9,921,295,216,8.44
Beverages,Snack,25.2,68.4,8.4,7.6,12.9,673,217,584,1.83
Snacks,Lunch,46.2,42.3,2.8,0.0,5.5,404,965,467,0.77
Beverages,Dinner,35.7,68.6,2.2,6.6,19.4,255,749,174,0.49
Snacks,Breakfast,15.4,66.2,4.8,8.0,43.2,304,750,506,0.9
Snacks,Snack,15.3,12.8,11.1,7.2,3.6,655,635,286,3.19
Grains,Snack,41.5,85.1,46.6,2.7,1.2,175,792,280,13.02
Vegetables,Breakfast,16.5,45.8,38.4,7.4,13.7,846,651,79,8.29
Meat,Snack,39.4,35.8,46.4,6.2,35.9,109,455,188,11.13
Grains,Dinner,49.9,8.4,6.7,7.9,31.5,20,792,423,1.94
Meat,Breakfast,30.5,41.0,46.1,2.9,22.6,684,263,392,10.66
Meat,Lunch,3.5,24.3,35.9,3.4,13.1,876,130,503,7.03
Beverages,Breakfast,27.4,49.3,8.5,1.7,30.2,532,997,343,1.85
Snacks,Breakfast,41.1,46.0,39.9,7.5,6.0,863,707,459,10.59
Fruits,Lunch,33.0,52.4,28.3,5.2,45.1,791,521,461,6.15
Snacks,Breakfast,39.7,33.0,30.4,7.5,34.4,525,103,202,7.4
Beverages,Lunch,49.5,61.9,43.8,4.1,18.5,143,841,381,10.4
Fruits,Lunch,3.7,42.0,45.0,8.4,3.8,130,243,128,9.84
Beverages,Breakfast,6.1,90.0,49.0,0.7,12.8,135,571,210,9.19
Vegetables,Lunch,33.4,15.9,34.8,7.6,25.1,362,270,366,9.26
Vegetables,Dinner,20.6,56.4,15.4,1.5,39.2,412,248,534,3.09
Fruits,Dinner,42.8,44.8,27.6,3.9,28.0,282,735,302,6.56
Meat,Snack,11.6,87.8,37.0,0.9,25.1,640,557,375,6.81
Meat,Dinner,48.1,56.4,23.8,8.8,46.7,338,498,490,5.43
Snacks,Dinner,12.6,6.6,13.0,6.9,12.2,90,361,112,3.54
Fruits,Lunch,20.9,66.9,48.2,2.4,49.0,721,856,449,9.38
Fruits,Snack,15.4,41.6,21.3,3.0,31.8,208,802,279,4.33
Dairy,Breakfast,22.6,93.6,21.1,1.9,47.7,568,302,450,3.98
Dairy,Breakfast,15.2,70.7,3.9,7.6,44.2,571,758,50,0.73
Dairy,Breakfast,38.5,74.9,31.2,1.6,37.3,337,544,288,6.62
Dairy,Dinner,13.2,98.1,29.3,6.6,23.7,913,478,444,5.42
Snacks,Snack,43.0,96.5,38.1,3.2,41.4,503,765,294,7.87
Meat,Lunch,36.7,51.4,43.7,4.7,27.4,402,663,175,9.93
Dairy,Breakfast,27.7,25.1,16.4,5.0,25.9,452,594,500,3.99
Fruits,Lunch,9.4,41.4,21.4,5.0,47.9,243,996,271,3.99
Meat,Breakfast,26.1,31.4,45.0,0.4,46.5,55,259,283,10.2
Meat,Lunch,5.3,56.1,10.4,8.9,8.4,802,818,287,2.08
Fruits,Lunch,49.6,39.8,11.4,8.0,18.9,309,142,463,2.89
Fruits,Lunch,26.2,71.7,29.0,3.9,35.9,656,612,526,5.86
Vegetables,Lunch,14.3,27.9,3.9,1.8,27.0,548,560,291,0.84
Meat,Snack,38.7,34.4,33.8,5.6,42.7,239,472,160,8.07
Snacks,Snack,21.8,24.2,33.5,8.6,9.5,174,300,562,8.51
Fruits,Lunch,26.5,84.8,17.6,9.0,47.3,414,640,88,3.43
Beverages,Dinner,37.7,82.0,45.9,9.3,23.2,529,846,507,9.85
Grains,Breakfast,2.3,49.2,30.6,4.9,22.2,534,668,184,5.35
Grains,Breakfast,16.2,68.0,40.6,6.2,24.2,219,529,498,7.94
Dairy,Dinner,18.7,32.5,48.5,0.7,20.3,492,415,249,10.84
Fruits,Breakfast,37.5,54.8,10.1,8.1,28.4,834,306,266,2.28
Meat,Lunch,39.9,28.6,23.0,6.1,7.4,351,859,190,6.36
Beverages,Snack,20.1,24.0,6.6,2.9,42.1,992,459,142,1.5
Vegetables,Lunch,31.1,39.4,32.0,7.1,48.5,404,394,558,7.19
Beverages,Breakfast,40.2,37.0,34.4,9.9,23.7,112,624,71,8.41
Snacks,Snack,44.0,69.4,38.8,3.2,27.0,36,386,569,8.66
Grains,Snack,40.9,88.3,11.4,5.5,11.6,22,586,250,2.59
Grains,Breakfast,31.3,40.0,5.5,1.9,49.2,68,225,60,1.23
Snacks,Lunch,41.9,17.8,44.5,5.2,42.1,781,305,423,11.76
Dairy,Breakfast,49.6,71.3,48.0,0.1,46.6,676,964,249,10.59
Meat,Snack,32.9,75.8,23.8,7.6,32.1,787,960,485,4.96
Grains,Dinner,34.3,26.8,13.4,8.2,18.5,477,780,221,3.41
Dairy,Breakfast,25.5,76.9,6.3,4.7,25.5,215,619,389,1.28
Dairy,Dinner,33.3,12.5,48.2,0.5,14.2,635,122,146,13.63
Meat,Dinner,21.8,19.3,14.3,6.6,27.6,847,312,104,3.48
Meat,Dinner,34.0,33.4,8.5,7.5,42.2,333,787,527,2.0
Grains,Lunch,29.4,98.5,32.6,5.4,17.2,639,813,50,6.74
Beverages,Snack,18.0,52.1,4.7,5.8,45.3,232,725,250,0.93
Beverages,Breakfast,32.1,11.7,37.4,2.7,15.0,885,633,427,10.56
Fruits,Snack,36.8,66.3,40.3,8.7,36.8,966,190,94,8.66
Grains,Breakfast,27.6,56.0,8.0,9.7,4.6,945,194,499,2.01
Meat,Breakfast,39.7,80.9,44.8,8.0,14.5,221,164,158,10.06
Grains,Lunch,32.1,68.7,38.7,2.1,43.4,456,299,79,8.04
Vegetables,Dinner,13.2,94.9,6.2,2.6,41.2,751,589,551,1.11
Snacks,Breakfast,26.9,55.8,12.5,7.4,38.8,408,236,121,2.62
Dairy,Snack,41.0,41.2,29.6,6.6,29.4,649,998,510,7.06
Vegetables,Snack,16.8,60.9,30.6,8.8,46.6,587,458,288,5.87
Fruits,Lunch,13.8,46.7,41.3,3.9,32.2,539,982,378,8.14
Vegetables,Dinner,25.4,39.8,19.8,0.5,16.0,466,642,378,4.58
Meat,Dinner,33.6,41.4,5.7,8.3,14.3,377,140,219,1.38
Dairy,Snack,46.0,86.6,27.5,1.0,46.4,612,208,492,5.81
Grains,Dinner,37.6,18.6,31.2,3.8,16.8,675,256,593,8.47
Grains,Snack,44.5,85.6,33.5,3.7,5.0,884,815,238,8.41
Meat,Lunch,2.6,84.2,36.9,5.2,3.1,433,239,232,7.98
Snacks,Snack,29.1,92.4,4.6,7.4,21.1,564,667,435,0.94
Meat,Dinner,7.7,41.1,34.6,3.9,13.7,356,688,443,6.92
Vegetables,Lunch,8.9,51.7,26.4,7.9,42.2,611,707,430,4.81
Snacks,Dinner,41.1,13.9,47.2,8.2,31.4,967,831,494,12.92
Snacks,Breakfast,22.3,59.2,25.0,4.6,5.2,354,139,402,5.99
Snacks,Dinner,16.7,32.3,1.2,1.4,5.9,162,259,128,0.3
Fruits,Lunch,37.9,21.5,1.8,8.3,3.4,404,391,444,0.55
Meat,Breakfast,6.5,8.9,39.5,6.7,2.1,917,632,275,11.06
Vegetables,Dinner,23.2,28.5,40.3,4.3,24.9,409,536,543,9.38
Dairy,Snack,10.2,75.3,33.8,5.2,38.5,33,905,500,6.06
Fruits,Lunch,8.2,47.3,48.7,4.8,0.6,71,426,52,12.71
Grains,Lunch,21.7,88.9,10.4,1.0,23.3,50,267,434,2.05
Beverages,Breakfast,42.7,91.4,6.0,3.2,10.5,128,288,137,1.38
Snacks,Snack,17.8,65.4,44.0,3.1,2.9,841,568,184,10.78
Vegetables,Breakfast,46.2,20.9,7.7,9.9,42.0,500,632,409,2.02
Grains,Snack,42.7,15.4,47.4,6.4,32.0,38,273,139,12.89
Grains,Breakfast,46.9,86.9,43.1,7.9,10.8,745,339,95,10.08
Grains,Lunch,3.3,20.7,30.1,9.8,11.0,744,132,287,6.05
Meat,Dinner,49.4,32.4,26.8,3.9,6.1,616,594,365,7.63
Fruits,Dinner,45.9,87.7,39.3,3.2,14.5,455,693,380,8.91
Dairy,Breakfast,36.1,37.9,44.6,1.0,47.8,56,321,222,10.33
Meat,Snack,12.8,88.7,25.2,7.6,41.8,53,333,384,4.52
Fruits,Dinner,30.9,52.1,7.4,8.3,4.1,919,901,454,1.92
Fruits,Dinner,29.2,53.0,29.5,1.8,44.2,342,637,182,6.28
Dairy,Lunch,39.8,29.1,32.9,7.3,47.6,404,565,87,8.06
Beverages,Dinner,16.7,17.1,47.8,0.2,48.2,575,674,538,11.06
Dairy,Dinner,6.1,82.1,6.5,2.3,22.6,899,982,156,1.16
Grains,Lunch,43.0,29.8,23.6,7.8,44.5,101,265,486,5.84
Grains,Lunch,33.2,33.6,19.4,4.2,49.9,530,570,534,4.51
Beverages,Breakfast,34.9,86.3,9.7,2.7,22.9,193,802,537,2.04
Fruits,Snack,32.5,8.7,45.2,1.7,2.7,120,739,111,14.94
Dairy,Dinner,45.7,66.1,12.4,8.3,36.6,706,538,320,2.76
Beverages,Breakfast,11.5,73.6,10.4,6.2,45.6,167,741,157,1.87
Beverages,Breakfast,40.7,78.6,12.3,6.7,3.4,398,104,397,3.2
Dairy,Dinner,20.6,70.8,29.1,8.0,24.7,920,643,81,5.83
Fruits,Dinner,28.5,91.5,38.4,2.4,40.9,497,750,96,7.53
Fruits,Dinner,45.9,44.8,9.6,2.3,40.3,804,391,520,2.27
Beverages,Snack,36.5,95.4,37.4,1.0,13.3,807,632,437,8.17
Dairy,Snack,26.5,38.5,2.4,3.2,9.5,32,201,541,0.59
Vegetables,Breakfast,20.1,63.3,20.7,6.4,22.0,23,552,97,4.23
Beverages,Breakfast,9.1,17.4,37.7,9.4,18.1,397,309,433,8.34
Meat,Dinner,24.2,43.5,4.4,3.4,11.6,321,972,540,1.03
Beverages,Breakfast,42.4,38.7,14.5,0.7,43.5,815,144,306,3.45
Vegetables,Snack,32.4,85.9,10.6,2.8,0.7,889,272,203,2.95
Beverages,Breakfast,39.2,62.2,28.5,9.4,2.0,394,410,463,7.95
Vegetables,Dinner,35.8,97.9,31.4,3.0,15.5,24,550,441,6.73
Vegetables,Snack,34.4,51.9,10.2,7.0,6.4,316,661,63,2.58
Dairy,Breakfast,49.9,40.8,4.2,5.5,5.4,897,917,150,1.17
Snacks,Dinner,10.5,84.0,9.6,8.1,38.1,888,751,467,1.71
Fruits,Breakfast,48.5,55.3,46.1,6.2,40.9,750,465,465,10.62
Fruits,Breakfast,47.5,49.5,20.4,8.4,4.9,221,759,153,5.57
Vegetables,Breakfast,25.7,48.6,33.0,5.3,25.0,20,471,576,7.19
Meat,Lunch,39.0,42.2,48.5,6.7,11.7,274,621,92,12.18
Vegetables,Snack,14.7,21.7,34.4,1.4,40.4,669,594,578,7.57
Fruits,Snack,5.3,71.9,35.0,8.8,21.3,585,331,125,6.27
Beverages,Lunch,9.9,98.3,28.2,9.1,27.4,138,257,431,5.05
Vegetables,Snack,42.1,10.8,45.9,0.7,3.7,557,817,333,14.9
Vegetables,Dinner,35.8,62.5,43.5,9.6,0.3,950,510,534,12.98
Dairy,Lunch,25.6,28.6,33.7,9.2,25.3,758,646,293,7.96
Meat,Breakfast,5.2,46.4,37.0,5.1,21.4,560,362,342,6.8
Meat,Dinner,12.3,34.6,22.7,1.2,18.7,656,933,319,4.76
Dairy,Lunch,42.2,44.0,24.4,2.6,40.4,208,163,383,5.7
Dairy,Dinner,35.5,39.3,37.9,8.7,43.2,773,943,91,8.74
Snacks,Snack,4.7,95.4,34.1,4.7,7.0,841,288,180,6.77
Grains,Dinner,44.1,77.1,17.2,1.4,21.4,51,240,417,3.84
Meat,Dinner,8.5,57.5,34.3,6.1,47.1,430,588,373,6.13
Vegetables,Snack,35.1,14.9,8.8,7.1,15.3,851,424,353,2.45
Beverages,Lunch,3.2,79.6,41.3,7.1,18.6,819,700,571,7.31
Beverages,Lunch,27.7,60.2,30.1,8.6,29.8,106,253,529,6.35
Dairy,Snack,38.7,59.2,47.5,0.3,46.3,230,793,525,10.38
Snacks,Lunch,38.5,71.9,34.0,0.2,30.1,132,368,586,7.35
Meat,Breakfast,40.1,88.4,27.3,6.1,8.3,762,261,430,6.39
Grains,Lunch,39.9,46.7,39.4,4.5,26.8,25,228,101,9.22
Snacks,Lunch,9.1,23.6,44.6,9.1,21.4,424,201,347,9.34
Dairy,Breakfast,19.6,70.8,4.8,6.1,12.2,388,994,597,1.01
Grains,Lunch,26.4,21.2,38.6,8.4,4.3,928,136,358,11.01
Grains,Snack,42.9,6.8,11.5,5.0,12.3,648,291,152,3.52
Beverages,Lunch,43.0,9.0,37.2,7.3,40.8,159,378,378,10.51
Meat,Breakfast,2.2,10.2,34.8,6.5,27.9,807,350,263,6.61
Grains,Lunch,34.1,40.9,42.2,3.7,2.8,165,576,473,11.88
Dairy,Lunch,31.3,23.8,29.9,2.4,30.4,310,290,229,7.41
Snacks,Snack,7.0,41.5,47.9,7.2,16.5,773,742,119,9.32
Snacks,Breakfast,29.7,77.6,22.3,4.3,19.0,142,902,324,4.73
Meat,Snack,21.7,59.0,19.3,4.6,42.1,568,238,520,3.87
Beverages,Breakfast,18.5,25.7,13.6,4.4,25.9,510,510,523,3.1
Vegetables,Lunch,20.2,18.0,10.1,7.3,23.0,120,326,283,2.48
Meat,Snack,48.4,63.1,44.9,7.8,38.3,902,537,404,10.15
Dairy,Snack,36.4,68.9,30.4,2.3,5.9,913,371,439,7.52
Meat,Snack,9.4,72.5,8.0,0.9,34.5,13,592,329,1.44
Dairy,Dinner,23.6,61.8,41.9,6.4,13.7,893,983,280,9.12
Fruits,Breakfast,24.4,11.0,32.2,8.9,39.4,851,972,359,8.43
Vegetables,Lunch,29.9,83.1,10.4,0.8,23.7,374,106,188,2.15
Vegetables,Snack,31.4,75.1,9.5,6.2,7.0,105,163,366,2.24
Meat,Snack,5.6,55.8,37.4,2.6,15.6,596,134,148,7.02
Fruits,Lunch,2.1,37.2,34.2,8.3,5.4,13,941,451,7.04
Beverages,Lunch,28.7,98.0,46.4,2.1,47.2,701,243,85,8.97
Beverages,Lunch,43.5,34.9,13.5,3.4,11.6,16,231,572,3.54
Vegetables,Breakfast,18.2,88.8,42.6,9.7,1.5,889,549,166,10.74
Dairy,Snack,17.7,10.7,33.1,6.5,19.4,882,469,272,8.63
Fruits,Snack,11.2,57.7,37.9,5.5,23.5,572,639,452,7.26
Dairy,Breakfast,39.2,76.2,13.5,1.9,11.2,533,571,378,3.12
Vegetables,Snack,1.9,90.7,32.9,7.1,38.1,329,550,346,5.42
Meat,Snack,42.5,67.9,47.3,2.1,16.3,745,531,553,10.91
Beverages,Lunch,24.6,29.5,44.0,8.2,35.5,467,368,461,10.09
Meat,Dinner,18.1,60.3,36.3,7.9,9.6,4,191,468,7.93
Beverages,Dinner,31.2,94.9,43.6,6.7,2.4,498,637,277,11.09
Grains,Snack,30.8,63.7,42.0,1.3,17.7,346,289,533,9.26
Meat,Dinner,43.1,15.5,36.6,6.2,50.0,609,966,461,9.79
Snacks,Snack,32.4,37.0,29.9,7.0,18.4,149,197,188,7.19
Fruits,Dinner,29.7,26.3,47.4,3.9,25.6,604,149,103,11.59
Dairy,Breakfast,29.7,70.2,37.7,0.9,20.7,830,571,496,8.05
Fruits,Lunch,10.3,27.7,48.1,8.3,6.1,90,707,497,11.29
Dairy,Dinner,11.2,44.4,39.2,4.0,43.8,99,822,538,7.45
Grains,Lunch,22.3,41.9,43.2,3.8,23.1,328,396,372,9.47
Vegetables,Dinner,3.3,44.8,40.0,9.9,22.6,152,752,487,7.13
Fruits,Snack,17.5,86.6,39.2,1.7,43.6,489,482,588,7.26
Dairy,Lunch,12.1,98.2,32.6,2.5,8.2,399,367,367,6.66
Fruits,Dinner,5.6,75.0,31.4,2.2,49.0,643,894,110,5.32
Meat,Lunch,39.0,29.6,26.5,1.9,46.7,660,203,344,6.46
Vegetables,Dinner,18.1,68.8,22.9,1.2,8.6,257,259,99,4.98
Fruits,Snack,29.5,52.4,43.7,3.8,4.5,672,408,323,11.19
Fruits,Snack,40.9,62.9,41.1,5.7,43.4,194,139,489,9.0
Grains,Breakfast,45.2,43.3,12.1,0.9,19.7,749,193,597,2.98
Snacks,Lunch,34.9,52.7,46.4,8.7,19.4,338,251,263,10.65
Dairy,Snack,15.6,61.1,32.1,3.4,21.3,730,530,137,6.39
Meat,Snack,6.1,75.1,11.5,8.6,11.9,899,689,70,2.19
Vegetables,Snack,19.6,55.1,49.7,1.7,46.1,422,874,405,9.87
Dairy,Dinner,41.0,65.9,8.0,8.1,35.5,655,518,559,1.75
Fruits,Dinner,8.1,33.3,2.0,1.0,11.2,799,118,383,0.42
Vegetables,Snack,22.2,77.9,11.0,4.6,10.7,969,315,552,2.36
Fruits,Breakfast,43.7,70.6,28.2,8.9,26.2,474,398,274,6.29
Vegetables,Dinner,28.4,10.7,46.3,2.7,3.3,986,930,123,14.65
Snacks,Dinner,39.4,85.8,47.2,7.3,33.0,438,173,412,9.91
Vegetables,Dinner,17.8,63.9,46.9,4.1,2.8,593,993,407,11.56
Fruits,Breakfast,24.5,56.3,1.7,9.6,39.1,565,153,393,0.35
Dairy,Lunch,46.7,76.3,2.6,6.5,23.0,767,381,468,0.58
Grains,Breakfast,5.5,74.8,37.2,7.5,21.9,898,954,426,6.65
Vegetables,Lunch,35.7,45.2,10.2,4.7,47.1,897,848,148,2.29
Dairy,Lunch,21.0,22.5,36.7,6.2,0.6,407,372,448,11.38
Fruits,Dinner,4.3,66.6,31.3,4.1,41.6,905,144,194,5.31
Fruits,Snack,19.0,37.8,11.6,7.0,11.7,896,907,545,2.66
Fruits,Snack,23.1,8.7,39.7,5.0,48.8,920,294,565,10.52
Beverages,Snack,5.5,8.3,16.8,3.2,0.8,838,217,587,4.9
Grains,Breakfast,13.8,99.9,32.8,6.0,19.2,113,854,578,6.19
Snacks,Snack,12.4,77.2,47.8,4.1,46.1,465,752,410,8.62
Snacks,Breakfast,10.5,91.6,47.7,9.9,31.6,778,174,312,8.54
Grains,Snack,28.7,36.8,27.2,4.8,30.6,888,112,305,6.22
Snacks,Snack,39.0,94.7,9.3,3.7,2.2,507,807,82,2.44
Dairy,Dinner,45.3,11.0,28.7,5.2,7.8,709,476,313,8.83
Snacks,Breakfast,16.1,75.3,15.3,4.3,45.4,316,103,501,2.85
Beverages,Lunch,24.2,6.6,37.0,6.8,0.4,768,547,549,13.2
Vegetables,Breakfast,35.7,20.7,4.2,2.2,18.7,627,814,446,1.11
Meat,Lunch,11.0,56.6,36.9,4.2,18.1,865,162,238,7.22
Grains,Breakfast,13.6,52.4,23.6,4.6,11.6,47,309,263,4.97
Snacks,Breakfast,8.2,51.7,4.1,8.9,27.3,627,158,392,0.76
Dairy,Dinner,25.5,61.8,49.9,7.2,40.2,264,517,116,10.2
Snacks,Snack,22.7,88.2,3.1,2.2,44.2,666,814,243,0.59
Dairy,Lunch,2.0,60.2,8.6,5.5,2.8,37,865,137,1.88
Snacks,Breakfast,1.9,45.2,45.8,4.7,28.8,238,410,509,7.82
Snacks,Lunch,38.1,48.3,38.6,7.3,38.4,256,201,108,8.76
Grains,Dinner,19.5,5.9,34.6,9.2,47.1,356,616,456,9.36
Vegetables,Snack,35.8,84.1,18.4,9.4,17.9,456,706,303,3.98
Fruits,Snack,1.4,32.7,12.5,2.5,32.9,960,455,554,2.11
Fruits,Breakfast,31.5,77.8,21.6,9.7,17.5,70,516,582,4.65
Fruits,Breakfast,9.8,28.8,2.5,4.1,37.3,890,561,225,0.5
Beverages,Breakfast,8.7,36.7,6.5,3.8,39.4,752,713,521,1.23
Snacks,Snack,4.5,29.0,30.6,6.5,5.6,1000,617,535,6.63
Dairy,Lunch,14.6,50.4,27.4,3.6,28.5,553,291,72,5.43
Beverages,Lunch,47.8,77.4,7.5,3.3,16.2,356,387,580,1.73
Snacks,Breakfast,18.8,81.9,19.0,7.6,34.9,282,454,251,3.61
Dairy,Dinner,43.2,97.9,41.7,5.9,37.1,641,676,83,8.65
Snacks,Breakfast,16.9,66.3,38.5,4.1,23.2,417,368,491,7.62
Dairy,Breakfast,34.1,31.5,20.9,5.7,37.3,948,812,523,4.99
Grains,Dinner,24.6,18.3,26.5,2.7,6.8,159,634,86,7.33
Snacks,Snack,16.6,39.8,27.9,5.0,10.2,95,752,290,6.31
Grains,Dinner,33.8,45.4,48.2,5.8,40.7,849,677,442,10.8
Dairy,Dinner,26.9,11.7,16.2,1.0,7.8,962,455,170,4.71
Meat,Lunch,39.8,13.4,16.6,4.6,31.3,89,911,306,4.55
Fruits,Lunch,30.5,30.5,41.4,3.4,19.2,851,486,203,10.12
Fruits,Dinner,38.7,70.4,31.8,5.2,16.1,72,971,281,7.2
Snacks,Dinner,1.7,66.0,15.1,2.4,23.7,42,901,214,2.58
Snacks,Snack,27.4,74.2,23.5,7.2,39.0,221,888,75,4.73
Vegetables,Lunch,14.8,88.6,29.3,3.9,28.9,620,107,506,5.45
Fruits,Snack,31.1,5.3,34.3,1.3,27.8,342,202,408,9.95
Fruits,Breakfast,6.8,18.5,41.7,7.0,29.4,135,583,527,8.48
Dairy,Lunch,20.9,49.0,27.1,1.2,32.1,347,157,388,5.63
Beverages,Breakfast,14.2,87.6,41.6,7.6,19.3,435,704,103,7.96
Grains,Dinner,31.5,99.9,19.2,1.3,45.1,867,230,534,3.76
Beverages,Dinner,9.2,65.9,37.4,9.2,31.0,213,325,432,6.81
Fruits,Dinner,49.7,45.8,9.6,2.4,15.9,263,821,324,2.41
Beverages,Dinner,28.9,18.4,10.8,8.7,17.7,862,856,54,2.83
Grains,Snack,10.5,17.2,32.9,7.8,11.0,392,636,150,7.77
Grains,Breakfast,40.2,21.0,37.7,8.9,2.5,92,771,311,11.82
Snacks,Breakfast,11.1,62.9,29.2,5.4,2.4,342,991,538,7.0
Fruits,Lunch,12.8,20.0,46.5,8.8,10.2,783,132,388,11.15
Vegetables,Dinner,20.1,91.4,32.9,2.0,9.6,881,931,106,6.94
Snacks,Breakfast,49.2,38.4,13.4,1.4,33.1,143,243,210,3.3
Snacks,Breakfast,35.9,45.0,24.4,1.8,9.1,354,377,262,6.13
Meat,Breakfast,8.3,10.7,25.3,6.8,17.0,766,794,397,5.94
Beverages,Snack,30.9,39.7,16.9,1.3,43.6,989,466,237,3.8
Dairy,Snack,44.9,57.3,20.3,2.1,36.4,278,115,54,4.61
Beverages,Snack,33.9,59.4,26.0,1.3,22.5,272,194,450,5.77
Dairy,Lunch,27.3,63.1,12.6,0.7,43.8,777,837,135,2.58
Dairy,Snack,33.7,72.5,47.6,4.2,34.9,539,831,393,9.98
Grains,Dinner,7.4,28.6,45.4,4.5,25.8,216,903,309,8.91
Fruits,Snack,32.3,97.4,40.3,0.5,37.0,824,330,198,8.02
Meat,Snack,39.6,17.2,31.9,0.2,25.6,77,736,515,8.58
Grains,Breakfast,3.9,25.4,40.0,8.9,13.7,577,676,309,7.84
Beverages,Dinner,43.6,33.5,15.2,1.2,23.2,100,653,240,3.82
Dairy,Lunch,25.5,5.9,49.9,9.8,6.4,198,485,494,15.56
Vegetables,Dinner,2.0,23.0,42.4,5.0,26.2,940,502,60,7.53
Fruits,Dinner,48.5,57.1,17.8,7.8,39.5,183,238,78,4.08
Snacks,Lunch,36.8,34.3,15.8,0.7,45.0,364,418,535,3.74
Grains,Dinner,19.1,60.9,10.8,8.4,46.9,2,326,384,2.11
Fruits,Lunch,32.3,81.9,32.1,6.2,22.7,111,228,150,6.74
Grains,Breakfast,35.3,59.1,41.4,5.4,14.7,539,776,342,9.56
Meat,Snack,12.2,75.9,47.1,2.1,13.6,833,390,142,9.3
Meat,Dinner,30.7,12.5,40.1,3.3,26.4,531,129,448,10.83
Beverages,Snack,35.2,14.9,12.3,6.6,8.1,121,585,299,3.59
Beverages,Snack,3.5,29.4,4.1,3.1,10.6,117,129,578,0.81
Vegetables,Snack,40.4,90.7,13.9,2.3,37.0,329,751,405,2.89
Beverages,Lunch,14.4,60.4,2.4,7.9,34.8,630,552,534,0.46
Meat,Lunch,37.5,80.0,14.0,9.3,9.8,895,195,408,3.24
Fruits,Breakfast,41.0,35.7,13.6,2.5,4.8,775,441,180,3.81
Beverages,Snack,8.7,76.1,18.4,0.8,24.9,885,644,97,3.35
Vegetables,Lunch,40.1,56.4,19.4,5.4,24.1,963,357,594,4.44
Snacks,Lunch,4.3,59.7,19.1,7.8,7.9,613,208,561,3.79
Dairy,Dinner,6.4,21.8,37.1,1.9,25.3,880,138,86,7.4
Snacks,Breakfast,11.9,31.0,42.0,0.7,41.8,37,103,247,8.46
Meat,Snack,39.9,58.0,31.3,5.6,11.1,600,836,309,7.56
Vegetables,Breakfast,9.5,8.6,47.9,9.4,46.6,257,360,73,11.22
Snacks,Lunch,11.1,17.0,19.3,2.5,25.0,279,770,240,4.32
Beverages,Snack,18.3,65.6,20.0,7.2,16.6,411,113,522,4.11
Fruits,Breakfast,23.0,76.4,49.7,1.9,7.6,59,202,202,11.14
Meat,Lunch,30.5,58.3,27.7,5.3,0.1,391,786,111,8.28
Snacks,Dinner,28.3,43.7,25.7,8.8,5.9,157,830,193,6.53
Fruits,Breakfast,13.2,83.4,47.6,3.1,43.5,231,360,165,8.6
Vegetables,Lunch,11.9,85.3,41.9,7.8,35.0,344,923,431,7.57
Snacks,Dinner,9.8,78.5,18.2,1.0,0.5,545,697,119,4.68
Snacks,Breakfast,20.7,25.2,1.7,4.4,20.6,165,916,462,0.4
Snacks,Dinner,47.3,45.7,17.3,8.0,20.9,564,111,234,4.23
Vegetables,Dinner,12.0,90.8,1.2,9.4,20.5,530,626,465,0.22
Fruits,Dinner,36.2,67.7,15.5,9.6,37.2,276,948,82,3.31
Vegetables,Snack,31.9,18.9,41.2,0.5,14.3,424,879,418,11.05
Dairy,Breakfast,24.1,58.6,13.5,1.5,4.6,701,538,166,3.31
Snacks,Lunch,42.7,39.5,32.6,6.0,4.1,109,970,532,9.19
Dairy,Snack,10.2,42.3,19.4,0.2,18.1,207,962,533,3.88
Grains,Snack,39.4,68.0,10.0,3.1,28.9,96,244,552,2.19
Snacks,Snack,26.7,63.8,28.9,4.0,3.6,973,172,523,7.28
Grains,Dinner,23.2,39.2,48.2,8.7,5.5,417,968,427,12.17
Beverages,Dinner,15.6,32.6,1.8,7.0,13.9,660,163,376,0.4
Meat,Snack,13.1,47.2,42.1,0.7,43.3,282,754,476,8.1
Snacks,Snack,18.8,71.0,7.3,4.7,20.3,606,616,297,1.47
Beverages,Lunch,18.7,27.0,31.6,1.1,32.6,421,142,188,7.06
Beverages,Breakfast,19.4,82.8,42.6,7.3,16.1,481,920,254,8.6
Grains,Lunch,19.7,74.4,9.8,9.7,48.9,747,964,407,1.87
Dairy,Dinner,17.8,61.2,12.1,9.3,17.7,438,821,522,2.49
Snacks,Snack,6.7,18.4,19.5,2.7,16.0,387,437,359,4.14
Beverages,Dinner,26.6,84.1,11.9,5.5,42.0,99,377,540,2.34
Meat,Lunch,27.4,34.2,39.9,9.5,3.0,628,647,382,11.1
Dairy,Lunch,22.1,23.0,49.0,9.0,37.2,115,187,282,11.45
Vegetables,Lunch,36.3,80.8,48.3,0.8,7.0,355,708,226,11.48
Vegetables,Snack,12.4,75.4,26.1,7.5,23.7,997,809,325,4.92
Dairy,Snack,39.8,82.1,33.2,3.4,6.0,729,927,76,8.1
Dairy,Breakfast,44.4,66.2,42.5,0.9,21.2,954,369,137,9.72
Fruits,Breakfast,26.6,41.9,43.4,7.7,0.9,799,443,539,12.68
Meat,Lunch,23.5,48.3,11.0,1.5,42.5,90,422,335,2.3
Snacks,Snack,1.4,99.1,23.0,5.2,43.0,410,455,377,3.74
Snacks,Dinner,13.0,27.6,1.3,6.3,8.8,21,246,271,0.3
Vegetables,Snack,22.1,83.5,1.2,9.4,10.9,12,268,490,0.26
Meat,Breakfast,10.8,56.1,3.5,0.5,4.6,460,119,78,0.79
Fruits,Snack,21.9,98.9,48.0,6.7,44.3,403,617,586,8.98
Grains,Lunch,2.4,63.7,25.1,0.8,11.2,263,662,300,4.67
Snacks,Snack,43.9,95.9,49.5,0.2,31.7,687,169,139,10.41
Dairy,Snack,3.3,66.9,30.5,7.5,31.6,842,303,454,5.2
Dairy,Lunch,10.5,9.3,39.1,8.8,8.7,643,271,584,10.25
Snacks,Dinner,17.7,77.9,5.9,4.0,15.7,482,541,76,1.19
Snacks,Snack,46.2,63.3,9.5,5.3,38.6,727,244,365,2.13
Snacks,Dinner,35.4,21.1,34.9,6.6,47.5,817,615,327,8.79
Dairy,Lunch,1.9,16.0,11.2,2.9,29.2,337,483,587,2.01
Fruits,Lunch,46.6,17.4,22.3,4.0,46.5,698,154,588,5.96
Beverages,Breakfast,25.7,98.9,29.1,9.8,0.1,671,905,519,8.11
Meat,Lunch,36.7,44.6,36.8,8.5,32.9,656,456,254,8.47
Fruits,Dinner,32.6,73.3,43.3,1.0,28.6,906,679,517,9.12
Vegetables,Lunch,9.1,81.1,34.8,6.0,31.9,412,566,320,6.21
Grains,Lunch,21.5,65.3,35.6,5.2,10.6,713,605,530,7.79
Dairy,Breakfast,16.1,33.0,23.6,3.9,46.6,759,378,565,4.91
Meat,Snack,44.5,84.9,6.8,2.5,48.0,458,897,600,1.43
Grains,Dinner,17.2,56.0,26.0,0.3,24.9,848,878,382,5.24
Beverages,Snack,5.3,12.2,49.7,1.4,45.7,303,427,469,10.08
Fruits,Dinner,45.0,73.0,19.9,0.7,14.0,515,831,388,4.64
Beverages,Breakfast,47.7,51.4,16.0,6.4,23.4,333,539,159,3.83
Meat,Lunch,48.4,39.3,4.1,6.9,13.9,931,615,560,1.06
Dairy,Snack,30.6,72.8,16.5,1.4,3.5,871,487,540,4.17
Dairy,Breakfast,18.0,61.6,49.9,2.9,13.5,706,745,165,10.51
Grains,Snack,35.9,51.5,32.0,7.1,12.7,502,741,481,7.65
Grains,Breakfast,19.9,77.4,42.6,8.5,13.5,586,165,216,8.83
Dairy,Snack,2.7,41.4,33.6,8.7,47.5,894,615,407,5.66
Fruits,Dinner,19.9,89.2,14.2,1.6,44.5,643,997,549,2.66
Fruits,Snack,5.4,54.7,48.3,9.7,29.4,329,358,157,8.59
Fruits,Dinner,4.1,76.2,48.3,9.3,34.2,973,790,97,8.23
Snacks,Breakfast,36.3,94.6,21.8,0.6,14.7,320,527,310,4.72
Snacks,Snack,40.2,16.3,12.9,6.8,32.9,84,973,53,3.46
Grains,Lunch,15.1,70.4,30.8,2.7,7.4,615,463,245,6.67
Fruits,Breakfast,27.7,69.2,6.6,1.2,27.9,602,881,435,1.37
Dairy,Lunch,31.8,10.8,13.8,0.1,49.3,637,975,258,3.71
Beverages,Breakfast,31.6,22.1,30.7,8.1,4.7,489,952,487,8.85
Meat,Dinner,17.7,6.1,2.4,1.0,36.2,102,577,389,0.65
Vegetables,Dinner,46.7,53.3,25.6,3.6,4.5,642,978,476,6.96
Meat,Breakfast,6.8,35.3,5.1,8.0,10.4,201,399,144,1.05
Dairy,Snack,20.6,99.7,28.8,7.3,34.3,631,624,356,5.42
Beverages,Snack,39.8,71.8,35.1,10.0,26.8,246,355,506,7.68
Meat,Snack,7.4,29.0,6.0,1.7,13.1,36,630,396,1.24
Snacks,Snack,29.4,40.6,3.5,7.4,10.7,46,261,245,0.85
Dairy,Dinner,18.1,20.2,21.9,9.3,47.6,764,932,531,5.01
Snacks,Lunch,5.1,70.0,25.5,0.3,24.4,620,637,549,4.52
Fruits,Dinner,17.0,77.6,41.4,8.1,40.3,234,227,475,7.77
Vegetables,Breakfast,35.7,20.9,20.8,7.9,36.7,330,574,390,5.3
Beverages,Lunch,26.5,91.6,43.9,5.2,13.9,666,325,130,9.21
Snacks,Breakfast,39.6,76.4,46.4,8.9,25.6,671,923,342,10.07
Snacks,Lunch,12.5,59.2,8.5,4.3,30.8,379,323,201,1.61
Beverages,Breakfast,32.6,32.6,28.4,8.0,45.8,399,892,149,6.64
Vegetables,Snack,4.6,25.5,45.9,3.0,5.6,212,704,175,10.07
Snacks,Dinner,20.9,25.1,11.3,3.2,25.3,805,134,474,2.64
Grains,Snack,44.1,10.7,23.8,9.9,40.7,363,930,536,6.65
Snacks,Lunch,38.9,98.5,47.9,9.2,15.3,147,175,521,10.38
Fruits,Dinner,42.7,56.7,48.6,6.6,25.9,668,225,286,11.18
Dairy,Snack,5.1,84.2,20.5,3.0,10.5,426,942,104,3.91
Beverages,Snack,15.2,9.3,39.0,7.2,5.5,311,630,90,11.19
Grains,Dinner,36.1,30.8,13.7,0.2,44.2,91,616,171,3.29
Beverages,Lunch,31.4,13.8,16.2,5.9,41.7,774,174,264,4.26
Beverages,Dinner,45.2,81.9,21.3,3.7,45.1,77,803,224,4.53
Beverages,Dinner,13.1,36.7,29.8,2.6,35.4,440,790,534,5.99
Snacks,Lunch,10.1,78.2,38.6,7.1,3.1,895,291,98,8.83
Beverages,Dinner,45.9,55.0,39.6,5.1,45.3,619,919,242,9.01
Snacks,Snack,34.0,19.3,4.8,2.6,46.6,921,272,326,1.22
Meat,Snack,44.8,16.4,29.4,0.7,4.3,138,351,271,9.17
Beverages,Snack,35.3,90.7,20.6,0.4,2.2,464,359,222,5.38
Beverages,Breakfast,2.7,63.2,4.5,3.8,21.8,197,370,295,0.79
Beverages,Dinner,24.2,87.4,47.7,8.6,41.7,259,640,289,9.2
Fruits,Lunch,35.2,18.1,41.9,6.4,37.5,909,184,342,10.85
Fruits,Snack,46.1,20.3,30.6,4.7,39.4,571,303,445,8.07
Fruits,Breakfast,40.8,94.5,10.8,8.9,2.4,405,644,139,2.83
Vegetables,Lunch,4.8,76.2,37.5,5.8,41.0,157,854,518,6.36
Beverages,Lunch,16.3,72.4,27.2,0.5,26.3,187,653,50,5.26
Grains,Lunch,4.2,77.4,46.6,8.5,39.1,587,422,60,7.87
Grains,Breakfast,24.4,58.7,24.4,7.7,23.4,853,821,528,5.15
Snacks,Lunch,25.6,81.3,13.1,6.8,37.8,387,616,402,2.58
Dairy,Lunch,33.0,72.1,27.3,7.4,46.6,463,860,302,5.63
Beverages,Dinner,43.6,10.2,49.0,8.6,15.1,594,855,420,14.42
Meat,Breakfast,30.8,23.8,30.7,4.6,10.7,158,510,403,8.13
Grains,Breakfast,22.3,39.6,28.2,4.3,1.7,232,738,144,7.83
Meat,Lunch,15.5,94.4,2.6,9.5,26.1,77,642,100,0.49
Fruits,Breakfast,34.5,93.8,39.4,2.9,34.4,270,156,574,7.99
Fruits,Lunch,44.6,71.6,45.0,8.4,2.2,198,405,155,12.44
Grains,Breakfast,11.5,87.3,11.8,5.1,33.2,27,937,547,2.13
Grains,Lunch,27.1,13.7,25.0,2.4,20.7,28,257,481,6.67
Vegetables,Breakfast,39.7,63.1,41.7,4.3,38.3,984,583,130,9.13
Beverages,Lunch,38.4,99.3,38.5,5.5,33.3,262,637,262,7.88
Dairy,Dinner,24.5,49.2,38.1,4.2,17.5,482,284,191,8.44
Beverages,Breakfast,19.6,97.4,25.9,4.1,3.2,187,824,600,6.11
Snacks,Snack,41.9,71.0,41.6,1.6,27.6,598,882,196,9.17
Vegetables,Dinner,38.5,98.4,5.9,8.0,31.9,432,689,400,1.21
Beverages,Lunch,9.9,24.4,49.3,0.7,46.5,549,602,477,9.95
Snacks,Breakfast,2.4,38.2,23.1,8.8,3.4,128,668,485,5.04
Grains,Dinner,35.2,6.6,28.1,0.6,40.9,512,900,310,7.99
Snacks,Lunch,22.8,83.7,1.9,9.2,15.6,602,904,57,0.39
Fruits,Snack,32.9,95.5,25.7,0.7,22.3,250,695,451,5.31
Meat,Breakfast,28.6,19.7,39.7,2.1,49.1,531,608,104,9.78
Grains,Lunch,35.7,84.2,25.3,9.6,15.1,782,329,112,5.54
Snacks,Lunch,42.4,27.6,42.6,7.0,6.4,741,837,128,12.07
Snacks,Dinner,21.9,69.0,24.1,3.9,39.5,47,892,153,4.75
Beverages,Snack,13.8,38.7,31.6,6.1,38.2,711,728,586,6.33
Fruits,Snack,38.7,67.5,17.9,6.3,33.0,769,140,440,3.89
Fruits,Snack,5.2,18.2,48.4,6.0,30.6,626,241,446,9.49
Meat,Breakfast,13.8,60.5,11.3,4.8,42.1,385,681,101,2.13
Grains,Lunch,33.6,19.2,4.1,8.5,45.2,550,549,314,1.04
Meat,Dinner,1.5,55.0,25.5,6.1,38.0,941,267,577,4.22
Snacks,Lunch,17.2,79.5,26.0,5.6,10.6,340,785,173,5.42
Dairy,Breakfast,2.4,51.5,46.9,7.7,47.2,429,860,496,7.79
Meat,Breakfast,23.3,37.6,24.9,8.6,42.6,604,941,140,5.4
Vegetables,Dinner,40.3,86.7,7.9,5.9,29.6,904,293,117,1.67
Meat,Lunch,31.0,33.3,35.8,6.6,15.2,823,556,520,8.81
Snacks,Dinner,46.2,14.9,14.4,4.8,0.6,723,766,550,5.05
Vegetables,Breakfast,2.1,57.1,40.4,3.2,47.4,63,684,248,6.66
Meat,Lunch,15.3,71.2,26.6,2.9,28.8,586,303,429,5.08
Vegetables,Snack,47.4,77.1,32.8,5.8,29.0,517,365,488,7.26
Vegetables,Breakfast,38.1,11.3,4.7,2.2,19.9,177,661,60,1.33
Grains,Dinner,12.5,28.6,33.9,5.7,33.4,335,577,474,7.04
Vegetables,Lunch,36.0,41.5,1.3,8.8,0.2,7,649,319,0.41
Grains,Snack,8.0,34.8,12.2,1.7,32.2,403,250,586,2.33
Dairy,Lunch,29.9,67.8,23.1,6.3,45.9,812,737,274,4.74
Meat,Snack,10.3,49.5,9.2,2.0,14.6,210,522,146,1.85
Vegetables,Snack,43.2,64.5,21.0,9.6,4.5,164,760,493,5.51
Meat,Dinner,34.4,83.4,38.9,2.2,24.7,338,475,500,8.18
Dairy,Breakfast,44.2,11.8,31.2,3.3,17.6,948,275,385,9.0
Snacks,Lunch,27.8,98.4,17.4,3.7,25.0,207,778,388,3.47
Grains,Snack,3.9,45.1,47.8,9.3,38.9,506,305,175,8.27
Grains,Snack,16.7,49.1,23.7,3.5,21.1,827,832,259,4.9
Dairy,Snack,42.1,98.0,37.1,7.0,8.8,21,812,189,8.57
Vegetables,Dinner,24.3,15.5,41.9,0.5,33.3,798,874,229,10.58
Dairy,Snack,10.6,62.8,42.9,6.3,30.1,446,458,122,7.96
Vegetables,Dinner,3.8,25.7,26.5,4.3,36.1,354,751,352,4.79
Grains,Lunch,48.5,11.6,5.9,4.4,45.7,264,656,82,1.65
Beverages,Dinner,28.8,89.7,42.9,5.3,31.5,133,134,484,8.57
Fruits,Snack,23.6,40.5,43.2,3.6,10.8,633,663,267,10.2
Grains,Breakfast,38.2,32.5,17.7,3.8,47.9,879,574,158,4.24
Meat,Breakfast,48.7,40.7,9.0,2.0,17.1,165,661,139,2.28
Snacks,Breakfast,2.6,39.9,9.0,6.0,6.4,575,966,575,1.83
Fruits,Dinner,2.8,38.2,12.3,9.9,11.9,840,169,387,2.33
Beverages,Breakfast,28.9,98.1,23.8,2.4,22.9,824,432,165,4.8
Beverages,Snack,21.8,60.3,24.2,0.0,27.0,643,357,301,4.96
Beverages,Lunch,37.7,76.3,43.6,0.6,38.5,704,358,470,9.19
Fruits,Lunch,2.3,58.5,21.1,6.5,27.9,321,975,516,3.6
Beverages,Snack,32.7,60.0,2.9,3.0,20.8,815,819,504,0.64
Snacks,Dinner,46.4,90.2,48.2,2.5,28.6,323,281,209,10.39
Meat,Snack,40.7,82.0,18.6,8.3,33.5,624,800,294,3.95
Beverages,Dinner,23.6,25.2,15.0,7.6,45.8,611,870,355,3.46
Dairy,Snack,24.2,81.6,43.2,1.0,5.7,657,380,62,9.97
Beverages,Dinner,2.8,15.3,15.3,3.4,15.5,115,508,169,3.0
Dairy,Snack,49.9,89.6,35.3,7.5,14.0,503,880,63,8.1
Fruits,Breakfast,36.3,6.2,22.5,2.0,43.6,150,860,312,6.42
Grains,Snack,37.2,22.8,37.6,7.6,39.2,756,964,247,9.5
Vegetables,Breakfast,3.2,6.4,37.8,2.6,32.2,73,107,523,7.89
Meat,Dinner,29.7,57.1,19.4,2.5,32.0,677,732,398,4.16
Beverages,Snack,12.6,87.0,9.9,3.4,22.9,16,237,84,1.85
Meat,Dinner,27.7,13.9,20.0,2.3,40.3,808,706,482,5.17
Grains,Snack,26.4,37.9,26.7,9.2,33.1,912,475,413,5.97
Grains,Dinner,39.3,67.9,1.1,3.6,20.4,709,879,173,0.25
Snacks,Breakfast,45.3,75.6,42.2,1.7,46.9,704,917,328,9.09
Dairy,Breakfast,8.7,71.0,14.2,7.5,21.1,63,756,336,2.63
Fruits,Snack,4.7,34.9,8.0,5.8,41.0,191,145,201,1.43
Vegetables,Dinner,7.4,77.1,18.9,9.9,5.0,471,440,77,4.03
Vegetables,Dinner,21.4,42.9,26.6,0.6,2.2,850,974,188,7.14
Beverages,Breakfast,14.8,82.1,27.3,0.7,44.2,777,646,210,4.99
Meat,Lunch,28.0,79.8,14.1,5.7,29.8,212,232,596,2.86
Grains,Snack,42.7,5.9,33.4,1.7,38.7,362,852,332,9.71
Fruits,Lunch,10.6,83.6,41.2,5.4,3.8,91,802,443,9.21
Beverages,Dinner,41.6,83.1,2.6,5.1,11.4,698,271,94,0.6
Dairy,Lunch,33.6,44.6,16.9,8.4,49.7,685,100,326,3.76
Fruits,Lunch,49.6,36.4,21.7,4.7,29.0,689,235,338,5.43
Meat,Snack,19.5,38.5,40.0,6.5,0.3,544,183,515,11.76
Beverages,Breakfast,31.0,66.4,26.0,9.3,8.1,550,103,395,6.12
Meat,Snack,21.0,25.9,16.1,4.0,5.7,472,546,337,4.23
Dairy,Dinner,36.8,53.4,35.0,1.8,25.8,559,340,175,7.94
Meat,Breakfast,29.6,77.8,49.1,8.8,8.4,477,442,434,11.21
Snacks,Dinner,45.1,97.0,12.7,0.7,33.7,970,719,561,2.67
Snacks,Snack,1.0,22.7,4.3,9.8,27.4,298,496,560,0.74
Beverages,Lunch,34.7,83.7,26.5,2.1,18.0,46,638,208,5.71
Meat,Dinner,43.7,7.9,49.9,0.4,1.9,375,532,155,17.32
Snacks,Breakfast,4.1,7.4,8.5,3.0,28.2,764,804,594,1.82
Beverages,Breakfast,12.4,64.1,29.2,1.0,42.0,677,262,239,5.39
Grains,Snack,35.0,71.7,47.9,6.2,23.2,264,682,458,10.37
Dairy,Breakfast,9.0,80.7,42.7,7.0,3.5,254,100,222,9.55
Meat,Breakfast,4.7,52.3,21.2,9.3,39.7,225,911,410,3.67
Beverages,Snack,8.8,81.9,40.7,3.8,6.8,33,218,176,8.42
Fruits,Snack,7.6,13.0,25.8,1.9,13.5,931,377,523,5.93
Fruits,Lunch,44.7,87.5,37.6,7.5,37.5,308,347,514,7.98
Vegetables,Dinner,35.1,99.5,37.0,3.2,47.9,768,521,154,7.34
Fruits,Breakfast,47.9,66.7,7.9,3.6,28.4,853,128,483,1.79
Vegetables,Snack,41.5,40.2,46.6,7.8,40.9,160,437,230,11.01
Dairy,Snack,17.2,38.4,48.1,9.5,33.1,456,337,479,10.04
Grains,Dinner,32.9,58.3,28.8,2.3,44.3,252,583,64,6.15
Dairy,Snack,16.9,25.4,6.9,4.0,43.2,719,830,171,1.51
Grains,Dinner,12.8,34.7,49.4,7.4,38.6,381,421,109,9.93
Grains,Snack,30.4,5.7,5.7,6.1,22.5,982,621,171,1.66
Fruits,Lunch,42.8,92.1,19.7,4.0,16.9,827,369,591,4.34
Beverages,Lunch,2.6,50.6,9.4,7.2,36.9,698,864,559,1.59
Meat,Dinner,37.0,41.9,8.2,3.4,20.6,906,137,233,1.96
Fruits,Breakfast,34.6,65.4,6.3,4.3,27.1,327,639,323,1.37
Beverages,Dinner,37.4,43.4,10.7,3.7,8.3,814,162,205,2.74
Fruits,Lunch,44.2,18.6,33.6,8.2,29.3,825,808,539,9.02
Snacks,Lunch,8.8,65.1,15.3,3.3,34.6,884,520,558,2.76
Beverages,Lunch,2.6,45.6,10.3,4.9,30.4,607,956,160,1.77
Beverages,Breakfast,33.8,57.6,35.7,6.6,12.8,113,827,231,8.32
Fruits,Dinner,23.2,79.2,43.5,1.1,31.3,659,408,151,8.59
Dairy,Breakfast,47.6,62.4,37.3,1.9,47.1,457,163,448,8.35
Beverages,Lunch,22.6,78.5,2.5,9.4,4.6,900,260,567,0.59
Vegetables,Lunch,11.9,61.1,2.2,4.3,9.6,743,649,511,0.46
Dairy,Snack,37.9,25.9,16.7,8.4,24.4,64,264,186,4.25
Vegetables,Breakfast,28.3,36.4,4.5,7.6,4.4,140,930,92,1.21
Grains,Lunch,33.7,40.7,27.9,6.6,46.9,714,522,430,6.32
Snacks,Breakfast,2.2,16.4,25.4,9.5,2.3,626,375,285,5.98
Grains,Lunch,28.6,48.3,10.8,5.6,31.9,563,843,173,2.36
Meat,Snack,40.3,52.1,9.2,9.9,11.4,146,261,308,2.26
Beverages,Dinner,13.5,34.2,35.1,2.5,44.7,773,874,104,7.08
Beverages,Breakfast,46.9,68.3,3.4,4.5,30.6,644,850,428,0.76
Dairy,Snack,8.7,23.3,2.2,0.3,22.3,444,661,351,0.46
Dairy,Snack,48.3,23.4,27.2,8.2,46.6,330,709,375,7.05
Dairy,Breakfast,33.9,48.3,10.1,9.7,44.6,140,141,565,2.23
Dairy,Lunch,48.3,45.5,32.5,2.4,31.3,907,918,64,7.81
Fruits,Snack,6.2,83.1,44.4,0.1,26.3,685,285,435,7.83
Fruits,Breakfast,17.8,34.8,36.5,1.9,16.6,957,748,281,8.14
Snacks,Breakfast,36.2,89.7,29.4,1.6,11.5,657,890,101,6.56
Meat,Lunch,1.0,54.6,13.1,4.8,2.4,544,288,424,2.88
Dairy,Breakfast,5.3,11.8,47.0,8.1,0.9,646,661,341,13.1
Beverages,Snack,35.4,67.5,35.9,7.4,49.0,909,661,290,7.55
Dairy,Lunch,16.5,86.9,34.5,9.9,22.4,72,428,404,6.62
Grains,Dinner,7.9,24.0,27.0,8.5,38.7,666,923,452,5.33
Meat,Lunch,45.3,70.0,23.7,9.1,13.7,382,191,150,5.57
Dairy,Dinner,3.5,72.3,47.0,3.4,49.4,816,321,225,7.8
Fruits,Dinner,46.8,94.5,38.7,6.5,39.4,875,184,320,8.15
Fruits,Lunch,3.6,41.5,31.8,2.1,21.4,208,850,262,5.74
Fruits,Breakfast,9.3,63.3,16.0,5.1,7.9,981,305,52,3.32
Vegetables,Snack,26.3,85.9,11.3,2.1,19.5,946,213,569,2.32
Snacks,Dinner,41.7,97.0,33.7,2.8,15.4,132,330,253,7.39
Vegetables,Snack,31.9,65.1,7.2,7.7,30.9,295,335,74,1.53
Snacks,Dinner,39.9,11.5,12.0,5.9,32.5,981,248,509,3.33
Fruits,Dinner,47.0,62.4,5.1,7.5,45.4,503,742,382,1.14
Beverages,Dinner,11.4,74.6,30.2,3.9,48.0,39,309,305,5.41
Vegetables,Lunch,25.6,52.2,27.5,5.3,45.8,411,468,409,5.74
Dairy,Breakfast,32.8,43.4,11.8,3.2,49.9,480,878,510,2.63
Beverages,Lunch,34.6,98.2,11.4,5.2,17.4,246,764,470,2.41
Dairy,Breakfast,18.1,70.7,48.3,0.6,10.0,530,908,464,10.32
Beverages,Snack,27.0,18.9,13.1,6.8,35.2,599,816,351,3.26
Fruits,Snack,8.2,92.5,41.6,9.4,31.7,525,646,490,7.31
Fruits,Dinner,8.3,84.7,13.1,3.9,48.4,254,879,164,2.26
Meat,Snack,46.3,26.7,15.5,1.1,13.7,24,834,64,4.19
Beverages,Breakfast,18.9,82.1,40.5,0.6,45.9,994,958,74,7.6
Vegetables,Breakfast,15.3,10.9,28.0,9.0,12.9,995,425,335,7.34
Grains,Dinner,36.0,98.3,39.2,4.9,6.4,631,175,416,9.16
Dairy,Lunch,9.4,20.4,42.2,3.8,46.2,804,451,374,8.67
Dairy,Dinner,36.7,94.9,17.3,4.1,7.4,931,268,167,4.01
Dairy,Breakfast,22.4,17.0,43.6,1.5,49.9,166,342,180,10.56
Beverages,Dinner,43.0,72.5,21.8,9.2,24.3,242,991,354,4.85
Dairy,Dinner,23.5,69.2,9.7,2.6,39.2,196,153,507,1.93
Grains,Breakfast,39.4,92.0,27.0,8.3,0.2,96,957,418,7.85
Beverages,Lunch,21.6,12.3,32.4,2.9,45.3,115,573,311,8.19
Vegetables,Dinner,38.3,46.1,23.8,3.9,46.6,434,344,515,5.4
Vegetables,Lunch,43.4,99.3,18.3,7.1,14.7,491,610,344,4.04
Beverages,Snack,39.8,13.1,18.8,1.3,12.7,357,106,149,5.43
Fruits,Breakfast,36.0,65.9,8.7,4.0,35.5,449,809,395,1.87
Meat,Dinner,36.0,62.2,43.9,6.7,17.1,606,817,55,9.97
Snacks,Breakfast,17.7,43.3,49.0,7.9,38.5,697,396,402,10.01
Dairy,Dinner,11.2,89.2,36.1,3.6,29.6,538,983,496,6.53
Dairy,Lunch,28.5,88.5,21.5,0.0,14.6,243,150,290,4.55
Vegetables,Lunch,24.7,8.5,48.5,7.2,34.4,115,388,65,13.14
Beverages,Breakfast,11.5,90.0,13.5,2.0,31.8,512,293,590,2.44
Dairy,Dinner,21.3,23.1,29.5,9.5,49.2,683,748,311,6.77
Beverages,Dinner,5.6,65.9,9.4,3.0,41.6,522,223,141,1.62
Dairy,Breakfast,47.2,28.2,34.1,2.7,15.0,603,884,296,9.13
Snacks,Dinner,21.0,51.5,14.2,8.6,27.6,693,129,505,2.96
Vegetables,Dinner,18.5,82.0,21.7,9.9,39.0,371,267,145,4.09
Grains,Dinner,7.6,12.1,49.2,7.5,18.1,321,851,468,11.15
Grains,Dinner,3.9,77.0,27.3,9.8,33.1,192,728,586,4.65
Meat,Lunch,33.0,85.7,19.6,1.5,48.5,385,457,296,3.93
Fruits,Lunch,46.9,24.2,46.2,9.9,40.7,187,311,89,11.94
Meat,Dinner,46.6,74.5,27.9,0.5,5.4,271,153,192,7.12
Fruits,Breakfast,4.8,30.3,38.2,5.1,28.2,230,129,363,7.07
Snacks,Breakfast,37.1,59.3,6.7,0.5,1.9,121,992,354,1.87
Fruits,Dinner,20.0,36.1,23.9,4.7,36.9,654,749,566,5.13
Grains,Lunch,18.1,6.2,35.0,4.9,16.8,714,911,532,9.81
Dairy,Lunch,42.9,13.8,35.6,0.4,43.8,104,716,591,9.68
Dairy,Snack,45.2,75.9,19.9,2.1,17.1,306,149,89,4.54
Snacks,Snack,49.5,41.8,41.7,0.1,30.8,243,537,442,10.19
Dairy,Dinner,25.9,33.5,48.5,7.1,42.2,505,448,272,10.91
Meat,Dinner,36.9,12.0,18.5,4.8,6.8,847,750,570,5.61
Snacks,Breakfast,34.0,35.4,9.1,2.6,41.2,753,365,239,2.12
Beverages,Snack,34.6,63.5,36.3,9.2,21.2,628,315,446,8.04
Dairy,Breakfast,20.2,49.8,6.0,0.2,33.5,438,844,552,1.23
Vegetables,Dinner,15.9,6.6,12.5,6.0,49.9,999,139,329,3.26
Grains,Lunch,3.8,29.3,5.1,3.8,17.4,398,118,502,0.96
Dairy,Breakfast,48.2,16.6,6.9,7.9,32.2,80,309,382,1.89
Fruits,Dinner,20.6,70.3,19.7,7.0,34.2,691,591,130,3.87
Grains,Snack,32.0,66.1,3.2,5.0,20.3,89,628,373,0.7
Meat,Snack,32.6,99.1,36.5,9.6,39.0,246,367,404,7.23
Fruits,Dinner,30.2,26.7,11.4,1.9,36.0,466,488,557,2.74
Snacks,Breakfast,11.3,44.4,33.8,5.0,6.5,109,197,560,7.55
Fruits,Snack,27.7,27.9,16.1,9.4,2.8,928,772,243,4.63
Snacks,Snack,26.1,88.7,1.5,4.9,1.2,910,458,326,0.4
Snacks,Snack,6.9,37.3,21.8,6.3,22.2,136,146,389,4.17
Fruits,Snack,47.8,82.8,19.2,3.7,41.2,487,804,158,4.13
Meat,Snack,5.1,68.1,10.0,7.5,14.5,370,491,231,1.86
Fruits,Snack,4.0,86.5,10.1,2.8,37.4,63,799,523,1.7
Vegetables,Breakfast,49.2,21.2,24.1,7.1,9.7,253,656,148,6.93
Snacks,Snack,37.7,22.3,3.2,2.5,22.6,632,160,463,0.83
Vegetables,Dinner,26.4,67.6,31.1,6.8,39.9,896,324,175,6.31
Vegetables,Dinner,40.1,88.0,19.1,3.2,22.6,990,798,366,4.1
Vegetables,Lunch,10.8,12.4,2.1,4.7,10.9,767,663,147,0.52
Snacks,Lunch,14.3,79.1,18.8,2.6,36.8,348,123,504,3.47
Dairy,Snack,4.2,30.6,27.1,1.7,20.5,47,801,71,5.07
Meat,Breakfast,32.2,5.2,18.2,2.0,0.1,495,785,266,6.8
Beverages,Lunch,31.6,23.8,29.6,2.3,22.8,548,399,220,7.46
Meat,Breakfast,47.4,79.2,6.1,9.8,30.5,129,480,277,1.34
Snacks,Breakfast,10.5,18.5,12.5,9.6,40.1,692,736,96,2.67
Vegetables,Snack,23.0,9.1,49.5,3.2,41.3,782,692,388,13.12
Meat,Breakfast,45.3,13.0,38.1,6.7,32.3,995,247,477,10.59
Fruits,Dinner,49.8,38.7,17.6,5.6,15.5,147,360,453,4.54
Fruits,Breakfast,1.4,54.0,41.3,7.9,23.7,335,588,205,7.07
Meat,Snack,29.3,11.2,31.2,10.0,8.9,189,752,491,9.11
Grains,Lunch,47.9,89.8,48.3,0.4,33.7,546,447,61,10.37
Snacks,Lunch,24.0,42.5,42.8,2.3,23.2,305,597,543,9.46
Beverages,Lunch,24.2,62.4,30.6,0.7,47.1,656,748,434,6.15
Vegetables,Snack,20.9,78.7,38.4,4.3,44.4,411,413,145,7.35
Fruits,Dinner,41.2,37.6,45.0,3.3,15.2,492,387,550,11.35
Meat,Dinner,47.8,79.4,14.5,7.6,21.6,406,284,217,3.26
Dairy,Breakfast,24.6,19.5,28.8,2.3,0.8,635,675,173,9.16
Snacks,Lunch,9.0,43.6,22.7,0.1,12.3,976,667,337,4.63
Fruits,Breakfast,36.6,28.3,11.6,0.3,39.8,201,737,280,2.84
Fruits,Dinner,22.5,83.6,48.7,6.3,44.9,398,775,338,9.33
Vegetables,Snack,29.0,30.1,18.3,0.3,49.2,403,704,209,4.24
Grains,Breakfast,23.5,40.3,17.8,1.8,30.4,665,628,577,3.89
Vegetables,Dinner,42.9,20.8,39.0,3.4,32.5,677,875,440,10.25
Snacks,Lunch,3.0,14.2,40.6,9.4,31.5,694,753,254,7.65
Vegetables,Dinner,14.0,49.7,47.9,0.8,26.9,472,724,351,9.49
Beverages,Breakfast,4.0,28.6,47.8,5.4,29.3,527,184,424,8.72
Vegetables,Snack,13.1,29.6,47.7,8.4,31.7,743,654,508,9.95
Grains,Breakfast,26.4,42.8,27.2,2.9,41.8,650,902,331,5.9
Meat,Snack,38.6,21.3,5.0,1.1,37.3,164,230,590,1.28
Vegetables,Snack,46.6,89.5,34.4,6.1,8.6,528,122,563,8.18
Fruits,Dinner,19.7,74.0,14.2,9.9,5.3,943,414,177,3.26
Snacks,Lunch,40.4,40.4,1.4,9.6,45.2,836,566,332,0.33
Snacks,Snack,14.1,77.0,13.9,7.0,44.7,615,682,292,2.54
Vegetables,Lunch,42.9,43.4,8.6,9.1,32.7,593,144,420,2.04
Beverages,Breakfast,27.0,72.0,19.9,2.5,22.0,504,506,285,4.16
Grains,Lunch,37.4,88.4,13.4,0.8,20.3,400,756,538,2.87
Snacks,Lunch,25.6,85.3,3.9,6.2,25.5,721,672,517,0.78
Dairy,Breakfast,15.2,49.4,26.4,8.2,5.9,92,932,429,6.09
Vegetables,Snack,46.6,42.4,23.2,1.2,37.6,372,380,246,5.55
Beverages,Dinner,25.5,69.4,38.4,9.3,27.9,118,853,261,7.88
Snacks,Breakfast,14.1,50.8,12.9,9.9,31.9,702,402,83,2.52
Beverages,Dinner,40.2,89.2,30.2,5.6,27.2,688,118,84,6.4
Vegetables,Dinner,33.7,89.8,3.5,0.7,24.3,809,736,548,0.73
Grains,Breakfast,9.3,93.1,18.7,2.8,39.6,376,392,277,3.27
Vegetables,Snack,16.0,95.9,8.1,8.9,27.4,343,677,89,1.51
Grains,Breakfast,4.6,58.3,28.2,6.8,25.9,149,981,454,4.99
Vegetables,Breakfast,2.5,49.0,41.2,5.8,14.1,982,235,164,7.55
Meat,Breakfast,34.9,20.7,10.9,8.5,11.2,335,555,432,2.98
Fruits,Snack,41.3,19.6,42.7,9.8,15.5,942,757,455,11.72
Snacks,Dinner,42.4,46.9,5.1,4.8,45.7,581,377,58,1.17
Meat,Breakfast,20.9,12.5,15.7,2.9,6.3,738,111,399,4.48
Snacks,Snack,18.4,83.5,36.7,4.5,16.3,426,302,249,7.35
Grains,Lunch,21.0,31.2,43.4,8.5,39.0,677,404,110,9.57
Dairy,Lunch,11.6,77.4,27.6,5.2,36.7,922,614,289,5.0
Vegetables,Breakfast,10.1,30.2,44.6,6.9,42.5,432,390,234,8.8
Beverages,Dinner,49.5,68.1,33.3,3.7,20.3,699,610,95,7.74
Meat,Dinner,16.3,52.4,16.2,5.6,38.7,891,758,401,3.18
Fruits,Snack,27.4,78.0,3.6,1.2,49.2,612,663,192,0.71
Fruits,Snack,13.3,83.2,39.2,8.2,19.6,538,235,109,7.48
Meat,Breakfast,47.3,21.4,8.3,8.5,30.4,35,277,462,2.21
Vegetables,Lunch,17.2,49.4,34.2,6.4,21.3,637,367,235,7.09
Fruits,Breakfast,18.5,98.6,28.8,1.3,49.3,377,434,73,5.26
Fruits,Breakfast,20.4,30.7,21.9,1.8,40.9,52,138,495,4.81
Meat,Dinner,30.1,40.4,49.6,9.5,38.1,570,438,300,11.15
Dairy,Breakfast,49.0,14.6,26.3,4.4,22.1,22,256,113,7.42
Grains,Dinner,45.2,9.9,28.1,7.2,33.7,154,722,390,7.97
Dairy,Lunch,39.6,33.9,43.1,5.0,18.2,496,526,223,10.83
Beverages,Dinner,6.6,73.0,9.7,2.1,30.0,102,467,151,1.71
Fruits,Snack,26.3,81.9,46.7,7.3,20.2,573,328,308,9.62
Vegetables,Lunch,1.8,50.9,4.7,0.3,2.2,486,187,252,1.06
Dairy,Lunch,44.5,6.9,19.9,5.1,30.6,870,897,561,5.8
Beverages,Breakfast,40.4,61.9,4.8,8.2,45.4,195,768,219,1.05
Fruits,Dinner,23.0,77.0,46.7,0.6,37.5,271,491,287,9.15
Meat,Lunch,3.5,52.2,17.8,8.2,1.7,801,244,324,4.16
Beverages,Dinner,48.3,45.0,46.1,6.2,13.1,773,385,278,11.73
Snacks,Dinner,44.6,23.1,45.8,1.1,25.8,40,896,203,12.07
Dairy,Breakfast,5.9,8.8,20.6,5.0,15.9,992,530,204,4.74
Vegetables,Snack,2.5,15.9,41.6,8.0,31.9,291,251,251,7.61
Vegetables,Breakfast,49.9,86.5,29.3,2.6,34.5,754,676,195,6.36
Snacks,Lunch,2.2,73.7,37.2,0.7,9.0,27,387,411,7.07
Meat,Lunch,10.8,92.5,31.3,4.1,38.0,196,611,338,5.55
Vegetables,Breakfast,22.9,97.5,25.2,2.1,35.3,36,349,220,4.81
Beverages,Breakfast,19.7,27.8,3.5,2.5,43.9,863,997,310,0.77
Fruits,Breakfast,15.1,40.8,21.9,1.9,1.8,394,874,314,5.77
Grains,Dinner,20.8,29.8,7.8,4.7,49.2,703,130,586,1.71
Snacks,Snack,39.7,71.5,12.5,2.1,14.3,776,698,567,2.86
Snacks,Dinner,23.7,53.8,22.8,7.9,32.2,104,528,235,4.76
Meat,Breakfast,19.8,58.7,45.5,8.3,13.1,140,261,509,9.78
Meat,Snack,26.1,7.5,10.2,2.2,40.0,83,856,416,2.8
Vegetables,Snack,30.6,54.3,47.3,8.0,33.1,852,115,415,10.24
Vegetables,Lunch,12.4,78.0,39.7,3.6,20.0,884,405,131,7.56
Dairy,Dinner,30.2,28.0,19.7,7.1,0.2,415,767,583,6.36
Snacks,Breakfast,21.5,93.2,31.5,1.1,48.1,805,931,349,5.9
Beverages,Breakfast,17.6,23.9,45.3,6.6,34.3,336,958,156,10.19
Meat,Snack,36.9,23.2,26.4,5.4,16.5,989,721,127,6.97
Beverages,Lunch,13.0,88.6,16.4,7.0,9.3,95,420,54,3.35
Snacks,Snack,33.8,24.7,49.1,5.1,9.4,322,672,327,13.25
Fruits,Lunch,41.0,31.3,41.1,5.4,17.1,392,575,364,10.54
Fruits,Lunch,36.7,65.4,39.3,4.6,31.5,729,889,506,8.53
Meat,Breakfast,36.7,23.4,29.0,4.8,15.1,500,217,396,7.68
Vegetables,Breakfast,2.8,76.6,11.7,5.7,34.9,948,624,509,1.96
Dairy,Dinner,8.5,28.8,35.6,6.8,20.1,43,753,70,7.23
Meat,Lunch,12.4,15.3,12.9,9.9,8.7,588,172,203,3.24
Snacks,Lunch,39.7,47.8,6.4,3.6,15.1,797,903,389,1.55
Vegetables,Breakfast,41.3,62.4,49.4,7.7,20.2,866,543,51,11.31
Beverages,Dinner,21.1,64.3,48.7,0.9,18.2,310,458,524,10.14
Meat,Snack,33.9,25.9,1.9,5.2,33.7,737,359,271,0.47
Grains,Dinner,43.5,52.1,40.5,0.3,12.2,379,338,82,9.99
Vegetables,Breakfast,13.6,39.2,16.3,5.1,5.7,205,146,274,3.82
Grains,Lunch,37.0,6.4,34.9,0.6,25.7,888,645,403,10.17
Dairy,Lunch,31.1,84.3,36.0,0.4,9.3,467,126,286,8.1
Meat,Breakfast,4.9,47.8,12.1,8.0,21.1,455,411,337,2.21
Grains,Breakfast,38.1,74.7,28.3,1.1,19.8,596,300,387,6.24
Fruits,Dinner,36.3,21.0,30.5,3.4,27.7,609,499,408,7.89
Grains,Breakfast,10.1,35.1,12.2,5.7,33.9,640,799,155,2.39
Dairy,Dinner,44.3,16.1,18.1,9.3,30.6,704,926,545,4.93
Dairy,Lunch,24.9,90.9,34.3,4.1,49.4,231,406,411,6.56
Snacks,Dinner,38.9,77.4,7.0,4.3,37.1,642,901,107,1.48
Dairy,Snack,27.3,74.3,9.1,3.9,41.6,486,812,548,1.83
Grains,Lunch,47.8,56.6,18.3,2.3,4.2,429,555,594,4.98
Snacks,Snack,13.8,25.9,49.8,7.6,0.5,922,409,57,14.53
Vegetables,Dinner,1.1,9.5,47.7,1.6,24.1,667,577,230,8.65
Fruits,Breakfast,1.2,35.1,12.8,7.9,27.2,409,476,177,2.18
Meat,Snack,26.4,56.6,17.1,9.7,30.6,840,309,596,3.61
Meat,Lunch,19.9,39.2,14.6,9.4,40.8,687,870,210,3.07
Beverages,Snack,18.6,62.7,7.4,1.8,5.3,542,557,250,1.72
Beverages,Breakfast,48.8,97.5,43.6,2.9,11.8,316,422,565,10.0
Dairy,Breakfast,6.9,47.4,18.2,7.6,10.2,282,129,551,3.67
Beverages,Lunch,33.9,48.2,44.3,4.7,21.6,376,522,352,10.19
Grains,Dinner,16.0,88.6,10.6,9.3,7.6,185,448,574,2.25
Vegetables,Snack,46.8,34.0,14.6,1.4,19.1,586,816,380,3.75
Dairy,Snack,5.5,81.7,47.3,9.7,24.2,611,225,330,8.35
Meat,Snack,48.5,19.4,26.3,4.5,14.6,716,811,516,7.39
Snacks,Snack,14.4,91.2,3.9,8.4,9.9,858,775,202,0.79
Meat,Lunch,23.6,8.5,12.7,10.0,12.3,441,647,309,3.63
Fruits,Lunch,47.4,89.3,1.1,0.4,40.1,589,656,222,0.23
Vegetables,Lunch,2.2,53.2,22.4,2.1,0.6,198,228,134,5.49
Fruits,Breakfast,17.6,41.4,24.8,4.1,8.2,145,650,56,5.75
Snacks,Lunch,43.5,95.8,46.0,3.9,38.4,140,113,599,9.57
Meat,Snack,30.1,31.6,13.8,9.9,40.5,292,709,56,3.22
Vegetables,Breakfast,23.4,55.9,21.4,5.3,15.3,604,175,232,4.67
Snacks,Snack,45.2,59.7,37.7,5.8,2.6,576,488,307,10.55
Fruits,Snack,7.1,22.8,29.9,3.2,12.4,468,264,114,6.37
Beverages,Dinner,30.4,90.3,13.2,1.7,42.6,942,384,590,2.61
Vegetables,Breakfast,30.1,27.8,39.8,5.6,19.0,481,889,516,9.85
Fruits,Dinner,49.9,97.3,5.9,0.1,47.6,448,728,581,1.24
Meat,Dinner,7.8,72.2,31.0,2.0,28.7,958,563,169,5.56
Snacks,Lunch,6.7,99.2,1.5,3.3,37.5,345,817,144,0.26
Snacks,Breakfast,26.7,38.2,41.5,6.2,23.5,800,1000,148,9.48
Fruits,Dinner,29.6,9.9,46.0,0.2,28.5,379,873,175,12.63
Grains,Breakfast,25.4,25.7,43.9,5.3,21.7,401,676,416,10.62
Meat,Snack,6.0,86.0,40.0,4.0,39.4,890,318,393,6.84
Vegetables,Lunch,42.5,77.0,10.4,9.6,37.0,108,216,270,2.23
Dairy,Lunch,37.7,55.9,47.9,4.2,14.3,866,432,204,11.29
Dairy,Dinner,24.5,20.1,14.0,3.9,25.2,961,557,203,3.46
Dairy,Lunch,5.8,90.9,13.4,3.9,46.3,509,582,557,2.26
Fruits,Breakfast,33.8,21.6,34.7,3.7,22.9,980,453,486,8.95
Fruits,Dinner,39.5,35.8,13.3,8.9,46.7,790,879,385,3.16
Grains,Breakfast,47.4,65.6,31.9,3.5,32.8,94,183,491,7.2
Fruits,Lunch,34.4,5.6,12.0,3.9,43.3,923,381,141,3.43
Snacks,Snack,11.6,62.9,27.4,2.7,14.6,422,149,236,5.44
Vegetables,Breakfast,14.9,95.1,15.4,8.0,14.5,366,764,358,3.01
Fruits,Lunch,35.0,86.7,14.9,5.7,16.7,94,625,150,3.22
Fruits,Dinner,25.6,10.2,44.0,1.6,2.7,962,232,109,14.05
Dairy,Breakfast,10.8,37.6,6.8,1.8,32.9,74,525,530,1.33
Snacks,Dinner,26.8,29.3,15.4,9.0,25.2,1000,618,212,3.65
Dairy,Dinner,30.2,14.8,8.4,7.0,13.0,393,474,573,2.32
Grains,Dinner,12.4,36.2,8.9,2.9,2.1,723,768,466,2.3
Grains,Snack,27.9,92.3,19.8,8.5,22.4,351,808,301,4.02
Vegetables,Breakfast,48.5,46.8,25.1,6.4,7.5,632,741,526,6.67
Dairy,Breakfast,22.3,74.3,8.0,8.5,42.3,747,438,359,1.56
Vegetables,Dinner,47.6,80.1,34.3,3.1,36.8,383,226,61,7.46
Fruits,Lunch,5.3,9.3,49.6,8.9,21.7,85,465,497,10.9
Grains,Breakfast,29.8,34.7,13.8,3.6,32.7,957,280,462,3.19
Fruits,Lunch,48.2,85.4,42.1,8.9,28.9,163,350,560,9.2
Grains,Snack,29.1,14.8,3.7,6.1,44.6,158,829,187,0.95
Beverages,Breakfast,18.9,55.7,49.8,8.3,2.7,630,418,325,12.57
Beverages,Lunch,48.9,28.8,9.4,2.2,10.6,774,300,453,2.59
Fruits,Breakfast,39.6,86.5,42.0,1.7,37.3,949,386,63,8.76
Beverages,Dinner,41.6,51.5,33.0,1.8,5.6,768,443,599,8.69
Grains,Lunch,5.0,14.7,21.4,0.5,11.7,633,817,180,4.63
Grains,Breakfast,32.2,47.8,47.2,2.5,34.9,225,950,457,10.49
Meat,Dinner,21.5,61.3,3.6,2.6,33.1,310,281,423,0.73
Snacks,Dinner,36.9,56.1,41.6,0.2,7.9,514,984,559,10.3
Beverages,Snack,1.4,70.8,47.6,7.6,47.9,843,994,93,7.73
Dairy,Dinner,41.8,80.6,11.6,0.5,4.0,845,545,341,2.97
Beverages,Lunch,40.4,93.6,28.0,4.4,7.9,899,534,379,6.54
Beverages,Snack,21.9,93.7,31.7,9.4,27.0,349,245,205,6.14
Grains,Breakfast,30.9,67.6,21.3,3.2,37.2,170,592,243,4.44
Dairy,Lunch,24.0,34.5,34.4,4.8,44.4,203,594,237,7.59
Fruits,Lunch,25.2,33.0,5.7,1.8,13.5,288,252,213,1.37
Vegetables,Snack,31.9,86.6,41.3,5.0,20.6,618,169,118,8.66
Vegetables,Breakfast,39.7,81.8,15.6,8.7,24.7,910,918,585,3.36
Grains,Snack,3.6,46.9,22.7,4.8,5.0,885,734,221,4.78
Snacks,Snack,6.3,77.4,40.8,1.9,34.7,243,979,380,7.09
Fruits,Dinner,32.3,54.6,33.3,2.2,10.0,359,283,65,7.94
Grains,Dinner,7.2,7.2,34.1,4.6,30.2,36,311,480,7.99
Dairy,Snack,45.3,43.5,16.6,4.0,6.3,849,753,271,4.48
Meat,Breakfast,20.8,84.1,1.7,1.3,41.7,207,357,420,0.32
Grains,Lunch,16.5,34.3,47.4,2.9,9.5,460,801,95,11.01
Beverages,Dinner,9.9,42.0,21.3,3.9,33.1,187,199,144,4.07
Dairy,Breakfast,39.4,86.2,7.4,1.2,18.7,172,954,519,1.61
Vegetables,Lunch,35.0,12.1,18.9,0.1,1.7,417,859,60,6.31
Meat,Snack,28.2,60.6,39.6,7.3,42.1,404,896,102,8.23
Dairy,Dinner,22.8,33.2,17.7,1.2,21.8,438,445,419,4.05
Meat,Breakfast,8.0,56.0,27.2,9.4,8.9,888,163,239,5.56
Meat,Dinner,40.6,52.9,30.0,6.4,14.8,307,847,552,7.19
Beverages,Lunch,36.4,48.8,19.9,5.3,7.3,431,625,400,5.05
Dairy,Breakfast,6.4,62.0,46.9,7.5,44.8,722,488,375,8.15
Dairy,Lunch,21.0,15.1,1.4,4.3,19.2,138,148,394,0.36
Grains,Breakfast,39.6,25.2,47.7,6.9,28.7,320,195,102,12.17
Vegetables,Dinner,36.6,92.2,9.0,4.8,26.6,550,354,102,1.87
Grains,Breakfast,6.4,42.6,40.4,7.2,29.5,741,775,134,7.42
Snacks,Breakfast,25.5,87.5,47.4,2.1,48.0,962,373,324,9.15
Fruits,Snack,33.5,64.8,12.0,8.2,39.2,631,697,383,2.54
Snacks,Snack,31.6,10.8,24.0,8.6,4.3,141,728,540,7.51
Beverages,Dinner,8.0,95.0,15.5,2.4,24.7,847,426,553,2.76
Snacks,Breakfast,5.8,33.1,6.4,2.3,10.6,535,543,214,1.3
Dairy,Breakfast,33.8,64.8,18.2,2.0,8.8,82,319,108,4.32
Snacks,Lunch,25.2,29.4,13.3,3.1,35.4,867,456,232,3.06
Vegetables,Dinner,43.1,24.0,13.3,3.2,2.3,630,223,131,4.17
Snacks,Breakfast,31.7,17.8,8.8,6.4,12.9,377,675,527,2.39
Meat,Dinner,45.4,38.8,44.6,4.5,49.9,785,808,135,10.66
Vegetables,Lunch,9.6,66.5,8.2,0.3,21.7,746,841,486,1.54
Snacks,Breakfast,41.7,51.4,47.3,4.3,3.6,190,480,336,12.99
Beverages,Breakfast,36.8,81.5,2.3,6.3,45.8,644,355,364,0.47
Beverages,Breakfast,20.4,29.2,17.4,5.9,34.9,522,310,459,3.88
Dairy,Dinner,49.1,8.6,17.5,0.9,22.1,786,583,392,5.14
Beverages,Breakfast,31.8,6.7,18.3,6.6,11.1,30,676,303,5.52
Beverages,Lunch,15.0,90.3,30.1,6.9,14.4,70,500,109,5.93
Vegetables,Snack,45.6,84.5,42.6,1.3,1.2,851,591,77,12.05
Vegetables,Lunch,47.2,61.8,10.3,6.5,31.7,559,914,582,2.35
Beverages,Lunch,42.9,67.8,45.9,5.0,41.7,799,689,60,10.02
Meat,Breakfast,49.0,30.9,23.0,9.4,43.2,453,639,250,5.78
Fruits,Lunch,34.8,20.4,27.1,3.7,22.7,914,161,118,7.07
Beverages,Breakfast,19.6,82.4,29.9,3.9,2.9,540,322,201,7.23
Beverages,Lunch,41.4,31.3,28.0,2.7,21.7,343,885,520,7.08
Vegetables,Breakfast,18.5,10.8,5.2,1.8,26.4,272,555,529,1.34
Fruits,Dinner,10.8,27.2,48.3,8.9,38.2,671,905,566,9.81
Vegetables,Dinner,10.1,29.0,16.0,8.2,45.8,281,454,505,3.16
Meat,Breakfast,47.5,17.7,18.8,0.8,12.3,907,216,262,5.39
Beverages,Dinner,37.9,13.8,46.4,0.4,46.5,104,568,474,12.42
Fruits,Breakfast,16.5,18.5,10.9,0.7,26.5,342,735,186,2.56
Dairy,Dinner,36.9,23.0,43.9,4.4,11.2,78,576,127,11.93
Dairy,Breakfast,31.0,79.6,39.4,0.2,46.8,918,451,511,7.93
Vegetables,Dinner,2.2,63.0,22.5,6.3,17.4,409,159,373,3.99
Beverages,Breakfast,25.5,95.0,49.0,0.3,6.3,909,128,413,11.06
Grains,Lunch,4.1,36.0,1.2,8.4,21.6,47,290,514,0.22
Snacks,Snack,31.5,49.5,30.7,7.5,49.7,931,576,480,6.65
Beverages,Lunch,25.2,48.5,13.6,4.2,46.1,787,153,532,2.86
Beverages,Snack,44.1,21.1,36.3,1.4,42.9,754,122,551,9.45
Grains,Breakfast,40.5,22.4,41.8,1.4,33.4,446,741,109,10.79
Fruits,Dinner,18.6,72.1,30.2,7.3,25.3,907,768,385,5.95
Dairy,Lunch,14.8,90.5,19.3,3.1,8.9,735,380,453,3.99
Meat,Snack,1.9,83.9,34.2,6.3,3.7,438,690,348,7.21
Fruits,Lunch,46.7,42.6,22.7,5.3,33.8,97,735,367,5.46
Beverages,Snack,37.9,7.5,39.4,9.7,8.5,128,286,311,12.2
Dairy,Lunch,19.8,37.7,6.2,2.3,28.2,628,557,410,1.34
Vegetables,Snack,19.0,9.4,3.1,2.5,31.6,560,428,255,0.81
Meat,Lunch,48.5,14.3,18.6,1.0,34.2,246,480,410,5.15
Grains,Lunch,45.8,43.8,49.1,7.9,27.6,534,343,205,11.84
Fruits,Lunch,35.8,69.6,8.1,4.2,19.3,305,668,78,1.79
Fruits,Dinner,11.9,28.0,32.9,4.8,22.2,813,303,208,6.98
Fruits,Breakfast,10.6,86.1,14.4,4.8,16.3,929,575,199,2.73
Dairy,Lunch,2.7,13.5,30.1,9.7,17.5,856,260,258,5.89
Beverages,Dinner,11.4,57.3,41.7,8.5,40.0,351,240,520,7.74
Snacks,Lunch,4.3,6.1,3.3,2.5,43.9,992,708,408,0.72
Meat,Breakfast,46.4,46.9,8.1,9.4,26.4,661,788,336,1.94
Beverages,Dinner,31.9,26.2,27.5,7.0,41.2,95,732,550,6.65
Fruits,Dinner,5.5,40.3,29.4,1.0,31.4,971,243,155,5.33
Dairy,Snack,49.2,90.9,48.2,1.2,8.2,180,259,96,11.58
Beverages,Snack,21.1,45.3,20.1,0.7,7.1,317,159,329,4.79
Beverages,Lunch,49.0,13.1,25.5,2.5,33.8,633,999,258,7.12
Grains,Dinner,4.3,34.7,46.6,7.4,33.9,479,193,447,8.34
Fruits,Breakfast,44.9,68.2,28.7,3.2,0.7,948,467,61,8.52
Fruits,Snack,32.6,77.9,31.3,8.5,34.1,178,326,60,6.47
Vegetables,Breakfast,23.4,13.7,25.0,2.2,27.0,462,208,422,6.44
Beverages,Lunch,23.6,33.5,24.2,6.2,44.3,239,315,491,5.35
Meat,Dinner,11.3,75.1,29.8,9.1,29.7,725,856,199,5.48
Vegetables,Snack,14.5,80.1,49.8,6.9,34.7,846,292,78,9.23
Fruits,Lunch,29.2,14.5,33.0,7.1,28.9,449,755,588,8.67
Beverages,Lunch,3.5,46.3,9.7,1.7,1.1,394,956,520,2.35
Vegetables,Breakfast,45.9,30.0,6.3,0.8,27.9,365,976,66,1.6
Beverages,Dinner,39.2,59.7,6.0,6.0,9.8,8,448,225,1.46
Dairy,Lunch,25.8,51.2,9.0,6.2,44.5,922,306,399,1.89
Meat,Lunch,46.3,94.6,38.9,10.0,13.3,389,311,593,8.8
Dairy,Snack,3.9,29.5,20.8,8.5,9.2,872,570,183,4.21
Vegetables,Dinner,5.6,96.2,23.4,5.6,30.4,851,135,460,4.03
Dairy,Dinner,8.8,23.6,19.2,7.9,13.4,219,500,458,4.16
Beverages,Dinner,40.1,28.0,32.1,2.6,40.1,59,997,463,7.97
Beverages,Breakfast,46.7,23.2,5.3,5.6,43.2,329,570,484,1.37
Dairy,Snack,14.0,74.9,6.5,8.7,16.6,424,577,152,1.28
Meat,Dinner,13.4,74.7,41.8,8.0,7.1,903,192,421,8.94
Meat,Snack,27.8,32.3,48.4,6.2,4.5,193,558,194,13.11
Dairy,Lunch,25.0,76.1,16.2,6.7,6.7,279,595,573,3.72
Grains,Lunch,42.2,64.7,24.5,2.7,36.4,168,526,436,5.41
Fruits,Snack,17.4,81.2,10.2,5.6,28.5,392,769,257,1.95
Vegetables,Dinner,33.2,43.5,25.6,1.2,47.3,813,759,127,5.73
Vegetables,Breakfast,14.8,92.7,19.1,7.2,16.8,766,297,422,3.69
Snacks,Dinner,2.1,9.6,48.8,4.7,35.6,805,693,501,9.13
Fruits,Breakfast,5.2,19.5,44.8,7.4,16.3,433,963,513,9.13
Grains,Dinner,49.0,80.0,3.8,6.8,6.9,825,773,169,0.94
Meat,Dinner,36.3,34.9,23.8,3.3,22.0,858,404,399,5.81
Dairy,Breakfast,3.4,74.1,47.6,0.5,30.8,460,348,388,8.11
Beverages,Dinner,43.1,58.7,43.8,2.8,12.5,839,531,401,10.58
Grains,Lunch,45.3,60.0,41.4,0.2,12.3,623,108,445,10.05
Vegetables,Lunch,22.5,40.2,29.0,8.0,14.1,254,747,137,6.65
Dairy,Snack,33.0,53.2,22.5,3.1,22.0,430,257,144,5.07
Beverages,Lunch,11.8,7.5,29.4,0.7,2.5,162,444,188,8.93
Beverages,Breakfast,23.4,87.6,16.5,4.0,33.9,119,558,233,3.2
Fruits,Snack,22.6,86.8,12.5,4.5,22.7,519,126,246,2.48
Meat,Dinner,17.0,39.3,35.8,5.1,41.8,804,981,113,7.35
Meat,Breakfast,33.7,71.9,25.9,1.2,9.5,419,351,494,6.01
Fruits,Lunch,26.1,97.1,10.8,6.3,3.8,722,509,477,2.57
Grains,Dinner,11.2,76.5,49.1,3.2,43.4,452,730,455,8.8
Meat,Lunch,25.3,43.8,30.8,0.3,17.8,724,631,308,6.96
Snacks,Lunch,24.0,49.5,19.6,9.8,20.1,303,153,546,4.28
Fruits,Lunch,28.9,46.8,12.3,1.8,30.4,638,423,466,2.71
Snacks,Breakfast,28.1,10.4,11.4,6.9,30.4,439,954,575,3.09
Snacks,Lunch,41.3,62.3,18.7,5.5,40.2,802,254,297,4.12
Beverages,Lunch,30.7,5.7,36.1,9.5,12.6,93,156,243,10.89
Grains,Dinner,5.7,98.3,7.8,8.5,25.6,180,268,450,1.36
Grains,Dinner,21.8,34.3,2.7,0.8,32.8,468,401,549,0.6
Grains,Snack,35.5,72.7,48.4,1.9,36.7,750,281,145,10.2
Fruits,Lunch,1.3,49.2,19.2,9.5,34.5,843,111,587,3.2
Dairy,Dinner,21.6,88.2,20.3,0.7,16.3,862,766,214,4.12
Grains,Lunch,12.1,51.4,32.0,0.3,16.5,633,118,334,6.44
Vegetables,Lunch,30.7,24.9,23.9,2.7,15.0,963,187,263,6.13
Meat,Breakfast,31.2,52.9,26.0,3.7,4.3,243,126,487,6.73
Meat,Lunch,11.1,75.8,13.5,4.1,29.8,304,588,277,2.47
Vegetables,Snack,44.2,82.2,32.6,2.4,10.3,854,869,277,7.65
Vegetables,Snack,7.9,60.1,8.3,2.2,37.7,937,298,220,1.48
Grains,Breakfast,24.1,79.7,17.6,8.5,37.4,390,398,56,3.45
Grains,Snack,31.6,17.2,34.0,2.7,48.4,500,414,554,8.65
Dairy,Breakfast,40.2,42.3,13.6,1.6,47.3,173,796,409,3.15
Meat,Snack,45.8,92.5,3.2,1.7,33.9,400,673,515,0.68
Grains,Snack,49.0,16.3,37.4,4.1,3.0,803,909,270,12.09
Grains,Snack,25.1,15.3,2.3,1.1,36.5,536,581,198,0.58
Dairy,Breakfast,36.5,61.9,30.3,5.3,38.4,606,746,486,6.56
Snacks,Snack,49.5,45.5,34.1,3.1,43.0,50,109,416,8.11
Snacks,Dinner,32.0,31.3,7.7,9.2,6.6,520,791,450,2.06
Grains,Snack,17.0,13.3,31.3,7.3,41.5,508,808,478,7.58
Beverages,Breakfast,8.5,14.5,13.8,2.2,27.2,761,274,283,3.02
Dairy,Breakfast,2.5,51.6,17.2,5.8,8.6,473,308,586,3.33
Snacks,Snack,21.8,28.1,20.2,4.7,47.9,699,857,515,4.52
Grains,Dinner,14.9,53.7,31.2,4.3,44.8,85,979,325,6.0
Beverages,Dinner,4.6,30.6,32.7,2.4,34.0,0,673,314,5.95
Snacks,Dinner,3.1,97.3,31.2,6.3,32.4,750,307,165,5.24
Snacks,Breakfast,17.2,67.7,3.8,9.0,42.1,777,243,278,0.72
Meat,Dinner,10.5,54.0,33.8,6.7,45.8,926,242,553,6.22
Fruits,Lunch,23.5,18.2,30.1,1.9,9.9,788,541,595,8.01
Beverages,Snack,46.4,95.3,6.1,3.2,1.0,80,394,371,1.72
Meat,Snack,13.1,82.0,23.4,1.7,22.5,421,766,235,4.41
Grains,Dinner,26.1,7.8,18.8,4.5,10.5,5,694,341,5.54
Fruits,Dinner,20.1,22.7,49.9,7.6,25.5,733,671,57,11.74
Dairy,Breakfast,3.2,39.6,17.7,1.1,45.4,76,616,216,3.02
Fruits,Dinner,28.3,93.4,19.8,5.2,34.5,392,798,331,3.91
Vegetables,Dinner,25.6,83.5,41.3,3.7,44.1,778,852,585,8.06
Grains,Breakfast,41.8,16.1,36.2,0.6,6.3,112,985,494,10.89
Beverages,Breakfast,20.6,79.3,2.6,5.2,7.0,413,285,289,0.58
Fruits,Breakfast,26.3,99.3,24.4,8.3,26.5,99,904,193,4.81
Beverages,Lunch,49.6,78.0,36.0,4.5,16.6,81,912,148,8.32
Beverages,Dinner,40.6,67.0,42.5,3.5,7.9,656,806,423,10.41
Fruits,Dinner,48.8,57.9,21.7,5.1,30.0,476,192,525,5.04
Snacks,Breakfast,8.0,68.0,18.8,9.4,31.4,480,599,456,3.37
Beverages,Breakfast,43.8,57.6,4.9,8.8,41.3,186,659,434,1.1
Fruits,Lunch,21.6,35.3,14.2,3.1,37.3,753,249,597,3.09
Meat,Breakfast,1.8,23.1,16.0,0.6,14.3,511,457,571,2.98
Dairy,Lunch,12.8,50.1,40.9,7.4,29.0,646,582,313,7.97
Fruits,Breakfast,12.7,27.5,44.9,0.5,6.8,858,388,246,10.71
Vegetables,Dinner,23.9,74.3,46.8,7.2,12.1,62,170,229,10.08
Dairy,Lunch,20.2,98.6,24.1,4.7,26.6,411,974,237,4.61
Snacks,Lunch,11.4,68.9,23.7,5.8,27.4,586,638,60,4.42
Fruits,Breakfast,9.5,34.6,14.6,1.3,40.3,818,622,525,2.81
Vegetables,Snack,29.6,96.9,3.8,3.3,33.6,101,747,538,0.75
Vegetables,Snack,27.8,71.1,45.3,0.8,40.1,292,438,346,9.19
Beverages,Snack,22.5,78.5,3.6,4.2,46.1,252,861,436,0.69
Snacks,Breakfast,6.6,79.0,47.1,2.5,12.7,918,722,370,8.93
Dairy,Snack,9.5,71.5,40.4,5.2,7.2,544,621,159,8.42
Meat,Dinner,47.3,80.9,8.3,0.5,48.6,956,883,84,1.78
Beverages,Snack,47.0,52.6,36.1,0.8,41.6,264,779,488,8.33
Vegetables,Breakfast,14.1,54.6,33.0,4.4,11.7,935,191,588,6.94
Beverages,Lunch,28.2,47.9,13.8,10.0,2.0,620,672,178,3.81
Dairy,Lunch,4.5,18.7,10.3,2.1,6.0,630,617,192,2.3
Beverages,Dinner,23.6,80.4,45.7,4.2,4.2,550,701,471,10.88
Fruits,Breakfast,40.6,31.2,6.8,1.8,24.6,768,801,245,1.7
Snacks,Dinner,17.8,96.0,6.8,4.8,38.3,472,438,260,1.26
Vegetables,Dinner,20.0,90.8,11.4,2.3,29.5,346,443,427,2.18
Fruits,Lunch,10.3,46.8,25.2,3.1,13.9,722,958,191,5.12
Dairy,Snack,2.9,63.5,19.6,9.8,22.2,634,684,140,3.43
Snacks,Dinner,18.2,47.7,28.6,8.4,10.9,590,708,372,6.36
Dairy,Dinner,44.5,25.0,38.2,9.8,35.9,914,694,242,9.81
Dairy,Snack,10.3,74.2,39.7,4.9,15.1,59,923,87,7.66
Vegetables,Dinner,32.4,49.0,21.5,6.7,32.3,479,975,213,4.78
Meat,Breakfast,23.4,84.6,28.1,3.6,3.3,413,767,269,6.81
Beverages,Breakfast,10.7,64.5,23.0,9.1,42.3,613,686,277,4.18
Beverages,Lunch,29.6,99.7,25.4,0.5,11.3,237,161,336,5.45
Meat,Dinner,49.8,50.9,40.8,2.9,8.9,434,106,160,10.58
Grains,Snack,46.5,46.1,49.7,7.7,22.8,725,116,254,12.05
Grains,Snack,8.5,40.3,48.3,4.7,6.4,555,729,449,10.6
Grains,Lunch,29.5,93.4,18.7,9.5,33.8,951,420,495,3.71
Fruits,Lunch,26.9,6.0,22.2,1.6,8.8,611,105,150,6.78
Vegetables,Dinner,24.7,57.0,4.1,5.3,2.5,212,697,335,1.07
Dairy,Dinner,6.0,90.9,34.0,4.5,21.4,766,170,298,6.06
Grains,Snack,2.0,9.7,49.4,9.1,3.8,824,805,303,11.38
Fruits,Lunch,26.1,88.4,5.2,1.1,49.7,391,258,335,1.0
Vegetables,Dinner,28.3,21.5,10.5,0.3,45.0,99,817,401,2.56
Vegetables,Lunch,40.1,38.9,21.9,4.7,4.3,168,137,120,6.11
Meat,Snack,6.7,63.4,25.2,7.9,43.9,165,604,74,4.39
Beverages,Lunch,9.2,35.1,34.9,4.9,18.6,673,427,598,7.04
Snacks,Dinner,46.3,62.9,5.9,8.6,18.2,690,716,337,1.38
Beverages,Snack,42.3,98.2,27.5,0.4,40.3,871,501,538,5.66
Meat,Dinner,32.0,94.0,28.7,3.2,17.3,329,385,393,6.03
Meat,Snack,39.8,70.2,20.3,5.2,45.4,942,732,299,4.34
Snacks,Lunch,19.0,7.6,21.8,7.5,3.9,864,245,267,6.75
Beverages,Snack,33.8,40.5,19.0,4.1,8.1,928,770,336,4.85
Dairy,Lunch,39.7,72.2,14.4,7.8,4.2,924,970,447,3.7
Dairy,Snack,41.3,76.3,11.7,9.8,47.0,61,969,300,2.48
Vegetables,Lunch,17.9,25.6,30.4,5.1,48.1,827,388,346,6.68
Snacks,Lunch,17.3,41.5,26.0,0.7,21.3,774,710,334,5.52
Grains,Snack,7.3,82.5,36.6,1.8,36.5,920,280,406,6.37
Beverages,Lunch,24.3,34.0,6.5,0.1,46.0,750,988,263,1.44
Grains,Snack,38.3,97.3,18.9,4.1,13.2,976,814,351,4.15
Dairy,Dinner,6.6,30.0,29.4,5.7,44.0,342,359,171,5.48
Fruits,Snack,30.7,85.4,10.0,9.5,25.1,24,269,52,2.06
Vegetables,Breakfast,15.4,10.8,24.9,7.4,1.4,555,253,77,7.79
Snacks,Lunch,21.2,64.9,33.1,4.3,24.9,187,267,315,6.73
Meat,Dinner,7.9,80.1,19.8,9.7,13.7,211,345,542,3.76
Fruits,Lunch,34.3,82.5,16.5,8.3,45.6,145,922,273,3.36
Vegetables,Breakfast,6.7,72.5,45.6,8.8,19.6,858,945,282,8.34
Grains,Lunch,25.3,90.1,19.7,1.0,47.8,892,523,532,3.78
Grains,Lunch,45.7,11.2,7.6,4.8,4.9,66,304,179,2.42
Grains,Dinner,43.5,8.5,38.1,2.9,12.9,336,888,349,11.47
Vegetables,Lunch,1.0,29.2,32.8,3.3,43.9,680,379,576,5.41
Fruits,Dinner,32.4,29.6,15.7,4.5,32.1,13,138,579,3.78
Meat,Breakfast,25.6,61.7,36.9,1.1,10.7,735,367,459,8.31
Beverages,Lunch,2.1,94.0,42.6,0.3,44.4,562,658,138,6.96
Snacks,Breakfast,26.0,52.1,16.5,1.0,38.5,253,863,409,3.48
Meat,Snack,18.3,43.0,39.0,7.2,4.9,956,771,436,9.54
Grains,Lunch,19.1,83.0,46.5,6.8,4.1,384,809,485,10.82
Beverages,Breakfast,20.6,47.6,6.6,8.4,30.5,543,736,237,1.38
Grains,Breakfast,26.1,28.7,19.5,3.4,14.7,225,524,375,4.79
Snacks,Dinner,42.3,57.4,42.6,2.5,21.6,812,595,125,9.87
Beverages,Lunch,21.2,58.3,48.1,1.3,30.7,175,302,527,9.79
Grains,Dinner,47.1,40.8,27.4,7.2,40.3,338,962,398,6.59
Meat,Breakfast,5.5,56.0,28.6,5.1,29.9,839,932,356,5.08
Dairy,Lunch,27.5,23.4,11.6,1.7,39.5,706,112,524,2.79
Fruits,Dinner,49.6,8.5,8.9,5.4,9.0,72,237,271,2.77
Snacks,Snack,48.7,5.6,47.4,3.9,20.6,309,807,545,14.3
Snacks,Lunch,36.5,24.5,5.0,0.5,4.1,277,843,270,1.47
Meat,Dinner,30.3,59.4,48.4,8.3,42.0,511,358,281,10.2
Snacks,Dinner,17.1,64.5,30.0,4.0,32.6,376,330,444,5.83
Snacks,Dinner,23.6,83.2,18.5,1.1,30.1,947,935,101,3.65
Beverages,Dinner,4.6,62.7,38.6,3.0,35.2,838,396,423,6.66
Fruits,Lunch,47.0,27.5,10.1,1.3,32.8,686,327,441,2.59
Dairy,Lunch,32.8,89.9,21.0,6.6,49.3,317,196,325,4.18
Snacks,Dinner,41.6,90.8,19.8,4.3,21.6,428,505,395,4.27
Vegetables,Breakfast,24.8,13.5,33.7,7.1,43.4,503,820,456,8.59
Grains,Snack,9.6,62.5,34.8,1.3,16.2,726,292,52,6.73
Snacks,Dinner,2.4,95.5,24.8,9.6,45.6,200,644,457,4.06
Dairy,Dinner,41.0,53.2,18.2,9.4,19.8,547,793,403,4.27
Vegetables,Dinner,23.2,40.1,49.3,6.5,28.1,142,881,174,10.81
Snacks,Snack,4.6,75.2,43.5,3.4,44.4,300,937,263,7.34
Beverages,Dinner,46.2,27.1,31.9,4.4,27.2,355,621,599,8.26
Vegetables,Snack,1.2,64.7,10.2,6.8,36.2,790,572,60,1.68
Grains,Dinner,30.3,91.5,33.7,0.8,5.9,669,252,524,7.85
Fruits,Lunch,30.8,55.6,23.3,3.7,29.1,874,846,588,5.07
Grains,Dinner,48.4,82.9,20.0,1.5,31.4,930,165,387,4.37
Fruits,Breakfast,4.9,88.6,8.1,3.5,14.2,313,255,334,1.49
Grains,Snack,10.8,65.7,36.8,0.1,27.3,456,597,256,6.86
Meat,Breakfast,22.9,22.6,27.0,8.7,5.2,60,163,136,7.37
Dairy,Lunch,31.2,53.6,26.4,8.2,42.0,941,217,199,5.68
Fruits,Dinner,7.9,86.5,46.2,8.6,14.2,83,980,560,8.71
Snacks,Dinner,48.8,13.9,38.5,5.7,20.1,385,249,235,10.97
Vegetables,Lunch,34.4,85.4,2.6,0.3,42.6,95,423,344,0.53
Grains,Lunch,27.2,48.0,37.7,8.5,0.6,936,896,239,11.04
Meat,Snack,28.0,90.7,44.8,9.0,0.9,713,317,482,12.09
Snacks,Dinner,12.4,19.7,15.0,3.7,25.0,572,152,536,3.34
Dairy,Dinner,13.7,14.7,37.7,6.7,30.5,13,479,138,8.82
Dairy,Breakfast,36.1,22.9,22.3,8.3,18.6,351,440,407,5.83
Beverages,Breakfast,47.3,45.4,24.8,3.4,15.5,443,505,474,6.2
Beverages,Dinner,8.2,82.0,37.5,6.7,23.0,119,606,512,6.8
Fruits,Dinner,46.1,8.7,24.9,5.8,2.7,854,873,285,8.44
Meat,Dinner,8.6,25.9,48.5,9.6,6.7,76,308,392,11.11
Snacks,Breakfast,40.9,67.2,37.7,2.5,2.1,760,341,219,10.43
Snacks,Dinner,37.1,21.1,5.2,8.0,35.7,309,294,254,1.33
Beverages,Snack,6.4,75.8,12.1,4.2,6.3,593,272,123,2.49
Beverages,Snack,15.1,88.5,31.2,3.2,35.2,470,989,116,5.74
Fruits,Dinner,21.0,74.4,47.2,9.8,25.2,158,139,255,9.4
Dairy,Lunch,44.9,52.5,29.5,8.5,11.5,161,825,565,7.34
Snacks,Snack,32.6,96.5,5.3,3.1,10.5,828,693,270,1.17
Snacks,Lunch,5.1,66.0,38.4,2.4,16.5,580,787,245,7.06
Vegetables,Dinner,2.7,20.4,15.1,8.8,10.2,536,731,327,3.02
Vegetables,Lunch,28.0,9.9,13.1,8.4,27.9,786,855,441,3.58
Grains,Snack,35.9,9.9,33.7,4.8,47.2,571,105,312,9.26
Beverages,Snack,18.4,44.1,27.9,3.8,3.7,811,229,322,7.0
Vegetables,Lunch,26.2,52.5,35.9,9.3,33.2,89,345,196,7.63
Dairy,Breakfast,2.2,23.1,39.0,7.2,49.3,320,322,183,6.7
Snacks,Lunch,30.3,53.1,49.8,9.9,45.3,622,350,449,10.65
Dairy,Snack,38.7,47.3,31.7,0.2,15.1,210,808,495,7.66
Beverages,Breakfast,3.1,65.8,16.2,5.1,40.2,441,181,76,2.72
Fruits,Snack,26.8,46.9,18.8,8.2,42.1,376,486,368,4.03
Grains,Lunch,2.4,98.7,23.0,7.3,30.7,180,553,282,3.85
Beverages,Lunch,22.1,35.2,25.5,3.1,48.7,976,887,68,5.51
Fruits,Lunch,5.6,57.7,45.2,6.7,41.2,218,511,583,7.86
Vegetables,Breakfast,18.1,38.1,45.8,7.1,25.1,656,144,555,9.8
Grains,Lunch,30.1,85.9,45.6,3.9,29.2,669,165,71,9.27
Meat,Lunch,7.7,84.6,33.3,5.1,9.4,71,172,134,6.56
Meat,Breakfast,39.1,40.7,42.1,7.0,39.2,186,853,522,9.85
Grains,Lunch,7.1,59.2,39.8,2.2,15.9,187,307,502,7.55
Fruits,Lunch,9.4,39.2,14.0,4.2,29.9,897,744,548,2.7
Fruits,Lunch,31.6,92.1,39.0,4.3,34.1,27,824,371,7.83
Meat,Breakfast,12.3,73.1,14.1,3.0,14.5,556,723,310,2.78
Vegetables,Lunch,44.6,6.9,27.8,5.1,38.4,876,155,128,8.03
Vegetables,Snack,49.5,95.7,4.2,7.1,36.2,188,905,278,0.89
Fruits,Snack,12.3,46.0,6.1,6.9,19.2,233,393,127,1.23
Beverages,Dinner,25.0,65.6,23.5,7.8,32.9,923,498,200,4.8
Vegetables,Snack,41.0,21.9,46.8,9.6,44.8,986,184,358,11.99
Vegetables,Breakfast,27.7,62.1,27.8,3.0,28.0,917,843,407,5.86
Grains,Lunch,46.9,74.8,38.9,1.2,20.4,714,943,548,8.83
Grains,Lunch,6.4,22.4,8.5,7.0,39.9,670,250,68,1.64
Snacks,Lunch,37.6,82.5,42.3,7.5,22.8,474,184,382,9.08
Snacks,Snack,33.6,18.6,17.2,4.6,15.2,642,727,270,4.64
Beverages,Breakfast,47.5,61.2,9.1,3.4,31.0,756,220,277,2.08
Fruits,Dinner,43.8,76.5,41.3,1.8,7.5,888,455,578,10.08
Dairy,Lunch,17.1,81.1,6.1,6.3,48.0,30,558,452,1.13
Fruits,Breakfast,26.1,61.2,36.2,7.1,35.8,596,865,329,7.48
Vegetables,Snack,23.4,9.5,21.9,6.2,3.4,251,753,552,6.86
Snacks,Breakfast,26.3,44.9,11.6,5.2,5.0,426,923,157,2.95
Grains,Breakfast,24.0,11.7,7.7,6.5,46.1,712,108,467,1.99
Dairy,Lunch,5.0,94.0,37.6,6.6,37.3,102,825,162,6.37
Meat,Snack,34.7,30.6,18.9,8.3,44.0,51,525,72,4.51
Dairy,Lunch,28.1,57.5,3.2,7.7,10.4,760,684,194,0.74
Snacks,Breakfast,49.5,66.8,31.1,6.1,45.3,348,736,488,6.94
Dairy,Snack,17.4,99.0,30.4,7.2,3.0,267,937,179,7.14
Snacks,Breakfast,14.5,37.2,17.2,5.0,46.8,412,722,254,3.46
Beverages,Lunch,3.2,46.1,8.0,0.8,24.8,806,725,272,1.41
Meat,Dinner,41.4,43.9,30.8,5.7,10.3,914,889,583,7.84
Dairy,Snack,35.5,19.9,19.9,3.8,6.2,507,434,413,5.75
Beverages,Snack,50.0,72.1,3.4,9.5,36.9,624,535,294,0.76
Beverages,Snack,9.6,79.5,8.5,1.3,35.9,846,922,174,1.51
Meat,Lunch,45.7,50.1,26.8,4.9,27.4,876,664,202,6.33
Beverages,Lunch,10.2,68.2,42.8,6.3,16.4,67,556,517,8.24
Fruits,Breakfast,3.4,92.2,5.4,3.0,6.1,829,656,230,1.08
Snacks,Lunch,17.2,13.3,2.2,6.9,8.5,885,343,318,0.59
Dairy,Dinner,28.6,83.6,31.6,1.9,7.7,510,603,285,7.18
Beverages,Breakfast,6.5,42.5,6.8,4.6,33.6,18,885,145,1.24
Snacks,Snack,33.9,89.2,22.5,8.3,33.7,550,576,169,4.59
Vegetables,Breakfast,14.0,71.0,5.6,6.3,23.4,67,749,530,1.08
Fruits,Snack,18.3,18.8,15.4,2.1,24.5,917,152,255,3.68
Vegetables,Dinner,24.4,75.4,23.2,2.6,19.6,780,728,276,4.79
Fruits,Dinner,41.2,67.4,37.8,3.1,13.7,194,179,381,8.81
Beverages,Breakfast,4.3,54.9,10.0,2.1,25.6,245,732,595,1.77
Grains,Snack,25.2,99.5,10.7,1.5,17.2,313,531,548,2.17
Grains,Dinner,18.8,10.2,7.6,5.7,15.6,154,538,236,2.04
Beverages,Dinner,14.3,5.1,9.8,5.5,29.0,851,748,446,2.64
Beverages,Dinner,6.8,5.6,4.4,1.1,28.0,521,895,353,1.06
Beverages,Snack,41.7,75.7,15.2,3.5,39.8,63,975,62,3.25
Grains,Snack,28.0,40.5,30.3,9.8,21.4,984,682,539,6.95
Meat,Breakfast,24.2,73.9,31.1,6.6,41.8,326,464,381,6.14
Dairy,Breakfast,36.4,77.6,14.1,3.1,0.4,970,512,483,4.09
Snacks,Lunch,35.3,65.8,45.8,5.0,12.3,274,833,231,10.57
Snacks,Dinner,14.1,15.8,18.7,8.2,11.9,166,105,280,4.64
Beverages,Dinner,34.6,21.6,31.7,1.8,6.9,691,977,124,8.96
Meat,Breakfast,24.0,11.2,15.1,4.9,13.9,656,454,156,4.17
Meat,Dinner,14.6,56.2,47.9,6.0,12.4,742,959,61,10.02
Meat,Snack,29.8,25.2,20.8,6.7,13.6,274,489,488,5.34
Fruits,Snack,27.5,12.8,24.1,8.0,15.0,150,838,59,6.62
Grains,Breakfast,13.0,30.9,14.9,7.3,30.7,556,808,589,3.09
Snacks,Lunch,45.4,67.6,15.5,7.0,44.4,259,784,281,3.41
Snacks,Snack,38.9,61.8,8.0,6.3,9.5,107,733,569,1.93
Vegetables,Lunch,14.0,75.4,27.3,10.0,24.9,175,577,103,5.19
Fruits,Lunch,18.0,78.5,5.6,6.6,10.9,346,113,560,1.17
Vegetables,Dinner,35.7,63.7,9.4,2.2,46.7,19,473,371,2.0
Vegetables,Breakfast,30.1,52.7,30.1,2.9,5.7,390,921,315,7.54
Meat,Snack,31.7,52.0,45.4,6.7,2.1,545,148,443,12.56
Vegetables,Lunch,44.2,67.5,17.9,5.0,43.7,459,352,517,3.92
Vegetables,Snack,42.4,18.4,8.2,5.7,36.9,808,829,90,2.17
Vegetables,Lunch,15.7,97.1,44.5,9.6,7.2,310,507,184,9.42
Grains,Lunch,5.8,57.5,32.0,9.7,15.8,95,496,534,6.0
Dairy,Lunch,36.7,34.8,43.1,2.4,46.9,206,637,177,10.15
Grains,Snack,46.8,58.5,24.0,0.8,44.0,63,406,474,5.43
Beverages,Dinner,21.8,85.7,47.1,2.9,28.4,290,171,495,9.19
Grains,Snack,6.4,25.0,40.4,0.6,42.5,392,571,400,7.68
Snacks,Dinner,10.5,71.0,12.5,8.6,42.1,625,748,217,2.25
Dairy,Snack,32.9,15.8,29.6,3.9,16.7,990,304,142,8.06
Dairy,Snack,20.9,98.4,39.6,7.6,49.6,442,638,500,7.33
Dairy,Breakfast,4.3,17.2,13.4,5.7,22.4,700,319,124,2.64
Dairy,Dinner,45.6,28.3,26.7,2.8,25.4,483,560,240,6.88
Beverages,Dinner,49.0,69.5,2.8,8.0,15.6,874,510,377,0.66
Snacks,Snack,37.2,75.1,3.4,7.5,32.1,735,598,528,0.72
Dairy,Lunch,6.7,35.7,34.5,1.4,8.9,173,280,587,7.21
Beverages,Breakfast,44.1,49.1,48.4,1.1,22.6,169,768,194,11.54
Fruits,Dinner,8.0,82.9,8.9,0.3,2.1,729,613,132,2.08
Vegetables,Snack,47.7,55.7,34.3,3.2,1.1,617,420,113,10.31
Beverages,Lunch,48.8,41.2,32.6,7.5,5.3,801,689,278,9.09
Meat,Dinner,14.7,51.5,14.0,3.3,29.3,125,412,207,2.76
Grains,Lunch,2.7,84.9,7.5,5.4,10.9,84,983,430,1.4
Vegetables,Lunch,21.6,79.4,9.1,5.1,44.3,324,787,128,1.75
Fruits,Snack,29.0,30.7,6.6,8.9,25.0,132,204,211,1.57
Fruits,Breakfast,39.7,82.7,14.8,6.6,2.6,542,288,320,3.91
Dairy,Breakfast,7.7,53.3,13.5,2.8,31.6,794,132,426,2.46
Snacks,Breakfast,5.4,71.7,34.7,7.9,0.3,813,555,88,8.84
Vegetables,Dinner,14.6,82.2,21.3,1.2,26.9,243,684,342,4.01
Vegetables,Lunch,2.9,65.0,38.4,8.3,13.7,156,529,137,7.03
Dairy,Snack,46.4,73.4,16.4,9.4,8.8,599,303,321,4.0
Meat,Snack,18.3,73.6,20.1,4.4,28.4,188,713,355,3.91
Vegetables,Lunch,19.3,23.4,27.3,9.8,41.3,973,794,166,6.2
Fruits,Lunch,36.4,25.8,12.7,8.0,48.5,346,871,365,3.12
Beverages,Breakfast,46.8,24.6,11.3,0.2,3.0,147,575,439,3.5
Fruits,Dinner,41.4,98.5,29.6,7.7,2.9,147,826,92,7.62
Vegetables,Dinner,6.0,55.0,4.6,7.8,36.8,489,330,112,0.81
Vegetables,Dinner,38.1,49.4,24.5,8.1,15.0,702,902,574,5.87
Meat,Snack,30.9,73.9,37.4,8.6,20.4,632,707,430,7.98
Snacks,Dinner,41.7,64.8,32.3,9.7,18.6,697,929,98,7.41
Grains,Breakfast,29.1,65.7,36.3,2.0,44.1,381,151,316,7.47
Vegetables,Breakfast,41.2,93.4,25.4,1.6,4.0,163,174,300,6.38
Fruits,Breakfast,34.8,25.4,45.3,4.1,2.5,933,131,429,13.68
Beverages,Snack,23.1,88.0,11.2,5.4,45.3,480,102,340,2.14
Beverages,Dinner,39.9,19.1,12.0,8.2,27.7,380,995,592,3.18
Vegetables,Lunch,12.9,33.6,23.3,4.6,5.6,866,163,512,5.54
Fruits,Snack,15.1,48.3,8.6,8.8,28.8,627,749,57,1.72
Grains,Snack,31.6,13.1,49.5,8.5,7.6,194,262,469,14.52
Vegetables,Breakfast,30.3,75.0,29.4,1.5,7.9,286,577,556,6.81
Meat,Dinner,35.0,42.0,1.0,8.6,8.6,738,458,297,0.25
Fruits,Dinner,37.3,7.2,35.8,5.0,46.1,179,619,220,10.12
Meat,Lunch,39.9,77.5,48.5,8.0,42.6,673,792,114,10.24
Vegetables,Lunch,3.5,18.1,44.5,4.4,30.3,700,363,354,8.34
Meat,Breakfast,22.7,64.2,19.1,0.9,0.6,71,461,169,5.31
Meat,Lunch,32.2,8.4,17.2,3.5,9.0,418,946,137,5.19
Vegetables,Lunch,43.6,37.6,9.5,4.5,34.4,37,719,349,2.3
Grains,Lunch,22.6,69.8,25.4,7.0,0.1,911,201,156,7.22
Fruits,Dinner,20.0,55.9,46.2,6.4,20.2,69,437,553,9.65
Fruits,Lunch,27.4,94.7,4.4,7.4,4.7,151,927,282,1.03
Dairy,Dinner,13.3,31.5,28.0,7.4,33.2,181,255,206,5.79
Meat,Snack,6.7,85.9,16.5,6.3,1.5,266,322,504,3.92
Dairy,Breakfast,26.0,45.0,44.4,7.4,40.1,975,883,109,9.56
Vegetables,Snack,2.9,59.4,40.0,6.9,34.2,810,265,131,6.79
Vegetables,Breakfast,45.0,14.7,25.5,7.7,1.3,778,253,118,8.68
Beverages,Breakfast,3.9,38.1,30.0,3.4,43.6,173,310,406,5.22
Grains,Snack,28.3,44.3,9.0,5.8,25.2,201,716,592,2.02
Grains,Snack,27.1,34.8,9.6,8.6,46.7,957,215,444,2.15
Fruits,Snack,11.4,12.9,28.7,9.5,7.0,989,918,150,7.44
Dairy,Breakfast,42.1,27.9,4.3,2.1,45.3,755,859,135,1.07
Grains,Snack,43.8,30.2,21.0,5.7,13.8,327,182,510,5.55
Fruits,Breakfast,49.9,9.5,33.2,0.2,43.3,441,195,190,9.44
Vegetables,Breakfast,49.5,20.2,46.7,3.1,41.4,877,540,410,12.41
Dairy,Dinner,34.6,13.3,30.7,0.8,34.8,209,823,494,8.25
Vegetables,Breakfast,4.6,21.9,21.9,7.9,32.0,569,138,116,4.13
Grains,Lunch,21.8,12.8,9.3,4.2,47.2,127,651,227,2.34
Grains,Snack,46.0,67.9,30.8,4.4,45.2,130,262,595,6.78
Snacks,Snack,14.4,32.9,19.7,2.9,42.2,316,745,185,4.04
Grains,Snack,1.6,57.6,1.2,6.7,13.6,102,842,156,0.22
Snacks,Lunch,34.7,54.5,35.8,2.8,41.0,927,737,169,7.82
Beverages,Lunch,7.0,72.8,27.1,7.3,43.5,762,293,228,4.7
Meat,Snack,1.8,8.2,8.1,2.6,4.6,717,173,229,1.84
Beverages,Dinner,30.2,59.2,35.1,1.7,42.3,36,456,309,7.39
Beverages,Dinner,29.2,55.4,10.2,8.1,30.6,25,399,518,2.2
Beverages,Lunch,5.8,22.4,11.0,1.0,32.3,551,792,297,2.13
Vegetables,Lunch,38.1,13.5,23.0,2.4,36.0,560,704,403,6.23
Beverages,Snack,10.3,19.6,17.4,5.2,2.6,136,980,195,4.62
Snacks,Dinner,33.1,87.3,2.4,5.4,29.1,548,617,497,0.49
Fruits,Breakfast,5.1,11.7,36.9,3.5,48.9,807,208,286,7.46
Grains,Lunch,19.6,67.6,36.4,4.9,19.6,304,904,277,7.41
Vegetables,Lunch,2.7,42.9,27.7,2.5,45.2,60,799,318,4.67
Dairy,Breakfast,15.9,14.0,2.7,5.6,37.1,956,952,98,0.65
Fruits,Dinner,5.4,9.0,36.6,9.5,24.0,640,199,137,8.05
Snacks,Breakfast,23.0,92.0,9.8,6.0,10.7,518,952,326,2.07
Grains,Dinner,11.6,94.7,42.2,3.7,46.8,316,699,348,7.42
Snacks,Dinner,12.4,87.4,26.0,1.1,41.6,664,862,414,4.66
Grains,Dinner,21.0,25.3,47.8,5.7,47.7,70,612,200,10.81
Fruits,Lunch,3.0,42.7,7.7,7.1,3.7,504,922,487,1.67
Fruits,Snack,19.6,37.8,6.2,5.4,34.9,956,511,574,1.32
Dairy,Lunch,4.0,31.0,23.7,9.8,32.9,427,703,135,4.26
Fruits,Dinner,16.5,16.7,41.3,3.9,8.5,942,751,289,10.71
Meat,Lunch,9.3,94.2,12.6,2.0,34.2,145,735,83,2.22
Beverages,Snack,14.5,52.3,17.7,7.1,17.2,254,208,516,3.62
Fruits,Dinner,38.7,36.6,14.6,0.1,19.4,5,713,121,3.6
Fruits,Dinner,48.3,27.0,33.6,9.0,20.5,114,456,57,8.89
Snacks,Breakfast,40.9,44.8,8.5,4.0,26.6,193,753,126,2.01
Fruits,Lunch,30.2,9.2,14.9,7.0,38.2,347,530,441,4.08
Meat,Breakfast,17.2,33.1,39.5,5.1,15.1,481,183,444,8.89
Dairy,Snack,41.6,43.3,13.7,7.0,24.7,713,727,521,3.28
Grains,Dinner,20.9,90.7,45.6,5.2,43.3,586,553,341,8.58
Fruits,Lunch,44.4,99.4,38.3,5.8,12.8,765,298,145,8.58
Dairy,Breakfast,22.6,40.7,9.7,9.6,8.0,756,135,224,2.34
Beverages,Snack,9.4,56.5,31.8,2.3,34.7,533,713,358,5.84
Dairy,Breakfast,8.2,48.1,17.8,3.8,20.5,991,827,92,3.4
Beverages,Snack,22.9,81.9,28.6,3.3,16.4,109,174,150,5.89
Vegetables,Breakfast,42.6,50.6,12.3,4.7,47.5,38,655,309,2.8
Beverages,Breakfast,29.9,48.3,19.0,0.7,20.0,486,740,580,4.31
Fruits,Dinner,21.4,63.6,6.5,1.3,8.2,490,168,125,1.46
Fruits,Lunch,42.5,36.1,39.5,8.3,44.2,153,290,510,9.49
Vegetables,Lunch,48.7,49.2,32.7,4.5,13.2,986,236,82,8.22
Snacks,Breakfast,31.5,76.1,25.6,9.0,34.3,277,337,354,5.28
Vegetables,Breakfast,39.8,62.9,29.7,7.3,29.4,661,708,595,6.6
Snacks,Lunch,36.7,50.8,35.0,7.0,6.3,816,938,346,8.98
Dairy,Snack,4.7,31.1,9.2,9.2,30.3,41,200,229,1.69
Dairy,Lunch,35.8,46.2,28.8,5.4,42.7,251,441,537,6.49
Grains,Dinner,34.5,75.7,48.7,1.3,47.5,151,780,349,10.04
Snacks,Breakfast,11.3,77.7,5.2,5.6,4.3,9,620,573,1.16
Beverages,Lunch,23.3,6.7,1.9,5.9,11.0,561,461,193,0.56
Fruits,Snack,23.4,38.6,13.1,7.6,33.3,286,727,146,2.87
Beverages,Snack,41.9,86.1,13.0,6.3,43.6,233,308,244,2.72
Grains,Snack,9.1,52.7,10.3,4.3,25.3,250,960,486,1.94
Dairy,Dinner,28.8,5.2,28.5,7.1,26.4,476,146,53,8.25
Beverages,Dinner,32.9,47.5,25.5,3.5,23.3,789,479,549,5.82
Dairy,Lunch,43.2,20.1,31.4,4.0,17.4,573,939,388,8.58
Grains,Lunch,8.4,5.1,11.0,7.7,0.6,444,828,82,3.59
Meat,Dinner,13.5,82.3,40.8,3.7,9.8,374,311,51,8.35
Fruits,Snack,28.1,19.9,49.8,9.0,31.4,990,695,223,12.44
Vegetables,Dinner,27.6,63.9,14.9,9.9,39.4,727,439,265,3.07
Vegetables,Dinner,26.2,9.0,20.4,5.9,49.6,280,809,114,5.46
Beverages,Dinner,46.0,98.3,27.5,1.7,24.4,901,442,555,5.9
Fruits,Breakfast,45.8,91.3,25.3,1.4,18.3,535,629,447,5.6
Vegetables,Lunch,15.4,70.0,25.5,1.0,44.9,822,358,144,4.76
Snacks,Lunch,23.3,92.7,14.1,4.1,49.1,82,490,149,2.67
Snacks,Snack,9.8,88.7,28.3,4.2,49.3,826,880,575,4.92
Meat,Breakfast,11.7,92.2,13.9,3.3,20.5,197,537,160,2.59
Grains,Lunch,45.3,55.0,24.3,0.3,35.6,280,389,548,5.57
Vegetables,Dinner,20.1,67.4,18.5,2.6,22.1,9,497,280,3.75
Beverages,Lunch,9.6,50.2,1.0,7.3,7.6,570,300,101,0.21
Snacks,Breakfast,10.1,35.2,28.1,0.4,49.2,380,159,578,5.39
Vegetables,Breakfast,23.9,31.7,39.0,0.6,11.3,146,994,426,9.52
Snacks,Breakfast,31.7,35.1,13.1,7.4,45.4,914,887,107,3.01
Grains,Snack,24.5,53.3,43.1,1.5,12.0,515,495,70,9.74
Fruits,Lunch,2.5,66.2,36.5,8.5,10.0,684,933,397,6.89
Grains,Breakfast,8.2,53.1,45.1,5.0,17.9,945,929,415,8.64
Fruits,Snack,2.5,78.1,9.5,6.5,41.4,286,817,269,1.57
Fruits,Snack,28.5,80.3,49.1,9.2,27.9,258,648,495,10.02
Dairy,Dinner,11.8,95.0,32.8,7.4,10.7,975,458,230,6.5
Vegetables,Snack,18.3,59.4,31.6,6.1,14.5,238,809,98,6.65
Meat,Dinner,26.5,42.2,23.3,4.7,40.8,716,733,188,5.08
Fruits,Dinner,32.6,94.7,46.6,9.4,15.2,306,131,496,9.92
Fruits,Dinner,35.2,56.5,5.1,9.2,16.0,95,395,146,1.18
Dairy,Dinner,24.6,32.6,46.4,3.6,8.3,284,638,445,11.65
Meat,Snack,40.0,22.6,11.2,7.1,43.1,210,493,76,2.85
Meat,Dinner,35.8,11.8,12.7,2.4,31.0,215,368,588,3.48
Grains,Snack,32.8,53.7,14.6,3.8,29.4,976,589,563,3.22
Snacks,Dinner,47.2,70.1,10.1,5.7,27.5,811,415,475,2.27
Meat,Breakfast,13.7,52.8,44.6,3.8,30.4,284,934,211,8.68
Beverages,Snack,46.9,57.1,35.9,9.5,10.9,786,462,546,8.92
Beverages,Breakfast,13.7,77.4,40.8,6.3,48.7,318,411,527,7.41
Grains,Breakfast,27.1,14.0,24.2,0.6,33.4,904,206,550,6.28
Dairy,Lunch,12.7,62.9,26.9,5.9,0.2,136,345,417,7.29
Meat,Dinner,25.3,78.0,4.7,3.4,25.0,686,304,515,0.95
Grains,Breakfast,3.5,60.3,36.8,1.5,40.6,685,168,265,6.22
Fruits,Dinner,49.0,49.5,20.2,3.5,1.6,774,406,428,6.05
Beverages,Snack,37.1,69.9,18.0,9.1,24.9,711,733,529,3.93
Dairy,Breakfast,44.4,80.2,12.6,2.5,18.3,844,500,183,2.83
Grains,Snack,33.8,95.7,11.5,5.6,5.6,164,614,87,2.71
Beverages,Breakfast,17.3,77.9,19.2,0.8,1.5,130,665,326,4.87
Grains,Snack,20.8,97.5,29.3,0.9,11.3,905,272,502,6.06
Dairy,Breakfast,33.0,91.0,46.6,7.7,31.3,115,991,377,9.48
Beverages,Lunch,43.0,68.0,18.2,7.6,10.1,509,923,246,4.38
Grains,Dinner,28.3,12.6,23.3,9.5,2.4,389,733,375,7.43
Grains,Snack,2.0,85.5,21.7,1.0,44.4,426,128,394,3.55
Grains,Lunch,37.3,26.1,3.1,3.2,0.1,267,757,598,1.04
Vegetables,Snack,4.9,74.6,49.0,2.9,3.6,445,618,267,10.65
Snacks,Breakfast,15.5,12.5,19.3,3.5,2.7,739,382,496,5.7
Meat,Dinner,21.7,87.9,15.5,1.5,23.6,57,396,65,3.05
Vegetables,Snack,13.7,30.8,22.9,2.6,23.3,914,358,82,4.87
Snacks,Breakfast,15.4,43.5,1.9,7.3,32.8,842,141,532,0.38
Snacks,Dinner,4.1,39.4,2.0,8.9,15.2,262,110,422,0.38
Grains,Lunch,4.0,15.1,25.5,1.2,10.3,142,645,208,5.42
Fruits,Lunch,21.8,26.7,6.5,0.4,11.4,130,244,452,1.6
Vegetables,Breakfast,33.0,84.0,13.6,0.3,20.2,564,937,558,2.88
Meat,Snack,43.9,63.5,1.3,3.0,28.0,508,122,212,0.29
Dairy,Lunch,21.0,32.1,34.2,6.8,33.6,211,382,436,7.56
Meat,Breakfast,29.8,77.8,31.6,7.2,49.9,16,692,331,6.33
Vegetables,Breakfast,34.9,83.9,2.8,3.6,43.0,635,256,498,0.57
Fruits,Lunch,30.9,38.7,31.3,6.3,36.3,323,175,332,7.13
Fruits,Snack,16.8,15.8,3.6,3.5,15.4,288,953,158,0.9
Meat,Snack,17.7,52.5,32.5,0.8,19.7,126,129,152,6.74
Fruits,Dinner,20.3,9.7,2.4,4.8,34.7,623,941,114,0.63
Meat,Dinner,10.0,54.0,29.6,6.1,35.2,607,603,441,5.49
Dairy,Snack,46.9,91.7,9.5,5.9,6.8,921,979,419,2.31
Vegetables,Breakfast,29.8,33.5,12.0,2.9,10.4,886,351,150,3.02
Fruits,Snack,34.3,85.7,15.5,8.7,16.8,665,256,522,3.34
Beverages,Dinner,42.0,79.2,38.8,5.8,2.8,285,119,337,10.31
Beverages,Lunch,26.7,51.9,19.4,9.3,30.1,984,861,414,4.16
Snacks,Dinner,22.3,45.2,3.5,4.4,49.5,610,193,147,0.73
Dairy,Snack,38.9,37.1,13.0,0.1,28.7,763,306,348,3.13
Fruits,Breakfast,26.0,21.8,39.7,1.8,16.7,16,204,545,10.04
Snacks,Dinner,1.2,93.0,16.1,8.2,28.7,639,755,339,2.68
Beverages,Lunch,7.8,74.3,31.6,2.4,28.2,623,530,466,5.66
Snacks,Lunch,47.3,88.4,42.9,5.3,44.9,22,231,259,9.09
Dairy,Lunch,25.7,13.5,29.1,0.6,10.6,970,491,394,8.09
Snacks,Dinner,10.4,97.4,41.7,0.9,47.1,997,475,459,7.25
Fruits,Breakfast,9.8,81.9,48.3,6.9,35.4,860,725,271,8.61
Beverages,Breakfast,16.9,53.3,13.2,4.0,34.0,69,824,426,2.62
Fruits,Snack,47.6,46.7,2.2,9.1,9.9,997,691,84,0.57
Meat,Lunch,33.2,27.0,2.3,1.6,33.5,660,303,584,0.56
Snacks,Breakfast,43.7,79.6,7.5,8.1,1.0,115,852,183,2.15
Meat,Dinner,25.8,8.9,49.5,9.8,25.6,982,725,385,13.6
Dairy,Snack,9.5,24.4,12.4,9.1,1.7,674,502,344,3.29
Vegetables,Snack,10.9,83.8,40.9,9.3,13.1,72,972,576,7.96
Vegetables,Breakfast,25.5,19.8,8.7,6.3,28.1,25,750,545,2.16
Snacks,Dinner,25.2,99.4,35.1,7.0,32.2,900,362,142,6.79
Meat,Lunch,41.8,54.1,27.4,4.8,36.6,718,179,495,6.21
Grains,Snack,48.4,48.9,2.8,5.5,38.4,578,755,280,0.66
Dairy,Breakfast,41.2,69.4,43.2,7.7,11.1,290,688,482,10.21
Dairy,Breakfast,43.2,27.4,44.4,2.1,7.2,345,527,574,12.5
Snacks,Breakfast,1.9,84.4,34.9,3.2,44.6,5,810,207,5.7
Beverages,Dinner,33.2,86.7,32.9,8.0,23.1,507,218,215,6.88
Vegetables,Dinner,11.9,45.0,8.2,7.4,27.4,430,108,137,1.61
Beverages,Snack,42.4,32.3,29.2,1.5,4.5,638,335,113,8.37
Vegetables,Breakfast,25.3,84.5,39.1,5.8,45.2,584,374,83,7.59
Grains,Snack,44.1,88.0,24.0,6.7,2.6,200,157,180,6.37
Grains,Dinner,47.0,27.1,10.9,3.6,5.8,523,883,546,3.16
Snacks,Breakfast,50.0,43.4,8.4,0.9,34.8,423,412,238,2.03
Snacks,Lunch,27.1,58.4,35.9,5.3,40.3,213,810,600,7.47
Snacks,Snack,3.7,67.2,36.4,0.5,49.1,907,710,517,6.08
Meat,Dinner,11.8,18.1,13.5,9.1,42.4,339,999,227,2.94
Grains,Lunch,12.5,60.0,41.2,0.9,49.0,66,622,366,7.61
Snacks,Lunch,23.5,41.2,19.9,6.7,35.8,45,825,394,4.3
Meat,Snack,49.7,58.8,14.9,4.7,40.6,17,736,117,3.41
Vegetables,Dinner,39.5,54.0,28.3,4.4,21.2,307,419,170,6.56
Fruits,Breakfast,13.0,20.1,17.2,5.5,43.2,381,990,316,3.74
Fruits,Dinner,14.8,6.1,39.9,1.5,14.8,330,816,183,11.04
Vegetables,Dinner,25.3,84.6,48.0,7.2,46.2,403,723,208,9.31
Beverages,Breakfast,23.7,53.1,18.1,0.4,20.8,408,129,247,3.89
Fruits,Breakfast,16.2,52.5,42.4,1.0,46.7,692,810,521,8.25
Dairy,Snack,17.8,91.8,26.1,1.2,26.6,878,558,535,4.96
Grains,Lunch,40.8,64.8,30.3,0.1,26.2,112,382,502,6.77
Snacks,Dinner,44.5,81.6,42.9,8.6,1.6,385,580,108,11.94
Vegetables,Lunch,31.2,10.6,28.3,5.9,12.7,450,751,484,8.14
Meat,Snack,5.6,70.9,29.2,7.4,16.2,119,802,399,5.39
Fruits,Dinner,41.9,63.2,8.4,4.0,42.8,730,783,98,1.85
Beverages,Breakfast,47.7,55.5,11.5,2.1,20.1,315,926,239,2.74
Dairy,Dinner,1.1,99.8,21.8,8.0,6.2,172,354,417,4.28
Grains,Snack,31.4,10.6,16.7,4.0,6.5,499,787,592,5.06
Dairy,Lunch,26.0,10.3,47.7,9.2,21.4,52,680,117,13.05
Snacks,Breakfast,8.6,78.4,37.9,6.3,41.0,510,126,436,6.65
Snacks,Breakfast,31.5,17.2,8.3,3.3,11.2,460,506,317,2.29
Meat,Breakfast,43.0,55.8,48.7,4.7,3.9,784,128,548,13.19
Dairy,Snack,23.5,82.4,11.3,1.1,21.5,546,377,112,2.28
Snacks,Lunch,3.0,68.9,47.7,1.7,37.3,841,503,449,8.01
Dairy,Snack,40.7,87.5,49.8,1.2,10.4,766,306,374,11.44
Fruits,Snack,24.5,12.4,31.0,6.0,0.9,617,915,317,10.28
Meat,Lunch,1.2,57.7,14.5,7.2,7.4,853,416,257,2.8
Meat,Snack,40.4,16.4,25.9,3.7,43.4,726,680,504,6.87
Snacks,Breakfast,9.8,35.8,8.0,2.8,14.0,725,979,505,1.66
Snacks,Lunch,34.2,43.0,16.0,8.7,46.7,747,419,179,3.6
Snacks,Breakfast,38.2,41.0,18.3,0.4,35.4,569,897,330,4.28
Snacks,Snack,41.7,9.6,24.6,5.1,41.6,734,272,115,6.9
Grains,Snack,34.1,62.1,14.4,5.9,21.0,362,780,109,3.19
Vegetables,Lunch,22.9,62.8,47.9,4.4,14.4,789,988,195,10.32
Beverages,Lunch,33.0,78.2,36.4,8.5,38.4,20,254,463,7.49
Dairy,Snack,48.2,15.3,43.4,7.6,37.5,243,829,96,11.89
Snacks,Snack,40.0,36.0,5.2,2.7,23.0,120,999,525,1.28
Vegetables,Dinner,21.7,80.1,5.4,6.1,15.6,750,229,545,1.11
Grains,Dinner,47.8,57.1,35.4,6.6,42.2,446,482,180,8.08
Grains,Dinner,2.8,62.1,37.7,9.0,37.2,342,305,212,6.34
Snacks,Breakfast,43.0,19.4,28.2,8.6,40.7,387,711,443,7.41
Meat,Snack,22.7,97.4,11.3,2.2,1.3,357,684,306,2.91
Fruits,Snack,36.2,28.2,22.7,0.5,37.0,437,746,357,5.56
Meat,Snack,22.9,50.1,17.0,0.6,38.3,839,247,251,3.54
Dairy,Lunch,46.7,30.4,23.5,8.9,5.6,884,531,186,6.74
Snacks,Lunch,3.1,30.6,8.5,0.8,21.5,846,298,367,1.55
Meat,Lunch,48.8,41.9,37.1,6.5,39.9,363,699,132,8.94
Fruits,Lunch,25.7,31.8,19.8,4.0,28.2,154,321,369,4.57
Dairy,Breakfast,9.3,45.3,27.7,9.0,5.6,445,706,376,6.16
Snacks,Breakfast,16.0,11.9,49.2,5.4,33.8,703,495,358,12.1
Grains,Dinner,13.5,23.4,15.5,6.8,44.7,517,997,331,3.31
Dairy,Snack,28.5,35.9,48.1,4.0,36.6,168,638,92,10.94
Vegetables,Dinner,22.0,61.5,38.4,2.8,21.6,325,636,353,7.98
Fruits,Snack,25.2,56.0,15.3,0.2,2.9,25,432,392,3.97
Vegetables,Lunch,18.7,86.0,25.6,4.0,27.6,476,611,444,4.91
Beverages,Dinner,20.0,40.9,15.4,4.2,18.1,168,439,71,3.39
Vegetables,Snack,5.6,11.3,32.5,4.6,30.2,751,331,464,6.86
Snacks,Breakfast,6.0,46.3,7.3,3.7,42.5,670,187,592,1.3
Beverages,Lunch,1.2,84.8,10.8,4.7,9.7,486,977,80,2.01
Dairy,Breakfast,34.2,78.0,41.0,2.6,30.3,737,372,108,8.59
Dairy,Dinner,31.5,42.0,13.9,2.3,39.6,362,916,358,3.12
Grains,Lunch,23.2,34.5,24.3,6.9,45.4,488,504,237,5.33
Meat,Dinner,45.1,28.9,28.9,3.8,18.8,797,547,296,7.55
Snacks,Dinner,13.0,65.6,4.5,4.9,33.7,537,537,535,0.84
Fruits,Lunch,20.4,13.8,23.2,3.7,46.1,99,353,410,5.72
Grains,Dinner,8.9,34.3,19.1,9.5,16.1,579,826,221,3.89
Dairy,Dinner,28.0,26.7,44.9,1.7,13.5,157,540,489,11.33
Fruits,Snack,22.8,93.8,24.4,7.6,19.2,608,525,172,4.87
Snacks,Breakfast,34.7,95.0,18.3,3.8,31.9,164,669,429,3.72
Beverages,Lunch,32.6,61.5,18.9,7.7,26.4,574,242,560,4.11
Grains,Dinner,44.5,66.0,4.5,4.4,10.7,774,883,170,1.09
Dairy,Breakfast,16.2,53.3,18.5,7.2,1.4,373,325,149,4.86
Meat,Snack,14.3,53.0,23.1,3.3,40.1,853,236,88,4.45
Fruits,Lunch,46.1,69.9,19.6,4.0,46.3,442,311,476,4.29
Grains,Dinner,8.5,88.1,11.5,6.1,48.0,146,767,258,1.98
Meat,Dinner,44.7,33.2,45.9,7.2,16.9,541,201,272,11.83
Dairy,Breakfast,34.1,89.5,8.2,7.5,15.5,192,1000,585,1.77
Fruits,Breakfast,41.8,12.0,37.7,7.6,40.3,208,536,303,10.38
Snacks,Breakfast,7.3,35.0,26.4,4.7,34.0,484,922,480,4.97
Beverages,Snack,21.5,79.6,25.9,3.9,37.9,576,222,119,5.0
Dairy,Lunch,12.1,17.1,22.7,8.9,36.8,949,953,219,5.04
Dairy,Lunch,49.2,99.3,18.4,1.6,37.1,328,567,336,3.89
Dairy,Breakfast,29.9,53.8,24.4,9.8,34.8,886,435,193,5.26
Snacks,Snack,45.1,88.5,5.2,6.7,0.3,269,609,447,1.53
Dairy,Breakfast,40.8,97.0,19.8,5.8,19.4,971,807,596,4.25
Grains,Breakfast,24.1,39.8,10.1,6.9,35.1,933,944,523,2.2
Beverages,Dinner,21.4,7.4,24.6,2.8,18.2,714,954,187,6.87
Dairy,Lunch,13.6,79.3,28.8,2.9,27.5,137,352,325,5.39
Vegetables,Dinner,34.4,51.5,40.6,1.1,43.5,419,593,149,8.92
Beverages,Snack,49.4,34.2,41.0,4.3,45.1,891,492,528,10.15
Snacks,Snack,19.3,7.2,44.2,3.1,17.0,825,218,52,12.29
Fruits,Breakfast,5.8,80.9,18.9,8.7,21.6,760,205,251,3.38
Meat,Breakfast,43.5,73.1,8.9,9.4,42.9,30,165,358,1.92
Meat,Lunch,25.4,63.2,27.2,3.9,43.9,266,391,313,5.51
Vegetables,Dinner,39.6,38.1,2.1,1.4,8.2,771,107,186,0.55
Grains,Breakfast,13.3,85.4,19.0,5.4,45.6,478,683,73,3.42
Fruits,Dinner,9.8,26.1,41.5,6.0,40.6,722,509,399,8.33
Grains,Breakfast,4.6,58.6,43.3,5.7,5.5,19,814,413,9.02
Meat,Dinner,25.1,62.3,12.8,8.3,42.6,962,681,581,2.6
Snacks,Breakfast,26.4,66.4,10.3,2.7,17.1,613,109,495,2.21
Dairy,Dinner,38.1,61.4,30.5,8.5,40.8,559,412,187,6.64
Snacks,Snack,32.4,20.9,25.2,3.4,13.5,977,675,355,6.72
Vegetables,Dinner,31.4,75.4,7.8,9.6,13.3,239,448,555,1.72
Vegetables,Lunch,12.2,65.4,13.6,3.4,36.9,431,755,326,2.52
Beverages,Lunch,11.8,44.1,37.9,0.6,41.2,792,269,376,7.27
Fruits,Lunch,19.6,30.1,18.8,4.7,39.5,382,318,579,4.12
Fruits,Breakfast,19.9,92.9,22.9,9.9,25.9,660,640,206,4.41
Vegetables,Dinner,36.7,37.4,3.9,2.5,29.9,826,464,163,0.93
Dairy,Breakfast,6.5,87.9,45.3,5.2,20.2,137,773,558,8.16
Snacks,Snack,39.4,24.1,28.4,3.9,7.5,858,974,156,8.0
Vegetables,Breakfast,34.9,98.5,40.2,6.6,31.8,647,221,283,8.14
Snacks,Dinner,45.6,18.4,43.7,4.6,37.0,836,668,490,11.67
Meat,Dinner,5.7,34.6,45.5,3.8,37.6,690,509,260,8.3
Grains,Lunch,43.1,59.1,18.6,6.1,16.2,256,602,441,4.39
Vegetables,Snack,47.7,45.6,43.4,4.4,33.8,87,921,70,10.36
Dairy,Dinner,12.9,22.3,47.9,4.5,15.7,687,692,109,10.9
Vegetables,Lunch,3.4,32.9,37.0,9.6,41.9,564,191,307,6.45
Fruits,Lunch,8.2,72.1,36.1,8.4,11.4,681,111,561,7.06
Meat,Snack,32.7,91.4,49.2,6.8,36.5,598,507,54,9.9
Meat,Lunch,19.5,58.8,42.6,5.9,7.4,889,987,491,9.68
Snacks,Breakfast,31.4,45.7,47.2,3.1,21.0,73,762,598,10.83
Vegetables,Breakfast,13.1,35.1,31.2,8.7,1.6,174,438,458,8.29
Vegetables,Lunch,33.4,85.4,13.8,9.4,49.4,205,767,89,2.77
Snacks,Snack,42.2,26.4,40.7,4.6,43.5,330,613,184,10.23
Beverages,Lunch,20.7,51.6,39.5,6.6,1.5,111,139,237,10.64
Beverages,Lunch,28.9,16.2,2.5,6.4,8.2,89,651,453,0.7
Beverages,Dinner,22.2,90.4,46.5,4.0,2.2,788,461,364,11.57
Vegetables,Breakfast,19.7,24.6,42.1,4.6,46.1,28,893,509,9.47
Beverages,Lunch,17.5,90.1,32.4,5.6,5.0,920,596,301,7.26
Beverages,Lunch,47.8,18.2,38.5,6.2,15.8,877,795,527,10.82
Dairy,Breakfast,28.2,59.9,5.3,8.9,8.7,449,896,444,1.24
Beverages,Dinner,12.2,93.0,17.9,8.8,26.2,885,546,513,3.28
Fruits,Dinner,2.6,77.5,5.4,0.4,16.4,148,206,508,0.96
Meat,Snack,13.5,68.1,7.7,8.7,4.6,217,765,504,1.74
Grains,Lunch,32.8,54.2,13.6,7.3,33.3,162,857,217,2.98
Grains,Breakfast,36.7,32.8,8.0,1.0,30.5,582,484,266,1.94
Grains,Lunch,6.2,17.0,29.2,6.4,7.2,208,992,227,6.7
Vegetables,Breakfast,18.3,45.8,35.4,8.9,26.3,105,954,203,7.37
Dairy,Lunch,26.8,62.8,43.7,5.0,3.8,518,150,461,10.98
Beverages,Snack,27.0,95.7,36.7,1.5,40.3,241,906,552,7.11
Fruits,Lunch,46.0,18.8,6.6,4.4,32.1,428,683,440,1.77
Snacks,Snack,20.7,57.7,36.9,6.0,15.2,602,371,170,7.89
Beverages,Dinner,10.1,97.1,7.5,1.2,1.2,499,586,573,1.83
Dairy,Lunch,31.7,22.4,39.5,8.7,0.5,233,817,95,12.92
Beverages,Snack,42.7,98.3,16.8,0.3,2.6,145,497,113,4.38
Vegetables,Lunch,1.2,34.7,40.0,8.6,13.7,342,552,236,7.26
Meat,Snack,4.4,75.7,38.3,3.5,4.3,28,667,248,8.12
Snacks,Dinner,5.8,65.7,26.6,8.0,33.8,893,800,362,4.65
Dairy,Breakfast,38.3,53.6,4.8,9.3,25.6,348,482,161,1.1
Dairy,Breakfast,47.0,46.1,37.0,2.0,1.7,501,516,385,11.08
Grains,Breakfast,3.6,71.1,11.5,1.3,21.8,123,205,472,2.02
Vegetables,Breakfast,29.9,22.2,43.6,9.9,49.5,464,710,263,10.62
Snacks,Snack,10.9,69.9,32.3,9.4,22.0,359,131,590,6.09
Fruits,Breakfast,10.1,82.7,4.9,3.1,44.3,978,235,546,0.86
Meat,Dinner,13.5,84.7,17.0,8.1,37.5,958,722,507,3.1
Dairy,Snack,19.9,54.9,36.6,3.7,42.4,660,902,392,7.32
Beverages,Snack,42.3,20.1,25.2,2.6,15.3,423,266,463,6.92
Vegetables,Breakfast,8.8,71.1,5.8,2.5,7.0,352,967,571,1.21
Dairy,Breakfast,27.5,26.5,12.5,4.8,37.5,921,715,478,2.96
Fruits,Dinner,23.8,98.7,14.9,5.7,13.6,402,454,253,3.07
Snacks,Dinner,4.9,10.7,2.5,2.8,9.8,863,108,137,0.57
Grains,Breakfast,36.1,86.2,37.0,4.4,1.7,89,461,181,9.94
Grains,Lunch,5.7,59.6,17.6,6.7,33.2,611,556,406,3.1
Vegetables,Lunch,24.3,58.0,24.7,6.1,22.7,538,426,87,5.23
Snacks,Lunch,10.1,54.4,45.5,9.1,28.5,792,364,390,8.56
Grains,Breakfast,42.5,94.0,15.6,6.7,0.7,756,879,284,4.43
Fruits,Lunch,15.3,99.2,11.7,5.7,49.4,904,475,461,2.1
Grains,Breakfast,2.0,75.1,16.6,3.8,20.5,67,568,162,2.88
Snacks,Snack,44.6,85.8,26.8,6.1,38.9,781,950,196,5.69
Dairy,Breakfast,25.2,94.1,47.7,4.5,5.6,534,577,363,10.9
Snacks,Dinner,3.9,97.6,2.4,9.1,49.1,323,850,349,0.4
Beverages,Dinner,23.7,20.2,19.6,3.4,49.8,399,101,420,4.67
Vegetables,Dinner,10.7,32.6,38.9,6.1,24.7,191,688,233,7.9
Dairy,Lunch,17.9,73.3,12.4,6.4,11.1,74,950,212,2.61
Fruits,Lunch,6.8,40.8,27.3,2.8,31.0,90,618,507,5.05
Meat,Dinner,27.7,33.3,42.6,2.0,9.3,289,767,579,10.73
Grains,Dinner,3.2,75.3,40.7,9.1,29.6,342,239,218,6.94
Fruits,Lunch,36.6,98.6,14.9,3.9,47.4,388,357,455,2.98
Snacks,Dinner,40.6,13.1,15.0,3.0,27.4,176,632,223,4.15
Grains,Snack,31.2,26.0,41.3,2.5,17.7,538,124,547,10.43
Snacks,Snack,22.8,77.0,2.4,0.7,48.3,131,344,389,0.46
Snacks,Snack,26.3,48.2,21.8,9.1,14.0,151,690,240,4.98
Beverages,Breakfast,23.4,7.7,23.2,9.5,10.4,737,429,535,6.77
Beverages,Breakfast,32.0,14.8,8.2,1.3,10.8,603,579,449,2.31
Grains,Dinner,3.1,32.3,2.7,7.8,5.6,960,737,558,0.57
Dairy,Breakfast,17.1,90.9,25.3,1.3,32.7,823,239,120,4.73
Vegetables,Snack,45.7,21.9,19.9,8.4,9.5,817,294,59,5.66
Grains,Breakfast,20.3,83.7,10.0,0.8,27.1,812,717,571,1.95
Grains,Lunch,22.2,99.3,3.9,6.4,25.8,92,986,483,0.75
Snacks,Dinner,21.7,16.1,30.2,7.0,13.1,865,668,231,7.9
Snacks,Breakfast,18.9,20.3,42.0,3.9,31.7,13,857,53,9.83
Dairy,Breakfast,34.1,38.9,11.7,8.1,36.8,265,832,400,2.7
Grains,Snack,42.4,25.5,17.8,1.4,9.1,592,889,181,4.94
Fruits,Snack,23.5,65.2,34.3,4.4,48.2,867,999,93,6.82
Snacks,Breakfast,48.9,64.9,32.9,3.0,43.8,539,608,475,7.37
Fruits,Snack,46.7,19.3,40.1,9.3,17.5,213,993,362,11.1
Dairy,Breakfast,37.5,44.7,10.2,4.9,3.6,43,506,75,2.81
Beverages,Lunch,43.2,6.0,26.1,8.5,4.9,273,628,421,8.6
Beverages,Lunch,49.5,68.9,34.0,5.1,12.7,47,572,457,8.17
Dairy,Snack,9.1,29.8,43.2,2.9,14.2,230,421,367,9.08
Meat,Breakfast,45.3,77.5,48.9,7.9,5.0,825,361,232,12.46
Snacks,Breakfast,31.5,35.5,34.7,7.2,2.6,807,737,71,9.9
Meat,Snack,1.6,64.4,28.6,7.6,45.8,431,176,264,4.67
Fruits,Breakfast,32.3,39.5,44.1,2.7,46.1,878,772,499,9.98
Meat,Lunch,23.4,60.7,34.2,1.4,38.9,434,254,395,6.93
Beverages,Snack,17.8,72.0,24.7,9.0,5.7,884,660,339,5.59
Dairy,Snack,33.5,6.6,14.1,9.0,27.2,457,893,218,4.06
Vegetables,Breakfast,5.2,84.0,37.0,3.6,6.9,338,707,175,7.42
Snacks,Lunch,18.7,67.7,11.8,1.0,8.8,212,229,241,2.58
Grains,Dinner,9.4,65.4,27.7,2.6,13.3,284,638,554,5.43
Vegetables,Dinner,19.4,62.3,12.7,5.7,41.5,703,610,158,2.49
Fruits,Lunch,30.3,95.4,38.8,5.0,27.0,849,295,146,7.82
Beverages,Snack,21.7,29.8,18.5,8.3,27.9,587,435,465,4.2
Beverages,Lunch,6.7,95.5,40.6,2.0,20.7,24,965,421,7.28
Meat,Dinner,30.1,99.0,38.9,8.0,0.4,308,292,540,10.79
Meat,Dinner,2.3,39.7,48.3,2.9,49.3,488,746,113,8.08
Beverages,Lunch,17.8,10.4,5.1,4.2,33.9,608,720,238,1.3
Fruits,Dinner,10.7,61.4,18.5,2.5,28.7,802,694,497,3.46
Fruits,Dinner,33.3,66.1,34.1,5.6,19.5,198,461,168,7.51
Meat,Snack,19.8,45.0,31.9,0.2,14.5,639,192,250,7.04
Fruits,Lunch,22.4,54.7,48.3,1.1,36.5,559,623,446,9.9
Grains,Lunch,15.8,81.0,28.8,3.7,42.5,299,477,255,5.32
Fruits,Breakfast,36.0,24.1,34.9,2.7,32.5,623,247,227,8.78
Dairy,Dinner,9.9,74.4,44.4,6.7,33.6,516,313,103,8.01
Dairy,Dinner,3.2,7.6,25.5,1.6,31.4,265,864,279,5.21
Dairy,Snack,49.5,72.5,36.9,5.5,47.5,528,752,109,8.11
Fruits,Dinner,3.5,92.3,19.1,0.7,34.0,581,411,515,3.21
Meat,Lunch,19.5,78.7,49.3,0.1,5.9,987,880,80,11.11
Beverages,Lunch,34.9,85.8,16.8,3.8,18.7,171,779,180,3.6
Vegetables,Breakfast,46.2,84.9,15.5,7.7,36.1,158,289,546,3.33
Snacks,Lunch,18.9,27.8,20.8,4.8,18.1,378,880,321,4.81
Vegetables,Dinner,29.7,95.0,14.7,2.7,37.4,314,321,174,2.9
Vegetables,Breakfast,34.0,53.3,47.2,2.5,42.2,635,202,226,10.31
Vegetables,Lunch,40.1,98.6,10.1,9.8,36.0,886,674,491,2.07
Meat,Breakfast,36.0,86.6,40.2,7.0,11.1,939,466,597,9.03
Fruits,Breakfast,37.6,91.3,38.3,8.0,17.5,417,314,434,8.26
Meat,Lunch,20.6,97.1,7.7,2.8,10.0,279,558,548,1.61
Snacks,Lunch,39.1,22.4,6.3,0.1,29.1,938,898,113,1.63
Snacks,Lunch,43.8,89.8,45.7,7.1,49.8,146,659,530,9.5
Meat,Lunch,48.1,18.5,4.0,8.4,28.7,182,847,425,1.09
Fruits,Breakfast,7.1,17.7,9.8,2.0,12.9,642,583,253,2.15
Vegetables,Lunch,5.7,65.1,31.0,4.9,45.1,894,213,349,5.33
Grains,Breakfast,2.7,30.8,19.3,0.2,13.1,524,710,389,3.65
Snacks,Snack,19.0,99.0,42.6,8.2,6.8,646,157,543,9.22
Fruits,Dinner,28.7,5.7,28.9,4.4,26.2,331,135,380,8.31
Dairy,Snack,3.5,31.3,45.5,5.0,28.6,279,249,510,8.17
Beverages,Dinner,16.2,98.5,4.6,1.0,30.6,819,897,252,0.85
Vegetables,Snack,19.0,77.2,13.6,6.2,16.7,951,451,328,2.75
Vegetables,Lunch,37.8,97.7,32.9,1.5,49.0,974,117,63,6.61
Meat,Dinner,19.2,77.6,37.2,0.1,30.1,743,934,78,7.21
Grains,Snack,34.3,88.9,26.4,9.1,35.7,79,896,375,5.38
Snacks,Snack,31.5,73.7,26.5,6.4,27.0,901,659,378,5.57
Beverages,Snack,9.4,9.9,6.2,6.7,15.3,147,508,335,1.51
Beverages,Lunch,36.7,70.8,37.0,3.6,23.9,863,146,274,8.07
Beverages,Lunch,7.3,48.1,7.0,4.6,10.5,427,378,149,1.41
Meat,Dinner,32.3,70.8,15.7,5.6,13.2,540,817,333,3.52
Fruits,Dinner,19.6,58.2,32.5,8.4,48.2,289,528,484,6.39
Vegetables,Snack,50.0,60.4,35.5,9.4,32.5,165,567,165,8.19
Vegetables,Dinner,23.8,7.9,15.0,3.8,8.6,995,423,404,4.44
Beverages,Breakfast,10.7,93.8,42.1,9.4,37.2,495,860,387,7.45
Beverages,Dinner,46.5,62.1,11.4,0.5,32.7,639,660,238,2.59
Meat,Dinner,3.0,29.8,5.7,8.2,7.0,50,813,215,1.17
Meat,Dinner,6.2,41.4,23.5,1.4,21.0,716,781,276,4.43
Beverages,Breakfast,1.5,49.1,28.9,9.6,10.9,824,276,373,5.37
Meat,Breakfast,15.2,15.6,17.0,0.5,37.1,554,234,409,3.97
Fruits,Breakfast,36.8,76.5,39.1,3.8,44.8,445,167,502,8.15
Dairy,Lunch,31.8,94.5,31.2,1.3,22.0,536,755,368,6.43
Snacks,Lunch,43.0,93.0,32.4,0.9,43.1,795,593,366,6.72
Vegetables,Lunch,9.9,54.0,28.7,8.4,9.3,792,436,222,5.97
Meat,Lunch,16.8,21.2,29.5,1.2,22.6,568,853,348,6.87
Beverages,Dinner,11.9,82.9,38.5,4.2,3.4,404,664,549,8.78
Dairy,Lunch,28.6,79.9,24.0,3.5,37.1,745,796,572,4.83
Meat,Dinner,18.4,48.1,46.8,5.4,20.0,803,714,158,9.87
Grains,Snack,16.5,40.0,19.0,0.2,47.0,518,511,164,3.85
Snacks,Dinner,5.6,92.4,17.1,4.5,28.0,185,717,331,2.97
Snacks,Lunch,10.1,92.5,11.9,3.1,49.8,479,258,564,2.07
Snacks,Dinner,10.8,73.3,4.4,1.5,26.6,764,433,303,0.81
Meat,Breakfast,27.4,11.0,2.9,5.4,8.8,433,832,287,0.84
Snacks,Breakfast,14.7,87.2,12.3,8.0,4.2,720,473,201,2.78
Vegetables,Lunch,44.1,49.3,24.4,1.0,45.2,376,696,571,5.61
Fruits,Lunch,18.2,53.6,21.1,8.5,36.0,980,575,259,4.21
Grains,Lunch,10.2,7.0,43.9,7.6,3.9,853,332,285,12.74
Fruits,Breakfast,27.7,19.5,12.8,5.7,42.1,95,587,361,3.16
Beverages,Dinner,22.3,99.6,41.7,7.2,45.9,81,295,242,7.8
Vegetables,Breakfast,33.4,26.9,35.4,2.8,4.4,200,325,469,10.09
Beverages,Breakfast,30.2,13.3,11.4,6.6,20.6,353,515,437,3.09
Grains,Snack,43.1,11.7,4.2,5.1,1.5,681,101,108,1.44
Meat,Breakfast,5.8,11.7,13.8,1.1,8.0,696,196,71,3.25
Fruits,Dinner,35.3,21.5,9.0,0.8,26.9,500,468,519,2.32
Beverages,Breakfast,48.0,8.2,2.6,7.2,23.3,763,488,106,0.76
Meat,Breakfast,39.5,6.8,30.9,4.0,19.3,881,905,391,9.14
Fruits,Snack,26.5,95.7,45.3,2.7,39.8,144,974,433,8.76
Meat,Lunch,12.9,75.7,40.7,8.8,29.8,447,979,561,7.57
Fruits,Lunch,23.2,12.0,48.7,7.1,2.6,682,610,302,15.19
Grains,Breakfast,41.8,21.2,48.7,6.9,5.2,434,358,373,14.46
Snacks,Breakfast,9.7,55.1,17.7,5.1,14.5,708,481,446,3.5
Beverages,Breakfast,8.6,7.4,48.6,1.6,49.8,683,977,426,11.42
Beverages,Breakfast,24.2,26.4,20.9,3.5,19.0,478,456,95,5.04
Fruits,Snack,23.8,24.6,19.5,0.5,14.6,915,429,188,4.83
Fruits,Dinner,15.2,85.3,10.7,6.9,21.5,793,550,129,2.05
Vegetables,Breakfast,7.4,17.5,41.7,9.2,25.2,393,220,419,8.73
Beverages,Dinner,32.6,69.3,4.0,8.0,4.6,293,984,311,1.0
Meat,Snack,29.2,63.4,22.9,4.4,2.5,789,874,189,6.03
Fruits,Breakfast,21.7,43.9,19.2,1.0,17.6,726,328,308,4.24
Grains,Breakfast,10.2,71.9,5.1,2.2,30.1,637,392,84,0.93
Fruits,Dinner,10.2,49.8,2.1,8.7,43.2,784,144,551,0.39
Beverages,Dinner,24.6,77.9,47.0,3.1,47.5,371,113,134,9.17
Meat,Snack,37.3,8.7,17.9,2.6,49.1,481,339,133,4.98
Grains,Snack,45.0,16.9,9.8,7.9,12.5,360,854,386,2.8
Meat,Breakfast,45.4,84.3,42.1,2.7,19.6,309,165,196,9.36
Grains,Breakfast,37.8,9.5,22.6,6.6,8.1,80,309,445,6.91
Dairy,Lunch,3.4,49.6,20.8,2.9,16.2,26,383,450,3.81
Snacks,Snack,23.9,48.3,22.3,1.3,7.7,204,264,59,5.32
Grains,Dinner,35.5,43.2,33.6,7.7,48.6,253,933,371,7.6
Vegetables,Lunch,6.3,98.0,5.8,7.9,34.6,71,381,569,1.0
Meat,Lunch,2.2,41.1,29.3,2.5,39.6,470,399,420,4.94
Vegetables,Snack,48.8,95.4,16.3,0.0,13.8,174,801,150,3.7
Grains,Dinner,24.4,73.2,8.4,0.6,31.7,215,343,506,1.69
Snacks,Dinner,19.4,22.3,22.6,0.2,39.0,324,251,197,5.19
Fruits,Breakfast,28.3,23.9,46.6,9.4,46.5,729,172,71,11.16
Grains,Breakfast,48.6,13.8,41.9,2.2,21.4,338,224,371,11.9
Beverages,Dinner,40.5,86.0,46.3,1.6,41.0,802,336,389,9.65
Meat,Lunch,13.1,44.6,20.1,2.2,12.1,807,491,250,4.28
Beverages,Dinner,43.4,26.0,47.6,3.2,34.4,187,361,307,12.15
Dairy,Breakfast,16.3,64.3,10.1,2.1,47.6,623,380,495,1.91
Vegetables,Breakfast,20.1,94.2,22.0,7.3,33.5,245,907,133,4.16
Meat,Dinner,28.9,96.8,7.6,2.9,29.6,217,889,50,1.51
Snacks,Dinner,26.1,64.0,14.9,3.5,9.9,426,561,456,3.38
Beverages,Dinner,17.2,54.9,28.8,4.8,4.4,626,725,373,6.87
Grains,Breakfast,19.6,30.2,35.1,5.1,41.6,169,668,95,7.67
Grains,Lunch,25.8,33.5,42.7,9.8,38.3,444,805,115,9.64
Fruits,Snack,6.6,69.9,43.8,5.4,32.8,296,923,528,7.71
Fruits,Breakfast,17.0,90.0,14.3,1.5,32.5,921,849,226,2.67
Snacks,Dinner,47.4,48.5,32.1,9.2,34.8,239,524,68,7.57
Vegetables,Breakfast,10.8,9.0,27.6,2.0,27.8,52,753,270,6.71
Beverages,Dinner,12.6,93.2,17.2,5.7,44.5,618,983,311,3.06
Snacks,Snack,46.9,34.8,23.1,6.5,23.1,983,841,439,5.84
Beverages,Breakfast,43.0,98.4,45.4,0.6,21.8,29,743,532,9.71
Grains,Lunch,47.3,31.2,49.6,5.2,44.9,270,707,446,12.36
Beverages,Lunch,5.6,78.9,32.5,8.7,27.3,850,882,330,5.7
Dairy,Breakfast,25.4,97.5,16.5,0.1,42.8,242,619,500,3.15
Dairy,Lunch,41.2,78.3,8.1,8.3,42.4,361,765,78,1.72
Beverages,Breakfast,12.8,91.6,17.3,9.5,26.9,307,362,276,3.18
Beverages,Breakfast,10.4,33.5,37.2,1.2,26.6,566,426,514,7.46
Snacks,Dinner,40.3,57.1,8.0,9.2,7.4,447,114,352,2.01
Grains,Breakfast,29.6,13.5,29.8,5.1,47.2,704,856,528,7.76
Beverages,Breakfast,3.4,50.1,46.1,1.3,43.0,201,864,423,7.83
Vegetables,Dinner,20.7,92.6,47.2,2.3,19.5,232,886,221,9.33
Beverages,Dinner,31.3,23.2,26.1,5.3,5.5,490,767,146,7.37
Vegetables,Lunch,11.6,92.1,47.8,8.5,31.6,744,316,64,8.62
Grains,Lunch,29.6,57.5,24.1,1.7,1.3,825,985,476,6.74
Vegetables,Breakfast,45.9,40.5,35.1,9.1,49.1,584,332,297,8.35
Grains,Breakfast,12.9,21.7,29.2,0.7,34.0,131,207,445,6.34
Dairy,Breakfast,42.7,73.2,1.3,8.5,9.8,628,107,425,0.31
Dairy,Snack,1.2,77.8,31.7,9.1,13.4,610,550,488,5.69
Vegetables,Lunch,31.9,69.6,27.3,3.2,9.8,153,139,359,6.29
Snacks,Lunch,12.4,40.1,24.6,1.9,16.2,32,340,497,5.13
Snacks,Lunch,13.8,18.8,48.1,1.3,0.8,821,966,423,14.32
Snacks,Dinner,23.8,79.3,35.9,4.8,40.9,303,387,343,7.01
Snacks,Breakfast,7.4,29.2,43.8,0.5,28.1,40,279,245,8.52
Beverages,Breakfast,25.0,43.4,29.0,0.9,45.6,973,314,568,6.2
Beverages,Lunch,5.9,68.0,26.0,6.1,46.4,528,562,534,4.46
Vegetables,Snack,23.1,41.7,47.2,2.7,3.6,913,999,328,12.31
Grains,Dinner,22.2,49.5,39.2,0.4,43.7,459,410,594,8.08
Grains,Breakfast,36.8,20.5,47.0,6.0,31.8,706,501,148,12.14
Beverages,Snack,9.1,31.2,6.4,0.9,24.7,682,468,438,1.28
Fruits,Breakfast,12.4,53.0,21.4,4.2,32.2,246,195,575,4.1
Beverages,Lunch,7.2,26.4,25.3,1.8,42.2,738,738,323,4.85
Snacks,Dinner,1.9,60.6,40.8,5.4,32.3,217,628,148,6.85
Vegetables,Snack,31.8,70.4,2.9,1.2,2.4,190,823,416,0.76
Fruits,Breakfast,21.1,86.1,31.5,0.1,27.8,159,366,363,6.13
Vegetables,Breakfast,36.7,18.4,7.0,6.4,5.2,686,323,246,2.08
Fruits,Lunch,28.9,82.8,49.6,10.0,18.2,776,829,200,10.42
Snacks,Snack,47.0,14.7,11.9,7.2,2.0,684,231,407,3.97
Fruits,Breakfast,6.8,89.0,1.6,8.6,33.8,932,311,420,0.28
Snacks,Breakfast,20.8,41.0,37.6,8.4,20.7,572,836,421,8.24
Beverages,Lunch,40.8,52.2,15.2,7.0,11.1,289,613,321,3.74
Meat,Lunch,13.7,95.3,5.1,5.2,32.7,871,504,529,0.93
Snacks,Dinner,44.1,47.5,21.4,3.7,5.7,867,859,127,5.74
Grains,Breakfast,37.0,62.8,11.9,2.1,33.3,376,759,255,2.6
Vegetables,Breakfast,48.9,30.4,4.2,3.5,30.0,903,851,70,1.07
Meat,Dinner,1.0,86.3,28.1,1.1,7.1,119,428,589,5.42
Beverages,Dinner,4.2,82.1,16.5,3.7,5.0,624,872,287,3.42
Beverages,Lunch,45.3,5.7,30.0,7.9,20.3,920,528,91,9.01
Meat,Dinner,18.1,25.5,26.3,4.6,14.7,48,613,258,6.21
Grains,Snack,28.2,12.0,23.8,5.4,34.4,934,359,286,6.32
Dairy,Snack,35.6,50.6,15.8,4.0,17.3,432,296,318,3.69
Beverages,Lunch,31.4,49.2,34.1,7.9,17.1,409,133,588,7.85
Vegetables,Lunch,36.0,99.9,12.6,1.1,20.3,106,622,185,2.64
Dairy,Breakfast,4.9,7.3,34.7,4.5,9.9,995,530,455,8.3
Fruits,Snack,12.9,38.9,21.4,8.2,6.1,921,713,96,4.96
Meat,Breakfast,21.0,74.7,14.5,0.3,12.9,403,1000,178,3.05
Beverages,Lunch,10.9,68.7,5.0,1.8,41.5,15,167,248,0.91
Dairy,Lunch,30.2,67.3,8.1,8.3,7.2,707,981,392,1.92
Meat,Breakfast,6.7,82.6,16.9,3.9,14.3,785,337,452,3.16
Fruits,Snack,47.1,19.1,37.1,8.7,44.7,686,696,250,9.84
Meat,Lunch,22.5,90.6,24.5,5.8,12.0,775,719,397,5.12
Snacks,Lunch,40.5,21.1,5.6,3.4,42.6,77,866,459,1.44
Dairy,Breakfast,40.0,70.9,32.4,1.5,26.7,936,652,544,7.11
Snacks,Snack,23.7,31.2,7.3,0.1,31.0,575,710,69,1.66
Fruits,Dinner,2.2,39.1,17.0,6.5,34.2,195,136,580,2.9
Fruits,Dinner,12.7,50.7,6.4,9.6,24.8,221,430,456,1.26
Grains,Dinner,23.8,72.8,22.4,1.8,32.9,450,723,346,4.47
Dairy,Dinner,32.0,83.2,13.8,6.9,37.6,983,336,481,2.8
Dairy,Lunch,13.8,71.6,27.2,8.6,20.0,952,245,66,5.28
Snacks,Snack,6.3,62.0,17.1,5.3,4.6,71,799,208,3.69
Grains,Breakfast,14.7,25.6,50.0,8.6,27.7,216,325,348,10.93
Dairy,Lunch,41.7,16.0,31.8,0.9,28.4,116,252,578,8.63
Dairy,Dinner,9.4,45.4,34.8,3.5,4.4,279,233,160,7.95
Vegetables,Snack,15.6,16.5,39.0,7.3,8.0,469,686,252,10.11
Vegetables,Lunch,3.5,47.7,28.1,2.8,24.2,286,187,328,4.98
Snacks,Lunch,21.3,47.1,30.7,5.8,18.6,575,468,80,6.67
Vegetables,Breakfast,48.0,79.1,24.7,5.4,14.4,400,454,261,5.73
Vegetables,Lunch,31.0,76.4,11.8,9.9,7.0,984,514,164,2.77
Meat,Lunch,26.7,51.8,32.1,2.0,35.8,593,308,434,6.83
Grains,Snack,19.2,19.9,48.4,2.3,21.1,281,619,257,11.66
Fruits,Lunch,32.6,8.3,32.4,7.7,13.6,86,507,383,9.51
Grains,Snack,19.2,73.7,24.5,8.0,4.0,742,499,273,5.79
Fruits,Snack,20.5,80.4,29.0,8.7,39.8,446,581,472,5.55
Grains,Lunch,35.1,69.5,35.1,9.9,33.7,146,967,190,7.47
Fruits,Dinner,6.6,19.3,29.0,2.6,47.1,959,307,566,5.7
Beverages,Dinner,14.8,60.8,33.2,6.4,40.4,818,377,464,6.31
Beverages,Breakfast,23.4,73.6,46.2,0.6,39.0,609,334,599,9.11
Grains,Breakfast,10.7,51.3,26.4,0.1,48.7,723,955,386,4.88
Beverages,Snack,14.0,6.5,46.7,4.4,0.0,384,782,78,16.24
Grains,Snack,47.4,95.4,31.3,9.3,46.6,200,603,100,6.55
Beverages,Dinner,22.3,8.9,9.5,1.3,1.3,361,861,446,3.17
Beverages,Breakfast,20.4,99.1,6.5,0.3,35.5,681,508,555,1.22
Beverages,Snack,19.8,72.8,6.8,9.4,43.5,208,572,193,1.31
Dairy,Snack,26.9,7.7,16.0,6.5,30.8,37,451,506,4.44
Beverages,Breakfast,4.3,23.6,20.4,6.6,49.1,49,137,297,3.7
Beverages,Lunch,2.2,10.0,23.6,0.9,24.1,337,651,304,4.54
Vegetables,Dinner,12.8,70.9,15.1,9.1,5.0,937,931,529,3.36
Meat,Lunch,35.3,38.4,18.7,2.2,35.2,672,323,70,4.36
Grains,Breakfast,14.0,99.3,46.6,4.0,20.4,269,143,359,8.76
Dairy,Lunch,2.2,73.9,19.1,3.7,41.0,998,630,437,3.15
Meat,Breakfast,40.4,70.8,10.7,7.9,1.6,359,829,471,2.99
Beverages,Lunch,22.7,5.7,4.0,9.1,33.9,564,235,497,1.11
Grains,Dinner,14.9,77.9,42.0,8.3,48.1,900,825,277,7.7
Beverages,Dinner,46.2,80.7,35.8,8.1,17.9,959,541,441,8.09
Grains,Breakfast,14.1,68.7,14.7,1.6,42.0,865,245,290,2.73
Fruits,Dinner,37.6,95.3,26.0,10.0,36.9,444,844,421,5.31
Grains,Dinner,31.7,57.8,24.4,6.9,27.8,759,800,224,5.31
Meat,Snack,44.9,99.1,6.9,3.2,48.0,478,982,321,1.42
Dairy,Lunch,19.9,36.2,22.9,6.3,1.6,695,389,409,6.37
Vegetables,Lunch,32.0,14.1,46.1,7.6,40.1,67,468,493,12.12
Dairy,Breakfast,12.7,99.4,25.8,8.0,44.2,512,860,520,4.57
Vegetables,Snack,3.7,43.2,26.6,6.8,7.6,188,146,107,5.35
Snacks,Breakfast,12.0,32.8,15.0,8.9,37.7,402,448,444,3.02
Beverages,Dinner,2.5,89.0,18.0,6.3,33.6,54,958,549,3.01
Snacks,Dinner,36.0,59.4,36.4,7.5,1.2,56,242,485,10.43
Fruits,Lunch,18.1,44.3,48.8,6.3,19.1,137,386,158,10.42
Beverages,Dinner,26.7,67.7,30.7,5.0,10.5,839,914,515,6.88
Dairy,Lunch,24.0,27.9,36.7,9.9,19.1,87,468,214,8.76
Dairy,Snack,2.9,82.6,18.3,6.5,35.8,307,644,385,3.06
Fruits,Dinner,23.2,70.3,5.3,2.1,32.9,781,248,446,1.06
Dairy,Breakfast,36.4,84.4,29.9,6.3,35.1,721,786,310,6.2
Snacks,Dinner,25.1,45.9,46.6,2.1,7.8,627,553,114,11.25
Fruits,Lunch,29.9,61.2,25.5,5.1,23.1,733,391,409,5.52
Meat,Dinner,19.7,83.8,15.0,0.9,30.1,551,169,315,2.89
Snacks,Lunch,31.6,91.4,24.8,4.1,6.8,521,102,542,5.72
Snacks,Dinner,3.8,86.5,39.4,8.9,38.2,234,721,225,6.61
Fruits,Snack,40.5,85.8,31.9,4.6,13.1,259,368,147,7.19
Vegetables,Breakfast,36.0,92.3,23.2,3.7,26.2,409,478,375,4.82
Snacks,Lunch,16.8,83.0,12.1,7.1,40.7,316,929,115,2.25
Fruits,Breakfast,3.6,66.9,3.1,0.7,17.7,869,793,394,0.56
Meat,Breakfast,31.2,66.8,35.2,4.7,38.5,729,364,195,7.35
Beverages,Breakfast,6.8,32.6,48.7,2.0,9.2,768,198,314,10.25
Meat,Snack,11.6,40.3,27.2,7.0,20.9,350,416,292,5.5
Vegetables,Breakfast,26.9,99.9,43.8,4.9,30.2,237,969,199,8.58
Vegetables,Lunch,17.9,11.1,41.4,6.3,41.5,65,299,95,10.36
Snacks,Lunch,46.5,26.0,18.4,5.8,26.4,145,581,463,4.8
Grains,Breakfast,4.1,36.0,21.1,2.0,22.5,875,264,229,3.86
Dairy,Lunch,17.6,85.4,40.8,0.0,16.1,627,440,74,8.12
Grains,Snack,41.2,91.0,48.0,4.9,11.8,489,241,414,10.86
Vegetables,Snack,45.5,80.6,2.3,8.2,13.7,704,689,265,0.53
Beverages,Breakfast,8.5,61.2,32.6,5.2,34.8,408,376,570,5.89
Vegetables,Breakfast,14.9,99.9,7.8,4.9,40.1,530,109,579,1.41
Snacks,Lunch,5.9,88.4,6.0,1.3,45.2,779,542,63,1.02
Dairy,Lunch,41.2,38.0,18.3,7.3,36.7,7,381,128,4.37
Meat,Snack,8.4,94.3,30.7,1.6,22.5,526,353,305,5.54
Meat,Lunch,40.4,60.1,28.9,4.2,49.6,487,884,400,6.33
Fruits,Lunch,48.0,31.8,15.6,8.0,41.8,691,589,280,3.9
Dairy,Breakfast,13.0,5.0,4.7,8.7,37.0,590,608,172,1.24
Vegetables,Breakfast,26.3,43.5,19.4,4.2,28.7,876,500,304,4.28
Beverages,Snack,32.5,68.8,49.0,7.6,15.1,823,151,176,10.9
Vegetables,Snack,19.0,72.2,35.2,0.0,15.5,238,299,474,7.23
Fruits,Snack,14.3,28.4,23.2,6.0,7.0,172,351,511,5.59
Beverages,Snack,11.5,32.0,20.3,2.3,9.1,811,332,408,4.55
Dairy,Dinner,37.5,74.1,28.8,1.4,14.1,550,602,156,6.51
Fruits,Lunch,33.0,88.1,15.8,0.0,49.3,820,680,345,3.16
Meat,Breakfast,36.0,56.4,26.3,3.5,22.9,225,969,264,5.94
Fruits,Snack,42.1,59.3,21.4,7.9,3.4,223,274,384,5.8
Meat,Dinner,45.3,77.8,24.7,5.6,31.3,780,310,138,5.4
Beverages,Snack,1.4,15.5,47.7,4.5,39.0,497,261,155,8.26
Snacks,Lunch,12.9,42.4,26.8,1.7,14.5,412,710,339,5.63
Fruits,Snack,1.8,91.1,9.5,1.0,17.8,16,448,296,1.66
Beverages,Dinner,44.8,34.2,40.7,3.2,32.4,416,821,106,10.07
Vegetables,Snack,34.8,94.8,4.8,5.9,33.2,785,960,460,0.97
Dairy,Lunch,34.6,11.4,15.1,0.2,46.2,399,343,568,4.08
Grains,Breakfast,1.6,45.1,6.2,6.5,37.9,709,191,535,1.03
Vegetables,Breakfast,41.7,25.3,34.1,6.7,43.8,885,272,71,8.6
Grains,Snack,25.0,72.7,37.2,5.6,20.2,991,863,190,7.73
Dairy,Snack,19.5,49.2,40.5,8.0,20.8,903,176,209,8.56
Snacks,Breakfast,41.1,25.1,1.8,3.7,25.4,381,865,539,0.46
Snacks,Lunch,46.0,52.5,20.4,4.8,33.7,568,500,392,4.74
Meat,Snack,33.1,63.7,31.2,7.7,40.4,938,383,290,6.61
Snacks,Breakfast,24.7,8.3,15.2,7.2,13.9,774,100,560,4.34
Meat,Snack,16.6,50.4,1.5,4.9,25.0,433,946,81,0.3
Dairy,Snack,21.8,5.1,42.7,5.3,41.0,729,944,281,11.87
Grains,Breakfast,48.3,81.4,19.2,4.8,18.2,174,292,106,4.36
Grains,Breakfast,13.7,92.5,29.2,7.9,45.1,519,790,307,5.23
Vegetables,Dinner,40.0,14.2,49.8,8.0,24.4,638,418,442,13.73
Fruits,Breakfast,22.7,46.8,39.3,8.4,4.0,956,656,553,9.98
Dairy,Lunch,21.9,77.4,32.3,7.9,27.4,152,299,255,6.4
Dairy,Snack,11.3,57.8,45.9,3.4,45.1,961,116,249,8.45
Dairy,Lunch,36.6,23.4,13.6,0.2,34.4,987,838,162,3.44
Vegetables,Snack,1.5,70.1,15.3,7.9,26.2,547,315,426,2.59
Grains,Breakfast,33.8,76.9,28.7,7.6,9.5,16,245,547,6.6
Beverages,Breakfast,43.6,43.9,43.4,6.7,33.6,814,778,366,10.28
Meat,Breakfast,33.5,8.6,18.7,4.6,21.1,744,324,250,5.34
Vegetables,Snack,9.8,51.5,6.6,5.7,29.2,252,975,127,1.24
Meat,Lunch,31.9,47.2,7.6,5.6,17.5,866,998,588,1.76
Meat,Snack,13.7,14.9,41.4,7.5,17.3,682,843,546,10.01
Meat,Dinner,6.7,64.7,33.5,8.0,14.4,183,613,309,6.35
Beverages,Dinner,47.7,81.2,33.7,4.5,11.5,479,432,95,7.93
Vegetables,Lunch,8.3,10.1,23.1,3.0,17.4,203,919,567,5.46
Grains,Lunch,6.9,19.8,24.4,6.0,0.6,191,478,299,6.75
Meat,Lunch,31.8,31.0,47.1,7.4,48.3,396,693,296,11.03
Grains,Lunch,30.9,72.6,37.1,1.6,46.8,249,221,340,7.57
Beverages,Lunch,45.2,92.4,46.2,3.3,32.7,248,432,146,9.8
Meat,Lunch,30.0,21.4,25.5,6.1,25.1,935,100,171,6.44
Fruits,Snack,46.5,73.7,49.1,6.0,21.2,984,948,463,11.13
Grains,Dinner,25.1,76.2,39.5,2.2,11.1,781,854,496,8.61
Grains,Dinner,5.8,40.9,5.6,5.9,23.3,971,434,301,1.04
Snacks,Dinner,16.0,28.4,17.5,9.5,45.2,370,751,72,3.72
Grains,Snack,39.9,94.4,44.4,9.2,22.9,935,613,286,9.42
Fruits,Dinner,34.2,72.9,42.3,3.0,14.9,706,497,512,9.42
Meat,Snack,40.0,30.0,47.5,8.5,39.2,405,587,158,11.68
Beverages,Breakfast,10.6,54.5,45.1,5.4,14.5,433,225,438,9.01
Fruits,Snack,25.3,95.9,21.5,2.2,29.4,246,345,364,4.21
Vegetables,Snack,8.5,69.9,48.3,5.9,18.1,872,713,59,9.07
Dairy,Dinner,44.3,79.2,41.5,8.8,43.7,8,626,499,8.87
Meat,Breakfast,5.9,57.0,48.9,9.0,37.8,627,166,357,8.58
Beverages,Lunch,49.7,54.2,19.6,6.2,35.7,227,243,595,4.57
Grains,Dinner,11.0,77.5,16.0,5.4,37.3,792,469,493,2.88
Snacks,Dinner,30.4,87.4,16.9,8.0,7.9,833,462,505,3.84
Fruits,Breakfast,24.4,20.1,3.5,4.0,34.9,355,505,112,0.85
Dairy,Snack,49.4,35.6,24.9,3.4,13.8,197,449,374,6.54
Grains,Lunch,38.2,55.0,13.8,8.3,28.6,696,844,491,3.11
Grains,Dinner,36.8,85.1,12.2,7.3,37.0,357,348,194,2.52
Vegetables,Dinner,34.8,84.5,49.1,5.1,2.9,982,312,180,12.6
Snacks,Snack,34.0,19.2,10.4,5.6,4.1,164,947,506,3.11
Fruits,Lunch,46.0,24.3,4.8,8.0,23.4,640,349,123,1.27
Vegetables,Lunch,31.0,22.7,22.2,2.7,14.1,297,196,421,5.8
Beverages,Lunch,46.7,12.8,31.0,2.8,47.0,368,101,476,8.54
Vegetables,Lunch,27.2,37.0,37.2,6.4,0.2,717,864,256,11.48
Meat,Dinner,24.9,68.0,29.9,1.0,25.8,211,390,120,6.16
Vegetables,Dinner,28.7,55.0,3.2,6.1,17.7,121,186,196,0.71
Meat,Breakfast,1.6,66.3,29.2,8.0,49.1,691,529,185,4.75
Beverages,Dinner,20.3,39.0,21.3,6.2,10.3,882,978,355,4.97
Dairy,Snack,9.8,38.1,20.3,2.3,23.9,187,720,599,4.01
Snacks,Breakfast,8.5,37.8,44.9,2.1,49.9,79,300,178,8.35
Dairy,Snack,36.5,6.8,25.0,6.8,11.5,241,440,168,7.6
Dairy,Lunch,8.9,41.2,25.4,8.4,43.6,821,829,383,4.73
Snacks,Breakfast,9.3,13.0,18.8,0.2,35.8,864,929,408,4.18
Dairy,Breakfast,6.9,75.0,43.1,5.8,39.2,437,411,549,7.49
Grains,Breakfast,47.6,47.1,38.7,3.9,24.2,330,557,279,9.36
Grains,Breakfast,41.6,30.0,25.3,0.6,13.1,979,831,123,6.67
Meat,Snack,12.1,28.7,32.3,2.3,48.0,325,802,192,6.55
Beverages,Snack,37.3,67.2,48.1,9.4,10.1,742,335,483,11.36
Dairy,Breakfast,2.9,75.9,6.4,5.4,37.9,571,934,566,1.07
Dairy,Breakfast,4.0,28.3,47.5,1.5,37.8,940,116,305,8.54
Grains,Breakfast,28.8,97.0,46.0,0.2,46.0,141,450,299,8.92
Fruits,Breakfast,36.4,19.4,30.9,8.1,20.5,140,691,529,8.21
Grains,Snack,3.1,73.5,32.9,3.5,14.2,953,370,204,5.99
Fruits,Lunch,12.2,14.0,37.5,0.1,33.9,629,821,471,8.63
Snacks,Breakfast,22.1,43.4,48.2,7.9,8.9,542,646,494,11.37
Snacks,Breakfast,35.1,42.8,39.1,5.3,40.7,944,694,78,8.9
Grains,Breakfast,5.5,18.9,48.0,7.4,25.9,427,325,406,9.54
Dairy,Snack,9.1,68.2,28.6,1.0,22.3,851,431,461,5.31
Fruits,Dinner,43.1,88.5,29.8,2.5,0.0,397,207,89,8.9
Meat,Lunch,35.4,49.3,3.4,6.9,44.2,908,536,449,0.76
Beverages,Dinner,22.6,38.7,16.0,1.1,46.3,249,622,399,3.43
Dairy,Snack,29.8,18.4,20.7,4.0,23.9,219,131,242,5.34
Grains,Snack,37.1,62.6,44.4,3.6,21.8,868,987,237,9.94
Grains,Breakfast,3.3,8.2,27.6,7.7,2.1,169,194,580,7.18
Meat,Dinner,40.6,71.5,38.1,6.8,36.6,115,175,179,8.22
Fruits,Dinner,28.9,34.8,15.4,0.9,5.7,611,750,356,4.06
Meat,Dinner,23.6,30.3,38.8,3.7,8.2,100,736,196,9.79
Vegetables,Lunch,42.1,79.4,31.0,2.8,29.3,423,795,242,6.7
Snacks,Snack,33.1,11.1,45.3,8.3,37.6,228,237,68,12.3
Meat,Dinner,42.4,7.2,48.7,8.9,11.4,145,516,111,14.91
Beverages,Lunch,29.6,95.6,39.1,0.3,24.2,687,649,497,7.91
Fruits,Snack,13.2,78.8,35.8,2.4,37.3,45,944,251,6.56
Dairy,Dinner,36.5,89.2,4.1,6.9,45.1,632,711,484,0.83
Snacks,Breakfast,4.1,56.7,1.1,9.3,5.9,396,563,108,0.23
Fruits,Lunch,19.8,32.2,8.9,6.3,17.0,482,651,453,2.04
Fruits,Dinner,8.9,18.5,5.7,0.2,11.3,182,549,206,1.3
Meat,Dinner,21.6,42.6,3.8,0.8,17.0,530,862,361,0.85
Beverages,Dinner,47.6,14.1,1.2,0.6,8.0,241,566,99,0.36
Grains,Dinner,37.4,8.9,42.5,8.5,21.4,417,986,142,12.22
Meat,Snack,27.7,12.4,11.5,9.8,44.0,243,201,479,3.0
Meat,Lunch,31.9,54.8,17.5,5.4,34.5,619,720,148,3.8
Meat,Snack,6.8,36.5,43.2,0.6,33.5,213,782,489,8.04
Beverages,Breakfast,43.9,30.3,41.6,3.6,20.7,407,554,217,10.69
Grains,Snack,1.0,71.0,38.1,4.9,40.0,302,631,467,6.22
Vegetables,Snack,19.6,36.5,25.6,7.1,4.2,61,507,281,6.55
Vegetables,Breakfast,2.6,53.2,24.6,8.4,1.8,250,178,571,5.67
Snacks,Snack,23.2,60.9,46.9,9.3,48.7,92,957,495,9.39
Grains,Breakfast,48.5,24.3,14.9,6.2,6.5,290,906,147,4.35
Vegetables,Lunch,49.4,55.7,25.3,7.4,36.3,683,435,390,5.87
Fruits,Dinner,18.0,54.1,6.4,1.1,29.7,210,751,267,1.29
Fruits,Snack,3.4,34.2,7.2,0.8,47.0,385,672,238,1.24
Beverages,Dinner,45.9,19.2,1.7,0.2,39.5,553,185,351,0.45
Beverages,Dinner,25.2,63.0,43.2,3.6,11.3,397,596,113,9.64
Meat,Snack,48.7,77.4,31.4,0.7,22.3,923,397,444,7.09
Dairy,Lunch,14.0,90.7,5.7,4.5,0.3,377,191,571,1.51
Meat,Dinner,8.4,83.7,43.2,5.5,37.9,253,133,432,7.57
Dairy,Breakfast,24.1,15.6,2.3,7.8,25.2,205,938,500,0.59
Grains,Breakfast,44.4,18.9,15.9,7.2,29.1,207,632,479,4.27
Beverages,Breakfast,17.4,31.6,43.5,0.1,21.5,883,421,534,9.62
Dairy,Breakfast,37.5,38.0,49.8,7.1,40.3,455,629,135,11.68
Dairy,Lunch,35.3,94.8,40.4,2.4,46.8,626,122,78,8.08
Grains,Snack,41.2,82.3,5.8,8.2,31.5,554,457,53,1.24
Vegetables,Dinner,49.7,36.4,36.2,5.0,40.0,119,488,420,8.93
Snacks,Snack,7.0,23.0,2.7,0.6,17.4,595,385,576,0.56
Dairy,Lunch,27.9,54.4,4.3,4.1,21.1,995,169,344,0.94
Vegetables,Breakfast,45.2,51.1,5.7,8.8,24.1,987,605,373,1.35
Vegetables,Dinner,35.4,21.9,20.3,5.8,42.5,992,837,106,5.11
Dairy,Breakfast,44.0,17.8,33.6,5.5,35.8,151,274,52,8.98
Snacks,Lunch,42.9,64.7,15.2,6.8,40.1,659,918,436,3.35
Dairy,Lunch,41.9,29.8,28.8,5.0,47.7,831,405,421,7.08
Beverages,Snack,7.0,32.0,9.5,6.9,5.3,433,833,542,2.14
Fruits,Snack,17.8,53.2,39.9,0.4,21.8,20,324,302,8.21
Meat,Lunch,7.1,8.1,44.5,5.3,44.6,590,184,583,10.05
Meat,Dinner,42.8,81.3,1.8,8.2,27.4,445,686,424,0.39
Fruits,Snack,28.9,48.4,36.8,3.6,37.2,465,838,578,7.99
Dairy,Dinner,20.7,61.8,11.0,7.3,2.7,160,838,288,2.77
Fruits,Breakfast,34.5,97.3,44.6,8.1,20.0,530,307,133,9.32
Meat,Snack,34.3,83.0,43.0,7.3,38.0,594,869,427,8.82
Vegetables,Dinner,28.6,24.8,19.6,6.1,40.8,173,489,94,4.7
Grains,Breakfast,46.6,7.7,4.1,7.6,12.9,842,445,538,1.25
Fruits,Snack,36.5,94.6,2.1,3.6,12.9,523,175,578,0.46
Beverages,Snack,49.7,18.4,20.2,8.2,0.7,412,705,443,6.98
Grains,Breakfast,39.3,84.6,44.2,0.3,17.2,173,982,222,9.71
Grains,Lunch,11.3,98.8,27.0,9.1,0.0,131,751,223,7.16
Meat,Breakfast,10.6,32.7,27.4,6.3,26.6,362,378,575,5.53
Snacks,Snack,22.2,55.8,17.4,6.3,8.4,396,761,373,3.99
Snacks,Snack,48.6,93.0,30.4,0.6,20.2,720,814,217,6.72
Meat,Dinner,22.0,45.9,21.0,7.5,34.2,689,793,415,4.42
Dairy,Lunch,35.0,39.3,7.3,6.4,13.2,362,612,217,1.8
Dairy,Breakfast,23.1,34.5,34.6,7.5,40.0,849,844,430,7.62
Fruits,Dinner,39.9,48.1,47.3,9.5,39.3,652,968,294,10.81
Fruits,Breakfast,23.1,90.3,44.0,3.2,18.8,175,463,160,8.86
Grains,Snack,36.6,66.1,19.5,3.6,18.2,809,499,157,4.38
Meat,Lunch,29.5,35.3,30.8,5.5,12.5,765,747,485,7.57
Vegetables,Snack,30.2,35.0,23.8,1.1,3.4,237,831,519,6.62
Grains,Lunch,47.4,11.9,7.7,5.6,23.2,968,397,532,2.2
Snacks,Breakfast,34.3,75.0,22.3,1.2,2.3,915,994,590,5.91
Meat,Lunch,48.9,84.6,36.1,3.7,29.2,155,392,53,7.91
Grains,Dinner,23.1,63.0,38.5,4.1,30.7,11,552,469,7.85
Fruits,Breakfast,33.0,40.4,47.6,8.9,6.4,390,723,580,12.39
Beverages,Dinner,7.4,85.1,25.4,4.7,9.2,358,340,453,5.01
Snacks,Dinner,41.9,17.2,23.9,4.6,19.1,272,773,254,6.58
Grains,Lunch,43.4,6.4,44.4,9.2,41.7,175,127,569,12.83
Beverages,Lunch,5.8,58.0,39.8,7.8,4.6,664,833,475,8.58
Snacks,Breakfast,11.5,26.0,27.4,3.9,38.6,631,209,51,5.65
Beverages,Breakfast,30.5,46.8,46.6,8.4,18.4,401,719,506,10.71
Grains,Lunch,48.3,49.7,49.3,1.1,1.5,749,969,591,14.8
Snacks,Breakfast,37.5,57.2,21.8,3.4,32.2,494,297,292,4.84
Meat,Breakfast,44.7,5.0,35.5,8.6,14.3,741,320,228,10.94
Dairy,Lunch,11.0,17.8,43.8,4.0,27.1,296,907,366,9.68
Fruits,Dinner,36.0,99.6,18.6,8.5,19.6,919,398,268,3.9
Vegetables,Breakfast,34.2,6.4,8.7,8.1,0.0,628,353,218,3.25
Beverages,Dinner,8.0,79.1,44.4,5.9,18.7,815,778,123,8.2
Vegetables,Breakfast,37.4,50.3,39.7,5.5,12.1,838,100,147,9.63
Grains,Lunch,8.6,82.4,8.5,6.6,24.7,321,622,451,1.54
Meat,Breakfast,2.7,34.8,46.5,2.4,41.9,839,572,308,7.96
Vegetables,Breakfast,15.7,90.2,37.5,8.7,22.4,398,359,328,7.14
Meat,Breakfast,42.8,92.9,2.4,4.5,48.5,739,118,551,0.5
Grains,Dinner,6.4,70.5,20.4,2.4,9.3,293,982,168,4.02
Snacks,Lunch,13.1,6.4,46.4,3.4,21.4,41,831,115,12.29
Vegetables,Dinner,5.6,56.2,8.9,1.5,24.7,966,366,284,1.6
Dairy,Snack,26.2,6.9,38.0,3.0,15.5,971,264,228,11.01
Beverages,Dinner,26.8,94.5,48.3,8.0,8.1,407,320,369,10.68
Grains,Dinner,25.2,48.5,36.6,9.8,1.4,628,613,279,10.2
Vegetables,Snack,32.4,62.4,48.4,7.0,39.0,63,653,91,10.27
Fruits,Dinner,14.3,84.6,40.3,7.0,38.2,338,643,222,7.38
Vegetables,Dinner,22.0,45.9,8.3,7.3,26.1,79,926,559,1.78
Vegetables,Lunch,48.7,70.1,9.8,1.8,2.1,164,319,446,2.76
Grains,Breakfast,16.2,77.2,25.5,9.4,11.3,692,160,474,5.26
Dairy,Dinner,14.0,83.8,4.6,0.9,1.0,692,224,283,1.17
Fruits,Lunch,2.6,96.6,18.2,9.1,19.7,599,264,559,3.17
Fruits,Snack,11.6,59.8,9.8,0.5,45.4,983,892,536,1.8
Grains,Breakfast,21.4,69.0,4.2,5.6,8.1,946,112,538,0.94
Snacks,Lunch,1.8,94.1,25.1,1.9,41.0,390,942,192,4.11
Meat,Lunch,12.7,5.4,24.4,3.5,47.9,54,646,327,6.32
Fruits,Lunch,8.6,30.3,8.2,3.3,4.1,0,248,158,1.95
Grains,Lunch,25.7,53.9,40.9,9.0,36.7,719,871,496,8.58
Beverages,Lunch,18.5,33.8,33.2,2.5,28.6,592,310,78,7.2
Dairy,Snack,21.6,66.7,39.7,2.7,6.5,191,268,321,9.12
Beverages,Snack,41.5,10.8,19.4,5.8,45.6,923,676,291,5.37
Fruits,Snack,26.3,51.9,29.0,2.3,8.4,56,615,518,6.88
Meat,Breakfast,34.9,97.4,39.6,9.6,6.9,365,883,188,9.16
Grains,Lunch,45.2,12.0,38.3,4.1,44.8,21,175,533,10.59
Grains,Breakfast,31.4,95.1,14.4,0.4,23.5,913,825,364,2.94
Meat,Dinner,3.4,88.5,25.2,0.9,48.0,560,732,442,4.16
Fruits,Breakfast,44.7,34.9,46.0,9.6,28.8,42,847,528,11.41
Snacks,Snack,43.7,25.2,44.6,8.0,39.6,875,364,569,11.37
Meat,Breakfast,2.7,35.5,13.6,1.5,38.7,760,191,156,2.34
Snacks,Dinner,6.2,56.3,40.6,7.1,23.8,438,595,550,7.39
Beverages,Dinner,13.6,9.4,12.4,5.1,21.2,151,922,322,3.15
Beverages,Lunch,32.9,27.8,14.4,0.7,2.2,832,676,317,4.31
Dairy,Dinner,42.1,49.7,45.4,7.8,14.9,285,994,339,11.04
Snacks,Snack,38.7,5.0,4.6,4.4,39.2,435,625,363,1.34
Fruits,Breakfast,45.4,32.6,14.7,3.3,17.7,17,134,281,3.8
Grains,Lunch,13.9,53.1,6.8,3.6,7.2,927,569,555,1.51
Beverages,Breakfast,46.9,16.6,8.5,6.5,32.8,389,884,119,2.31
Dairy,Breakfast,44.2,38.6,25.5,0.9,29.2,823,731,551,6.22
Vegetables,Breakfast,8.5,5.2,30.1,7.2,47.9,170,855,171,7.41
Meat,Dinner,33.1,92.0,46.6,3.6,30.3,156,723,494,9.48
Dairy,Lunch,2.6,48.7,7.7,7.9,14.3,760,852,247,1.41
Meat,Breakfast,19.8,84.7,16.4,3.6,46.1,595,664,363,3.08
Vegetables,Snack,11.6,97.5,14.1,4.4,32.9,505,485,242,2.52
Meat,Dinner,24.5,24.1,20.8,8.6,2.9,661,248,589,5.98
Grains,Dinner,16.7,11.1,4.1,2.6,16.7,195,412,264,1.07
Vegetables,Snack,2.4,77.0,25.6,4.2,21.6,883,735,402,4.44
Snacks,Dinner,39.7,86.3,38.2,2.5,47.1,143,980,554,7.89
Grains,Breakfast,42.3,29.4,40.5,1.8,29.1,139,513,572,10.2
Fruits,Dinner,35.6,48.7,2.1,1.4,37.3,594,159,154,0.47
Fruits,Snack,1.5,89.4,19.5,0.3,40.3,656,116,217,3.19
Snacks,Snack,44.7,53.3,34.5,2.1,39.9,604,328,51,7.9
Dairy,Snack,29.5,27.7,2.1,5.5,14.7,237,394,527,0.53
Dairy,Breakfast,39.8,58.5,32.8,8.4,20.5,293,624,284,7.54
Vegetables,Lunch,21.9,79.9,21.8,1.5,48.3,941,132,348,4.17
Beverages,Dinner,30.2,63.0,45.4,4.3,40.5,532,840,173,9.49
Dairy,Breakfast,9.8,88.1,33.2,1.0,26.5,427,988,377,6.0
Vegetables,Dinner,4.2,24.6,32.4,0.1,44.9,753,898,472,5.87
Fruits,Dinner,40.3,29.3,38.3,6.7,5.9,863,858,131,10.78
Snacks,Lunch,10.5,96.5,27.6,8.3,34.2,265,251,52,4.89
Meat,Dinner,30.7,90.5,28.5,3.9,21.9,171,181,295,5.88
Snacks,Snack,25.3,18.0,18.2,8.3,15.8,140,125,370,4.73
Dairy,Breakfast,40.7,93.1,7.8,8.9,27.3,908,835,317,1.64
Fruits,Snack,47.2,25.9,12.3,3.2,40.9,805,936,145,3.15
Vegetables,Lunch,5.0,57.1,34.9,1.8,32.3,692,456,512,6.12
Vegetables,Breakfast,35.9,81.1,17.7,1.7,20.0,981,820,199,3.82
Fruits,Lunch,5.6,28.8,10.0,3.0,1.8,77,162,336,2.47
Meat,Dinner,47.7,66.7,17.6,7.2,18.9,950,480,293,4.1
Beverages,Lunch,9.1,99.9,25.3,3.5,12.2,120,979,304,4.84
Beverages,Lunch,43.7,71.4,28.6,4.7,8.9,484,528,257,6.93
Fruits,Snack,11.2,40.0,7.5,6.2,25.2,300,457,235,1.49
Fruits,Breakfast,37.2,43.8,34.9,6.1,9.1,273,426,257,8.85
Grains,Lunch,39.3,34.5,19.2,3.4,41.5,469,117,56,4.6
Grains,Dinner,6.1,27.0,13.1,0.3,18.1,505,633,108,2.6
Dairy,Lunch,14.5,21.2,46.8,6.8,27.8,587,280,139,10.51
Grains,Dinner,9.3,99.9,31.3,2.1,35.0,738,988,516,5.48
Fruits,Snack,1.8,16.6,15.4,8.8,6.3,899,500,129,3.21
Meat,Snack,1.3,7.4,42.7,1.9,1.5,568,548,503,10.55
Vegetables,Lunch,8.7,71.4,43.4,6.7,19.1,701,710,583,8.11
Fruits,Lunch,14.5,72.9,18.8,7.7,7.3,185,544,495,4.05
Dairy,Snack,45.8,84.8,18.9,4.4,19.6,120,654,558,4.21
Beverages,Dinner,12.1,96.6,11.3,4.2,7.6,868,693,595,2.33
Fruits,Breakfast,13.6,36.5,12.8,2.3,13.9,469,910,517,2.77
Vegetables,Breakfast,9.7,36.7,10.7,5.7,30.6,812,695,437,2.08
Vegetables,Lunch,49.2,50.1,36.1,0.1,47.8,477,175,584,8.41
Dairy,Dinner,45.5,12.6,32.4,4.1,16.9,413,921,395,9.34
Dairy,Lunch,16.8,53.9,5.5,1.1,14.5,896,650,504,1.16
Vegetables,Breakfast,33.9,23.7,8.4,7.4,5.8,535,825,393,2.38
Dairy,Lunch,5.1,65.1,49.6,2.8,37.2,395,119,337,8.56
Vegetables,Dinner,24.9,54.8,12.5,6.5,48.6,352,870,109,2.57
Vegetables,Lunch,18.8,14.9,23.2,4.6,37.1,899,542,562,5.64
Vegetables,Breakfast,6.0,86.3,22.4,0.0,36.3,974,505,543,3.85
Meat,Breakfast,16.9,66.1,24.0,7.0,46.4,47,249,200,4.56
Grains,Lunch,21.9,25.0,26.4,8.9,12.8,447,938,287,6.51
Vegetables,Snack,28.7,11.5,24.3,4.0,21.5,260,516,389,6.64
Dairy,Dinner,14.6,66.1,40.7,7.9,3.0,256,194,518,9.74
Beverages,Lunch,43.0,29.1,27.1,4.2,25.7,555,820,467,6.9
Meat,Breakfast,24.7,28.7,14.9,8.1,45.2,216,107,251,3.4
Fruits,Snack,43.6,20.5,44.8,1.6,41.8,138,230,215,11.7
Fruits,Snack,15.7,68.2,11.0,4.3,47.2,935,701,335,2.06
Dairy,Snack,39.8,35.5,22.1,5.3,15.9,586,350,237,5.57
Meat,Lunch,4.7,56.4,1.4,8.4,34.6,246,188,487,0.24
Beverages,Breakfast,13.5,89.1,7.1,7.7,39.3,708,427,421,1.28
Dairy,Dinner,8.8,7.6,24.1,8.6,7.9,283,912,278,6.38
Beverages,Snack,5.5,13.9,4.0,9.8,26.2,983,975,582,0.83
Dairy,Dinner,1.9,86.6,28.5,5.5,24.1,225,949,245,4.86
Dairy,Lunch,15.8,58.7,12.3,5.4,33.1,162,126,52,2.39
Dairy,Snack,33.0,70.9,24.7,0.6,30.9,48,440,362,5.21
Grains,Lunch,11.4,92.0,36.4,7.5,47.0,196,270,78,6.41
Fruits,Breakfast,15.9,88.3,44.2,6.4,33.9,589,722,428,8.2
Meat,Breakfast,2.2,61.7,45.1,7.1,41.3,339,779,587,7.48
Fruits,Dinner,18.4,54.3,13.3,4.1,22.1,484,932,74,2.74
Snacks,Breakfast,26.6,93.8,25.9,3.7,22.4,503,429,537,5.21
Beverages,Snack,39.4,74.9,41.7,4.5,46.8,351,282,600,8.79
Snacks,Lunch,12.2,21.8,38.5,4.6,16.6,647,233,161,8.68
Snacks,Snack,40.0,70.4,44.3,0.1,36.1,13,589,332,9.57
Meat,Snack,46.3,50.0,10.0,4.9,9.4,395,910,140,2.56
Fruits,Snack,17.8,53.7,43.0,3.2,12.5,497,260,411,9.26
Beverages,Lunch,20.9,42.1,35.9,6.0,1.7,238,763,379,9.82
Snacks,Breakfast,22.5,79.2,27.7,6.9,49.3,842,657,517,5.32
Vegetables,Breakfast,31.2,7.9,17.9,1.3,9.5,383,821,200,5.39
Dairy,Dinner,24.1,66.1,45.1,2.2,40.2,161,869,345,9.05
Meat,Dinner,42.6,47.5,14.2,5.0,26.3,800,392,298,3.35
Snacks,Breakfast,31.5,33.9,48.6,1.9,29.6,326,405,415,11.45
Grains,Dinner,35.0,46.4,23.8,9.4,25.8,62,217,152,5.47
Dairy,Snack,39.6,78.1,32.1,0.8,39.0,134,678,381,6.79
Meat,Lunch,23.2,20.3,23.2,6.7,46.7,677,963,328,5.52
Grains,Snack,6.9,77.9,22.1,0.4,3.2,158,806,329,4.93
Vegetables,Dinner,20.4,77.7,12.1,0.7,15.7,685,218,495,2.48
Dairy,Lunch,37.9,31.5,49.3,3.6,7.4,986,381,557,13.36
Fruits,Dinner,39.2,41.3,19.1,0.6,42.9,390,701,149,4.44
Beverages,Snack,22.4,15.2,2.0,9.3,8.6,951,722,578,0.55
Vegetables,Lunch,12.8,23.4,36.8,6.6,41.7,19,152,165,7.81
Snacks,Snack,7.7,52.9,12.6,10.0,22.0,980,735,566,2.36
Fruits,Lunch,46.0,95.8,24.9,8.5,35.0,267,757,269,5.25
Grains,Dinner,8.4,76.9,16.4,5.4,9.6,26,295,263,3.26
Grains,Snack,7.6,53.5,45.4,0.6,23.8,794,475,463,8.43
Snacks,Breakfast,34.1,41.2,39.4,4.7,41.6,269,568,420,8.97
Beverages,Lunch,49.8,35.0,44.8,2.2,40.2,598,716,148,11.12
Dairy,Snack,7.1,62.3,41.9,5.2,31.5,783,612,66,7.49
Meat,Dinner,49.7,12.0,4.9,1.5,5.2,624,616,585,1.56
Fruits,Breakfast,44.8,22.6,9.1,5.7,17.6,453,771,161,2.46
Snacks,Snack,48.6,76.7,37.2,2.9,8.6,495,536,546,9.09
Fruits,Dinner,36.0,8.5,29.5,0.3,48.7,462,745,347,8.2
Meat,Snack,15.0,68.8,31.7,9.8,1.6,376,296,207,8.0
Fruits,Dinner,36.0,14.1,37.0,7.4,36.7,95,861,595,9.9
Vegetables,Snack,38.9,62.5,44.1,3.9,15.5,853,241,271,10.2
Snacks,Lunch,27.2,57.8,33.1,8.5,38.3,89,869,596,6.92
Vegetables,Dinner,9.8,11.4,7.3,8.9,3.4,382,124,296,2.01
Fruits,Snack,32.1,83.8,21.5,6.5,16.4,422,529,510,4.61
Fruits,Breakfast,41.3,74.7,45.8,4.2,25.4,722,485,436,10.05
Grains,Snack,48.2,90.0,10.8,3.2,5.9,316,562,64,2.68
Fruits,Dinner,46.7,59.8,7.2,4.0,23.5,697,224,507,1.68
Dairy,Dinner,45.8,13.1,33.2,3.0,38.4,540,765,114,9.17
Fruits,Snack,40.6,95.1,4.9,3.1,1.7,433,537,485,1.32
Beverages,Lunch,25.1,73.2,41.4,6.6,45.8,927,209,235,8.19
Fruits,Dinner,14.1,69.7,25.8,1.4,49.7,522,791,321,4.75
Snacks,Lunch,21.0,67.2,22.7,9.9,42.9,947,952,235,4.44
Meat,Lunch,11.6,38.4,27.9,1.6,26.1,344,900,164,5.59
Fruits,Snack,1.7,61.1,5.2,8.4,14.3,798,541,282,0.94
Fruits,Dinner,45.9,89.6,39.3,1.9,41.2,609,618,554,8.3
Beverages,Breakfast,16.4,72.3,35.5,5.7,0.9,533,151,523,9.31
Dairy,Dinner,32.1,51.8,33.6,9.1,24.8,438,915,428,7.51
Meat,Snack,31.6,11.4,30.7,2.8,12.7,950,963,346,8.78
Vegetables,Lunch,42.3,87.0,12.8,2.9,28.6,701,967,330,2.73
Grains,Breakfast,17.6,76.8,9.9,4.9,36.6,147,524,358,1.88
Meat,Dinner,39.0,8.7,13.5,3.6,26.0,706,589,331,3.86
Meat,Breakfast,21.1,43.0,3.8,2.6,27.0,775,374,289,0.81
Vegetables,Dinner,41.8,11.3,36.6,5.7,35.4,805,576,440,10.18
Snacks,Breakfast,20.9,14.5,13.1,8.5,2.5,834,737,131,3.97
Vegetables,Dinner,14.1,69.6,49.9,7.9,46.6,701,976,465,9.21
Meat,Dinner,29.8,47.5,31.5,9.1,18.2,456,390,70,7.2
Meat,Dinner,38.3,32.0,46.2,1.6,20.1,789,869,463,11.57
Dairy,Dinner,32.1,77.7,19.4,9.0,47.9,292,822,324,3.94
Grains,Dinner,46.0,99.1,29.0,4.9,49.8,284,318,368,5.98
Vegetables,Lunch,28.4,6.1,31.8,0.8,5.0,432,230,193,10.18
Fruits,Lunch,17.6,45.5,43.4,0.6,18.6,377,990,396,9.22
Meat,Dinner,16.3,26.2,22.5,0.4,34.5,696,999,260,4.92
Fruits,Dinner,38.2,22.9,33.2,2.6,36.3,292,864,342,8.45
Dairy,Lunch,35.5,30.3,32.6,5.3,20.1,878,964,307,8.14
Vegetables,Lunch,24.8,59.5,39.5,0.0,7.5,175,555,58,9.23
Fruits,Breakfast,34.9,49.9,5.3,8.6,27.3,15,678,516,1.2
Meat,Snack,21.5,14.7,17.5,9.7,42.0,97,318,543,4.33
Beverages,Lunch,17.4,99.3,15.9,7.7,6.0,435,378,497,3.46
Beverages,Snack,45.5,60.7,36.4,5.8,45.6,648,341,515,8.14
Fruits,Dinner,20.8,87.5,9.9,8.8,0.0,389,612,391,2.76
Beverages,Snack,27.2,48.8,23.4,9.9,39.8,610,725,566,5.01
Snacks,Snack,17.4,39.1,7.7,5.6,49.3,13,608,144,1.58
Beverages,Snack,29.6,99.4,39.4,5.9,3.1,165,541,175,9.69
Beverages,Snack,41.2,51.4,16.3,3.3,26.9,654,986,368,3.78
Fruits,Snack,1.5,74.4,46.6,4.2,37.4,158,488,307,7.68
Beverages,Breakfast,1.7,44.7,2.6,5.9,37.2,541,726,582,0.43
Fruits,Snack,41.3,95.0,29.0,6.5,23.7,940,554,245,6.16
Vegetables,Snack,19.5,39.0,16.1,1.3,27.4,298,508,313,3.45
Fruits,Breakfast,3.3,88.9,26.4,2.6,1.5,412,445,445,6.13
Beverages,Dinner,49.1,49.8,24.8,8.4,0.4,169,856,430,7.84
Grains,Dinner,6.7,40.3,28.8,5.6,29.0,399,373,243,5.35
Grains,Lunch,36.2,81.9,42.2,4.3,27.8,778,341,546,8.9
Meat,Dinner,31.9,91.6,43.2,6.3,38.6,326,517,51,8.64
Beverages,Dinner,1.2,65.5,40.5,9.8,48.2,896,736,280,6.56
Meat,Lunch,21.5,22.2,32.7,9.3,5.8,791,693,243,8.78
Fruits,Breakfast,31.4,42.1,14.3,9.4,8.7,631,977,421,3.57
Fruits,Lunch,29.6,64.2,26.6,7.1,15.0,757,448,366,5.9
Dairy,Breakfast,10.5,67.6,13.8,8.7,2.5,820,497,426,3.26
Fruits,Lunch,28.2,62.7,40.3,9.9,31.8,12,402,204,8.45
Beverages,Lunch,40.6,97.0,8.3,3.2,47.4,410,806,225,1.69
Vegetables,Dinner,20.1,11.0,21.9,2.8,16.4,5,186,307,5.85
Grains,Lunch,30.0,68.0,35.0,3.9,49.3,425,221,405,7.16
Grains,Dinner,6.3,53.9,15.0,9.3,40.5,702,220,362,2.65
Vegetables,Breakfast,41.8,82.1,24.4,4.8,36.7,360,144,234,5.18
Snacks,Breakfast,25.6,68.2,34.1,1.8,17.9,530,236,437,7.24
Fruits,Dinner,46.2,82.6,35.5,3.8,36.2,287,572,185,7.65
Fruits,Breakfast,20.5,91.9,37.3,0.1,25.8,997,177,101,7.21
Snacks,Lunch,6.7,19.3,43.4,8.8,12.2,288,885,210,9.39
Vegetables,Dinner,22.1,88.7,23.3,8.3,17.3,522,821,74,4.71
Dairy,Lunch,10.7,78.6,36.3,5.6,5.2,631,868,393,7.87
Vegetables,Breakfast,39.1,63.0,8.2,5.2,11.8,376,433,580,1.94
Vegetables,Dinner,47.1,34.9,19.5,8.9,9.4,190,917,383,5.26
Grains,Breakfast,22.0,41.0,15.5,0.4,29.6,656,749,71,3.35
Meat,Lunch,32.7,9.5,37.0,2.3,33.9,921,488,361,10.23
Snacks,Breakfast,39.1,93.2,48.2,1.8,7.2,98,608,325,11.33
Vegetables,Breakfast,49.5,35.7,39.5,4.8,15.9,649,388,161,10.27
Dairy,Snack,48.9,6.2,11.1,9.1,42.9,414,517,95,3.23
Fruits,Dinner,11.4,98.3,9.8,9.9,11.9,206,484,378,1.91
Meat,Snack,23.2,51.7,44.7,2.1,14.7,811,242,265,9.89
Grains,Dinner,2.0,96.5,48.1,1.7,9.2,538,719,75,9.05
Fruits,Breakfast,26.1,38.5,32.6,5.4,48.9,544,220,244,7.14
Vegetables,Snack,41.0,63.3,7.6,2.3,40.7,85,705,298,1.67
Beverages,Lunch,48.5,20.2,14.3,9.8,0.5,542,968,166,4.94
Fruits,Dinner,48.1,54.1,14.4,4.9,30.4,283,165,235,3.37
Snacks,Breakfast,29.9,24.1,14.3,1.3,12.7,357,278,356,3.72
Vegetables,Dinner,31.1,45.5,37.7,7.9,47.6,332,411,400,8.28
Vegetables,Snack,12.4,26.3,15.3,4.3,44.6,518,967,137,3.17
Grains,Snack,45.9,30.7,14.8,0.2,39.7,428,479,379,3.7
Meat,Snack,46.4,44.4,39.5,9.9,44.4,403,949,196,9.32
Grains,Lunch,34.2,58.7,23.3,6.1,24.3,636,380,66,5.17
Beverages,Snack,22.9,57.1,49.8,6.7,44.7,249,204,463,10.08
Beverages,Dinner,46.2,60.0,41.4,7.3,37.5,499,397,88,9.37
Meat,Dinner,5.2,47.4,23.6,0.1,0.2,432,845,98,6.15
Vegetables,Breakfast,45.4,95.9,12.9,5.3,9.1,548,637,371,3.01
Dairy,Breakfast,28.2,59.7,22.7,0.3,5.3,337,261,122,5.59
Beverages,Breakfast,49.4,68.7,26.0,2.7,26.3,374,448,241,5.93
Grains,Breakfast,4.5,5.4,9.9,3.2,22.0,853,729,278,2.28
Vegetables,Lunch,47.8,6.7,2.2,0.4,12.6,10,778,319,0.68
Vegetables,Lunch,40.2,89.4,37.5,4.7,24.4,850,858,486,7.99
Dairy,Snack,49.7,40.2,36.4,3.9,7.0,946,863,174,9.96
Grains,Snack,44.4,9.5,43.9,3.3,13.7,325,129,477,13.08
Snacks,Lunch,5.1,5.5,47.5,4.0,29.9,860,255,211,10.94
Fruits,Lunch,26.3,88.8,14.1,0.6,43.0,170,695,255,2.74
Fruits,Snack,6.8,35.5,41.7,6.1,3.9,961,279,160,9.58
Beverages,Lunch,17.0,89.9,14.2,3.4,22.4,589,165,345,2.72
Meat,Breakfast,25.2,35.6,47.8,1.8,18.2,263,606,429,11.12
Grains,Breakfast,35.3,40.0,5.1,2.0,37.2,749,876,539,1.18
Beverages,Lunch,30.9,22.8,18.9,1.7,35.9,392,320,454,4.67
Beverages,Breakfast,21.9,55.2,37.3,9.8,39.3,29,933,438,7.58
Vegetables,Lunch,8.8,83.1,15.3,6.0,27.4,595,946,359,2.75
Meat,Breakfast,17.9,52.1,45.2,0.4,18.1,758,253,111,9.47
Meat,Dinner,36.2,31.3,36.6,5.7,43.2,299,848,422,8.77
Beverages,Snack,33.1,6.1,33.6,3.8,35.8,487,952,517,9.6
Snacks,Breakfast,29.9,32.3,8.8,5.7,37.7,502,101,173,2.05
Beverages,Lunch,40.2,98.7,12.7,9.6,18.0,466,879,254,2.73
Meat,Dinner,30.6,31.2,44.2,1.4,44.2,190,133,74,10.31
Snacks,Snack,26.5,81.0,47.8,9.0,44.5,456,211,374,9.4
Dairy,Snack,20.5,5.5,33.7,2.4,6.0,884,339,475,10.42
Fruits,Lunch,33.1,11.9,20.5,6.4,37.9,749,705,215,5.53
Fruits,Dinner,39.9,9.4,47.5,7.1,12.9,508,628,517,14.1
Snacks,Snack,30.1,95.0,7.0,0.4,41.2,432,629,210,1.38
Meat,Dinner,29.0,94.8,4.5,1.0,29.5,325,743,433,0.9
Grains,Snack,23.4,58.9,6.6,5.4,16.4,167,502,225,1.42
Snacks,Lunch,32.9,93.2,43.2,3.0,37.4,534,242,517,8.67
Dairy,Snack,16.6,33.4,11.9,8.7,8.7,181,817,417,2.8
Vegetables,Breakfast,21.9,80.0,32.5,3.5,40.7,883,898,85,6.27
Fruits,Breakfast,29.6,49.9,5.9,7.5,37.2,978,361,522,1.28
Fruits,Snack,49.1,73.0,28.5,9.9,35.3,445,679,544,6.33
Dairy,Lunch,27.7,33.4,41.9,2.7,23.6,149,916,412,9.82
Grains,Breakfast,19.0,77.8,17.2,5.9,36.0,348,629,438,3.29
Dairy,Snack,15.0,56.7,34.1,1.0,7.9,34,281,360,7.49
Dairy,Breakfast,31.2,82.2,10.1,7.3,10.6,673,863,297,2.25
Beverages,Dinner,23.7,78.1,29.3,4.5,24.1,13,569,585,5.91
Meat,Dinner,38.4,88.5,18.7,0.7,19.7,624,404,304,4.03
Snacks,Snack,6.2,6.9,48.0,0.7,47.8,846,746,258,10.82
Dairy,Breakfast,17.4,59.8,33.9,5.5,43.8,508,461,597,6.56
Fruits,Breakfast,22.1,10.0,15.7,2.7,28.0,439,901,351,4.17
Dairy,Snack,15.9,29.9,42.2,5.7,5.8,138,930,345,10.43
Fruits,Breakfast,39.7,91.2,15.3,9.1,17.8,245,909,113,3.32
Snacks,Dinner,16.3,13.6,17.4,1.9,23.9,112,696,186,4.29
Dairy,Lunch,11.7,7.9,3.9,9.0,46.3,129,602,405,0.96
Dairy,Snack,34.9,64.4,22.6,1.8,32.8,962,945,561,4.87
Beverages,Breakfast,12.4,50.9,35.8,7.1,11.7,806,318,478,7.48
Beverages,Dinner,22.5,5.7,2.9,5.5,34.4,29,948,165,0.81
Fruits,Dinner,44.1,30.4,35.2,9.4,22.2,550,903,336,9.01
Grains,Lunch,13.1,49.8,24.5,1.9,29.2,802,501,592,4.79
Grains,Breakfast,45.5,21.4,25.7,1.9,22.2,918,309,244,6.91
Meat,Lunch,27.3,42.7,10.1,9.3,42.7,498,487,452,2.2
Vegetables,Breakfast,3.9,8.2,16.3,2.4,17.8,877,324,363,3.53
Fruits,Breakfast,41.4,28.4,22.9,7.3,4.6,940,575,111,6.64
Dairy,Breakfast,7.6,68.7,25.0,2.4,0.2,278,837,217,6.52
Dairy,Breakfast,37.2,38.7,5.3,0.3,20.7,693,657,525,1.28
Vegetables,Lunch,12.2,27.9,2.0,5.2,20.0,512,792,501,0.43
Beverages,Breakfast,29.3,66.4,4.3,3.1,26.8,619,540,352,0.91
Fruits,Lunch,47.1,71.0,33.9,0.2,18.4,746,241,312,7.82
Dairy,Dinner,47.4,54.1,46.4,0.8,39.5,883,847,442,10.7
Dairy,Breakfast,15.2,97.4,38.7,7.2,44.5,464,924,482,6.97
Meat,Dinner,35.9,98.0,9.0,9.0,17.0,222,599,553,1.91
Grains,Snack,12.4,95.1,41.3,2.5,23.9,51,881,294,7.62
Meat,Lunch,44.8,7.1,49.3,7.9,6.2,92,319,159,15.86
Snacks,Lunch,5.1,27.4,47.9,8.5,31.8,242,861,88,8.93
Snacks,Lunch,48.2,38.0,12.4,8.7,8.5,148,450,265,3.35
Beverages,Snack,24.8,85.6,1.3,8.1,47.8,714,389,372,0.25
Grains,Dinner,11.6,96.0,33.5,8.8,24.8,404,113,469,6.12
Fruits,Lunch,29.5,83.3,6.3,7.3,6.5,921,605,540,1.46
Snacks,Snack,33.0,8.8,1.2,4.2,17.0,360,824,328,0.35
Grains,Snack,49.5,50.4,9.3,9.8,13.2,237,656,69,2.33
Dairy,Breakfast,40.2,74.6,32.3,0.4,13.4,194,617,201,7.4
Grains,Breakfast,31.2,15.7,35.4,2.7,44.0,497,778,317,9.13
Vegetables,Dinner,20.2,51.3,3.3,5.2,5.7,975,894,483,0.79
Beverages,Snack,18.1,57.7,6.0,5.8,8.2,730,916,80,1.34
Meat,Lunch,36.1,92.0,25.4,0.6,36.4,119,555,297,5.18
Fruits,Snack,25.6,93.3,46.9,6.3,24.0,107,585,583,9.35
Snacks,Snack,28.3,79.2,33.0,1.6,10.4,886,246,153,7.31
Grains,Dinner,40.8,88.9,46.5,1.2,39.8,808,130,398,9.67
Fruits,Breakfast,14.2,77.0,5.8,0.7,44.3,375,140,383,1.06
Grains,Dinner,29.8,83.9,16.1,5.0,2.9,572,923,421,4.06
Vegetables,Lunch,45.4,9.7,42.6,3.2,35.6,22,174,207,12.09
Fruits,Dinner,42.5,78.7,40.3,9.7,38.9,378,736,434,8.61
Snacks,Dinner,21.4,44.3,16.0,2.3,25.1,39,747,595,3.44
Vegetables,Snack,27.7,29.6,16.6,6.7,41.9,379,827,379,3.85
Dairy,Dinner,25.8,91.0,5.0,9.4,37.4,219,308,400,0.97
Dairy,Snack,35.4,25.3,49.8,8.8,32.2,918,591,255,12.43
Snacks,Lunch,41.2,52.3,33.0,6.8,12.0,696,390,545,8.08
Vegetables,Lunch,42.8,48.7,14.3,9.2,18.7,891,125,412,3.44
Vegetables,Breakfast,33.7,60.7,25.6,9.3,12.8,959,995,397,5.92
Vegetables,Dinner,2.6,63.2,45.4,9.0,34.8,899,701,394,7.65
Vegetables,Dinner,39.2,43.0,35.7,3.1,19.7,116,964,211,8.6
Dairy,Snack,38.7,47.9,46.6,4.9,19.7,61,929,261,11.02
Beverages,Breakfast,42.9,42.6,41.5,3.3,17.8,186,883,451,10.22
Meat,Lunch,11.2,65.5,29.0,9.1,38.8,907,667,319,5.31
Dairy,Snack,49.4,83.5,44.6,7.4,21.4,804,601,267,10.0
Dairy,Snack,13.4,89.3,41.5,3.6,43.0,418,248,325,7.46
Beverages,Lunch,22.2,77.9,11.6,7.7,8.5,421,854,570,2.55
Grains,Lunch,34.3,90.3,12.8,5.4,4.7,481,222,85,3.1
Dairy,Dinner,28.2,82.9,17.9,9.0,19.3,180,676,215,3.73
Dairy,Dinner,18.3,74.2,23.1,2.0,24.4,388,431,384,4.54
Vegetables,Dinner,36.0,23.3,18.9,4.3,29.1,11,957,113,4.8
Dairy,Dinner,28.3,47.2,29.2,0.6,48.5,319,578,566,6.27
Meat,Lunch,4.7,42.8,33.2,6.8,1.3,59,225,261,8.1
Vegetables,Snack,25.8,35.6,1.6,2.4,22.5,53,364,218,0.37
Meat,Lunch,10.6,6.2,34.4,3.7,1.3,2,618,157,10.96
Snacks,Snack,20.9,39.8,39.4,2.4,46.5,431,433,531,8.29
Beverages,Dinner,7.1,79.8,23.1,4.7,36.5,56,529,252,4.02
Dairy,Snack,13.3,57.6,2.1,6.8,16.1,143,594,174,0.42
Snacks,Dinner,2.7,19.0,35.0,1.8,36.9,679,711,411,6.29
Meat,Snack,2.6,27.6,4.0,6.0,26.1,815,886,160,0.71
Dairy,Lunch,29.0,32.7,3.9,3.4,17.9,689,946,548,0.94
Meat,Snack,44.0,57.6,35.1,5.8,35.2,462,135,193,7.96
Grains,Snack,45.4,16.2,36.9,8.1,41.1,395,242,310,9.95
Dairy,Breakfast,4.6,88.5,37.9,9.6,40.9,121,196,304,6.38
Grains,Dinner,3.3,65.3,4.2,1.9,13.3,47,204,160,0.77
Dairy,Dinner,42.9,16.4,14.3,2.2,4.5,859,364,441,4.42
Meat,Snack,37.2,39.4,27.3,5.9,29.3,968,936,190,6.46
Snacks,Dinner,18.5,19.0,2.3,0.6,1.0,893,711,159,0.7
Snacks,Lunch,27.1,76.7,48.3,5.0,36.8,949,846,152,9.7
Fruits,Dinner,43.5,40.4,3.8,5.9,13.5,12,728,159,0.96
Dairy,Dinner,9.0,82.4,24.7,0.8,42.2,185,695,502,4.33
Dairy,Lunch,36.3,94.6,10.4,5.6,14.3,100,330,528,2.26
Fruits,Lunch,42.4,87.7,12.4,6.4,21.7,771,548,432,2.69
Meat,Lunch,35.5,84.0,43.3,1.5,12.6,961,330,488,9.64
Beverages,Breakfast,41.7,88.3,4.0,9.7,17.1,288,188,301,0.88
Vegetables,Lunch,22.3,98.6,2.3,3.9,45.5,746,833,92,0.43
Dairy,Lunch,45.1,57.0,36.0,9.4,23.9,791,218,310,8.39
Fruits,Lunch,32.6,75.9,7.4,6.7,23.8,883,109,567,1.57
Vegetables,Lunch,27.5,91.6,25.5,2.5,13.7,745,149,498,5.38
Fruits,Dinner,45.1,17.3,21.0,5.5,0.6,999,648,385,7.27
Grains,Breakfast,13.9,64.7,3.7,8.4,8.4,516,399,231,0.79
Dairy,Dinner,38.3,52.9,32.2,8.1,8.6,747,909,511,8.02
Fruits,Dinner,35.2,7.6,1.5,6.2,9.0,253,960,477,0.46
Snacks,Dinner,31.2,51.1,33.2,9.6,23.9,231,330,451,7.42
Beverages,Snack,22.2,25.2,21.5,7.0,41.2,69,145,129,4.94
Grains,Lunch,8.5,92.7,6.2,8.2,16.0,468,857,240,1.15
Dairy,Snack,21.1,34.0,31.9,6.1,48.3,207,580,289,6.88
Fruits,Snack,26.0,39.4,15.1,6.7,43.3,756,633,487,3.31
Fruits,Lunch,32.9,43.0,8.1,4.8,48.0,471,882,216,1.81
Meat,Snack,42.6,59.7,48.6,8.9,46.7,225,801,92,10.77
Meat,Snack,13.0,50.7,46.9,1.5,21.8,562,525,384,9.32
Dairy,Dinner,44.8,32.8,2.7,3.9,42.9,625,187,247,0.66
Grains,Breakfast,15.8,89.5,4.1,8.8,42.5,177,383,92,0.75
Grains,Breakfast,12.7,73.5,27.8,5.8,45.6,615,259,596,5.05
Dairy,Dinner,24.1,36.8,35.6,1.3,28.2,391,798,272,7.96
Dairy,Breakfast,25.8,47.4,39.0,7.7,34.0,986,570,463,8.38
Dairy,Dinner,4.9,16.4,26.8,7.0,27.2,732,489,495,5.32
Vegetables,Snack,1.2,42.9,33.9,7.8,18.3,602,462,288,5.95
Grains,Breakfast,18.3,23.6,20.5,5.6,38.6,989,933,78,4.62
Vegetables,Lunch,19.5,59.6,33.2,7.2,12.0,244,996,97,7.17
Snacks,Dinner,14.7,55.7,32.9,3.2,21.1,90,938,214,6.58
Vegetables,Lunch,8.3,36.5,4.8,4.2,6.5,726,760,180,1.06
Beverages,Snack,45.3,66.8,22.8,1.1,11.8,183,610,87,5.47
Snacks,Breakfast,11.3,96.7,18.5,8.9,9.1,591,489,534,3.72
Snacks,Snack,20.4,81.5,3.3,7.3,47.8,441,203,574,0.62
Fruits,Lunch,25.3,30.5,29.1,7.3,32.4,989,590,53,6.7
Snacks,Snack,19.7,61.8,18.4,7.5,10.7,585,303,467,4.01
Fruits,Dinner,14.0,60.1,1.5,9.2,25.2,899,922,181,0.29
Vegetables,Breakfast,8.1,10.9,45.9,7.2,13.2,330,682,507,10.93
Fruits,Dinner,47.2,49.4,2.3,0.8,13.1,672,285,137,0.58
Vegetables,Breakfast,13.9,89.4,1.6,8.0,17.0,297,104,521,0.31
Snacks,Snack,5.2,92.7,13.6,8.4,0.1,42,595,200,3.48
Snacks,Dinner,35.3,28.8,42.0,5.8,19.1,916,589,436,10.59
Dairy,Breakfast,49.8,14.2,18.5,6.5,28.4,542,621,252,5.18
Vegetables,Dinner,46.6,96.9,18.9,8.7,21.0,144,782,467,4.11
Dairy,Snack,43.5,71.5,42.3,6.5,2.0,495,383,197,11.75
Dairy,Dinner,17.9,26.6,26.4,5.8,24.7,608,343,548,5.96
Dairy,Dinner,47.2,47.8,20.5,3.4,46.0,664,490,76,4.79
Grains,Snack,39.2,79.7,34.3,4.4,36.2,129,165,371,7.24
Snacks,Lunch,21.8,48.8,14.5,5.9,24.5,483,242,525,3.08
Beverages,Lunch,39.0,52.5,12.3,6.6,43.1,328,631,528,2.75
Beverages,Snack,9.9,97.0,15.6,8.9,45.9,567,890,166,2.71
Beverages,Lunch,26.7,55.7,35.5,5.0,8.4,831,585,519,8.35
Fruits,Lunch,11.7,67.7,27.1,7.0,6.2,524,932,120,5.87
Snacks,Lunch,3.3,86.1,6.4,2.2,28.8,617,866,195,1.09
Dairy,Dinner,11.2,69.0,20.6,8.4,46.5,406,407,67,3.72
Fruits,Dinner,23.5,36.1,19.4,0.8,19.7,919,376,320,4.43
Fruits,Breakfast,24.3,85.1,32.6,1.7,42.3,291,117,94,6.31
Beverages,Dinner,29.9,57.1,32.9,1.1,21.1,621,520,438,7.24
Snacks,Breakfast,28.3,50.5,37.0,9.1,3.2,471,361,526,9.77
Snacks,Breakfast,12.5,52.8,5.2,2.7,3.0,662,854,512,1.25
Meat,Dinner,29.6,50.4,13.9,0.1,1.8,457,907,130,3.87
Snacks,Snack,42.7,37.2,49.3,6.6,27.5,157,356,159,12.06
Fruits,Dinner,40.1,45.6,48.9,4.0,33.4,301,566,275,11.36
Fruits,Breakfast,30.7,87.9,43.5,1.7,35.5,430,625,451,8.74
Grains,Lunch,48.1,17.8,24.0,9.8,1.0,359,232,64,8.19
Beverages,Lunch,39.5,74.2,39.8,9.6,9.1,173,592,590,9.44
Grains,Snack,32.6,15.5,2.2,6.0,16.7,378,753,157,0.6
Vegetables,Dinner,36.6,96.2,10.0,8.2,27.7,438,141,159,2.06
Beverages,Snack,47.4,65.6,27.8,2.0,11.8,328,118,522,6.73
Meat,Lunch,4.5,9.5,12.1,1.5,17.6,80,509,464,2.63
Meat,Snack,15.2,85.1,19.1,9.0,46.1,520,597,111,3.48
Vegetables,Lunch,15.7,12.2,35.5,7.2,13.6,831,912,459,9.17
Fruits,Snack,25.5,13.5,31.1,1.7,24.8,838,612,459,8.16
Snacks,Breakfast,25.3,50.2,11.3,3.6,5.1,352,620,378,2.81
Vegetables,Snack,2.9,37.8,39.1,8.4,2.8,980,536,479,8.78
Dairy,Lunch,35.8,25.1,10.7,3.3,24.8,356,482,97,2.71
Dairy,Lunch,4.1,13.6,47.3,5.3,4.9,639,859,117,11.04
Fruits,Dinner,28.8,29.1,26.8,3.4,2.1,857,759,345,7.87
Vegetables,Breakfast,22.3,40.1,15.8,8.2,0.4,688,825,542,4.67
Fruits,Snack,21.0,85.3,31.1,6.2,33.0,383,328,100,5.99
Dairy,Lunch,44.4,56.7,30.3,3.6,18.8,60,406,132,7.16
Dairy,Breakfast,38.5,94.0,40.9,8.5,25.0,697,467,123,8.59
Fruits,Dinner,3.5,50.1,28.3,7.5,19.3,822,702,481,5.1
Dairy,Breakfast,22.2,88.7,32.3,3.2,37.6,518,461,359,6.19
Meat,Snack,49.6,66.6,31.8,8.8,20.2,202,318,283,7.42
Fruits,Dinner,32.8,72.2,47.6,9.0,18.5,56,160,79,10.36
Grains,Dinner,35.0,50.9,11.8,5.5,42.1,361,983,74,2.61
Vegetables,Dinner,29.2,70.0,7.7,1.1,32.2,557,839,396,1.6
Grains,Snack,48.3,58.2,18.7,6.9,49.9,968,303,69,4.24
Vegetables,Snack,18.7,37.7,9.6,7.7,22.4,957,850,532,2.08
Snacks,Snack,31.7,55.1,11.2,8.1,48.2,417,290,259,2.39
Grains,Breakfast,2.1,62.3,27.0,4.0,30.2,645,590,552,4.56
Dairy,Breakfast,35.7,43.8,16.5,2.5,49.1,72,492,351,3.73
Beverages,Snack,6.4,52.6,6.5,5.6,29.5,921,804,568,1.17
Snacks,Lunch,27.4,84.8,10.2,6.1,20.1,819,479,65,2.1
Dairy,Snack,3.2,56.9,11.3,6.9,8.5,983,385,294,2.2
Vegetables,Breakfast,5.2,38.4,30.3,6.1,9.1,22,338,338,6.15
Grains,Dinner,11.6,31.8,46.8,3.2,24.5,850,440,261,9.65
Meat,Breakfast,29.8,82.4,37.3,3.0,46.1,425,368,550,7.43
Dairy,Breakfast,17.6,41.5,17.4,6.5,25.5,344,992,569,3.66
Dairy,Breakfast,28.0,64.6,46.3,5.6,2.0,364,827,346,12.33
Meat,Breakfast,37.3,76.4,42.9,9.5,41.7,779,450,242,8.99
Beverages,Dinner,12.4,45.0,19.0,7.7,26.5,823,316,247,3.76
Fruits,Breakfast,10.4,20.6,41.8,9.0,1.4,76,576,198,11.57
Meat,Lunch,16.0,80.0,45.9,2.2,38.0,243,398,77,8.55
Beverages,Breakfast,20.2,9.4,21.8,6.4,19.6,413,520,334,5.87
Dairy,Snack,21.0,53.6,27.2,4.1,5.7,572,786,559,6.48
Meat,Lunch,44.5,53.9,7.4,6.0,11.3,860,149,259,1.83
Dairy,Snack,32.6,49.8,10.9,5.0,7.7,155,636,278,2.7
Beverages,Dinner,29.5,83.2,46.7,2.2,47.4,182,588,417,9.27
Snacks,Dinner,18.3,91.6,46.7,0.1,48.9,728,659,225,8.59
Snacks,Snack,12.9,80.9,5.4,4.8,16.1,178,378,325,1.05
Beverages,Lunch,25.9,47.6,12.4,7.4,45.7,272,915,248,2.63
Fruits,Dinner,24.8,33.6,30.7,2.7,22.5,348,554,583,7.09
Beverages,Snack,40.8,8.6,20.9,6.0,4.5,697,151,422,6.77
Meat,Lunch,13.2,85.7,23.7,1.7,22.4,686,706,372,4.46
Snacks,Breakfast,34.8,49.7,5.3,1.2,36.0,848,653,483,1.18
Meat,Breakfast,18.6,42.1,34.4,8.3,6.1,941,842,356,8.27
Beverages,Breakfast,6.5,51.5,40.6,9.5,12.2,519,420,354,7.94
Beverages,Lunch,12.4,35.5,19.5,4.6,26.3,884,379,467,3.98
Snacks,Dinner,29.5,94.7,26.2,1.4,16.7,694,481,148,5.46
Grains,Lunch,2.0,48.1,36.3,6.9,6.1,183,217,487,7.29
Fruits,Lunch,43.2,63.7,34.2,0.0,29.8,767,209,440,7.68
Vegetables,Dinner,16.0,82.2,27.3,6.4,2.7,322,424,407,6.53
Meat,Dinner,31.5,72.3,3.6,9.2,36.2,871,391,406,0.75
Snacks,Lunch,4.8,53.9,32.4,2.9,1.8,545,988,422,7.63
Grains,Snack,9.3,19.7,17.1,4.1,25.9,75,939,451,3.64
Meat,Dinner,45.2,79.1,18.6,8.3,39.2,353,162,229,4.01
Vegetables,Breakfast,34.2,80.3,8.5,8.0,33.0,478,351,580,1.76
Meat,Snack,23.0,31.0,29.3,8.8,27.9,710,154,511,6.68
Fruits,Snack,21.4,58.4,41.9,6.1,18.9,356,186,122,8.83
Dairy,Lunch,22.8,79.8,42.2,3.4,3.4,874,345,454,10.23
Snacks,Snack,11.4,14.1,35.1,9.1,34.8,383,276,122,7.97
Vegetables,Lunch,21.8,12.6,15.2,9.4,34.4,778,235,474,3.88
Vegetables,Snack,40.4,18.1,32.3,6.7,40.9,893,360,54,8.49
Snacks,Breakfast,4.3,97.0,30.7,7.6,49.8,237,501,503,5.08
Fruits,Breakfast,27.8,71.4,19.3,3.4,1.7,782,214,502,5.14
Dairy,Dinner,47.0,26.9,16.3,1.5,19.0,263,153,324,4.32
Fruits,Dinner,3.8,45.9,42.6,2.6,20.6,931,501,393,7.7
Grains,Dinner,24.4,88.3,39.0,3.2,45.1,153,291,447,7.49
Snacks,Snack,37.0,66.3,41.1,2.6,43.3,817,977,450,8.78
Vegetables,Dinner,21.0,81.0,41.8,5.7,23.1,141,245,110,8.29
Grains,Dinner,34.9,93.5,14.3,10.0,39.5,58,545,544,2.88
Vegetables,Lunch,13.2,89.5,18.5,7.6,42.7,262,630,144,3.32
Fruits,Lunch,47.2,61.1,36.7,6.5,8.6,982,960,133,9.23
Beverages,Snack,47.9,15.4,44.7,0.8,19.6,229,603,422,12.61
Dairy,Breakfast,19.0,81.9,42.6,9.5,17.4,307,648,442,8.53
Fruits,Lunch,42.1,25.7,47.7,8.3,24.4,622,762,478,12.34
Vegetables,Dinner,12.3,40.7,44.5,0.4,12.7,378,945,428,9.45
Grains,Lunch,38.5,71.4,12.1,9.9,49.0,657,492,218,2.56
Grains,Dinner,4.0,10.5,28.7,2.7,36.4,489,573,298,5.76
Snacks,Lunch,24.2,78.0,32.6,8.1,7.7,977,699,450,7.32
Beverages,Dinner,3.3,7.2,30.2,2.4,34.6,476,721,158,6.21
Fruits,Lunch,35.4,60.3,13.0,9.2,43.6,276,924,273,2.8
Grains,Lunch,3.2,98.8,19.7,7.1,2.2,764,995,489,4.41
Fruits,Dinner,36.7,45.9,31.7,5.8,16.4,34,507,360,7.58
Dairy,Breakfast,19.1,83.4,8.2,6.3,45.0,501,607,599,1.54
Grains,Dinner,28.6,47.7,7.5,3.5,40.8,216,418,512,1.62
Fruits,Snack,8.0,50.5,26.2,0.2,35.5,875,860,539,4.78
Meat,Dinner,2.7,91.8,23.3,5.8,33.4,922,125,419,3.9
Snacks,Dinner,8.8,21.3,32.2,2.9,5.4,146,730,532,7.74
Snacks,Lunch,45.4,31.7,30.1,4.5,44.6,928,815,507,7.44
Beverages,Snack,13.2,11.2,32.4,2.8,4.8,595,219,192,9.04
Dairy,Lunch,1.1,98.0,11.7,4.7,41.5,282,709,326,1.9
Dairy,Breakfast,43.2,55.6,43.2,8.9,27.5,429,710,61,9.95
Meat,Lunch,10.7,36.4,21.6,3.8,7.6,115,157,495,4.82
Vegetables,Breakfast,15.6,85.5,28.6,6.8,10.4,703,291,176,5.87
Fruits,Lunch,34.3,24.8,35.2,2.8,5.4,966,824,449,9.99
Fruits,Lunch,46.8,36.9,21.2,0.5,47.2,238,619,141,5.14
Dairy,Breakfast,25.9,32.5,34.5,7.9,26.5,593,293,427,7.98
Meat,Breakfast,8.4,16.8,13.0,8.9,36.8,246,649,525,2.73
Vegetables,Dinner,45.0,18.2,22.4,6.4,1.1,550,779,467,7.55
Dairy,Snack,47.5,61.2,38.9,9.2,6.2,208,299,181,10.1
Beverages,Lunch,41.4,71.0,19.2,1.3,13.2,260,428,184,4.46
Grains,Breakfast,35.0,79.6,13.8,7.4,46.8,706,111,152,2.83
Snacks,Snack,41.8,39.0,41.9,0.2,35.7,49,166,50,10.01
Dairy,Snack,21.7,27.2,46.4,6.3,5.8,128,847,66,12.13
Meat,Dinner,14.8,44.7,34.3,9.9,28.5,577,842,131,6.92
Beverages,Dinner,25.6,71.8,36.9,3.9,43.4,829,919,275,7.36
Beverages,Breakfast,12.6,22.9,7.4,2.2,1.5,17,479,324,2.06
Grains,Breakfast,28.7,58.9,43.4,7.7,43.4,244,709,196,9.07
Dairy,Breakfast,1.2,75.9,33.7,5.2,30.3,584,497,488,5.61
Meat,Lunch,1.1,71.9,42.9,9.8,34.1,235,734,470,7.08
Fruits,Breakfast,49.6,30.2,40.2,4.0,4.2,766,981,384,11.92
Snacks,Breakfast,6.1,44.9,39.9,5.9,44.4,317,877,53,7.09
Snacks,Breakfast,18.4,72.4,4.8,1.6,6.2,320,282,351,1.08
Meat,Dinner,18.6,6.3,2.8,2.7,5.9,972,366,456,0.85
Meat,Dinner,45.4,44.2,13.3,0.2,4.4,322,471,481,3.7
Beverages,Lunch,36.9,93.1,28.2,2.3,20.1,978,930,269,5.98
Grains,Dinner,46.7,7.6,26.7,1.3,39.2,192,131,438,7.69
Beverages,Snack,29.8,31.8,33.1,2.8,38.5,789,821,474,7.71
Grains,Breakfast,18.2,87.6,1.5,0.1,11.5,615,129,129,0.31
Snacks,Lunch,28.9,5.4,31.5,6.7,24.2,759,901,456,9.13
Dairy,Dinner,48.8,25.9,13.0,1.4,24.2,1000,434,337,3.43
Beverages,Snack,22.0,7.2,17.5,2.8,10.8,665,103,596,5.09
Fruits,Snack,32.9,91.8,17.1,1.6,11.5,109,513,235,3.75
Grains,Breakfast,23.0,88.3,48.5,4.0,21.5,488,633,459,9.68
Fruits,Breakfast,40.1,18.5,44.5,3.6,43.8,457,972,284,11.62
Fruits,Dinner,3.6,77.0,10.4,9.3,4.8,194,496,266,2.16
Dairy,Lunch,44.9,82.2,25.5,5.8,28.8,968,825,289,5.54
Vegetables,Lunch,30.8,38.1,14.7,5.3,41.2,141,196,445,3.34
Snacks,Breakfast,46.4,17.0,46.9,9.1,9.7,519,895,290,13.7
Grains,Snack,8.5,19.1,20.9,4.5,8.1,588,355,295,4.86
Vegetables,Lunch,13.3,53.3,13.8,2.4,25.8,251,361,414,2.7
Dairy,Snack,5.0,98.4,43.6,8.9,11.8,793,711,411,8.15
Dairy,Lunch,14.9,7.1,46.6,2.9,31.6,168,137,217,12.15
Snacks,Snack,45.4,58.8,2.2,4.9,49.1,333,882,129,0.49
Fruits,Breakfast,28.5,84.5,19.1,10.0,34.7,922,285,56,3.82
Snacks,Snack,13.9,68.4,1.3,2.0,43.5,73,441,353,0.24
Grains,Snack,25.2,60.6,23.3,9.2,19.2,841,627,294,4.99
Dairy,Dinner,31.7,74.5,36.3,3.1,25.2,334,433,311,7.66
Fruits,Lunch,37.1,52.7,8.5,0.6,34.4,128,174,337,1.9
Beverages,Dinner,32.1,19.7,24.6,0.3,10.1,285,377,211,6.75
Beverages,Breakfast,17.9,91.8,17.8,4.9,42.4,384,800,340,3.29
Vegetables,Lunch,46.3,32.4,23.8,3.4,19.6,769,747,429,6.13
Beverages,Snack,41.6,78.3,12.7,6.3,0.1,101,934,101,3.81
Meat,Lunch,35.6,88.4,36.4,3.1,47.0,939,469,218,7.37
Dairy,Snack,5.5,59.5,23.2,1.1,25.2,340,236,505,4.15
Meat,Dinner,22.5,63.8,38.2,9.5,48.0,259,887,313,7.57
Vegetables,Snack,37.9,62.4,48.3,9.8,9.9,974,558,400,11.58
Snacks,Snack,30.1,49.0,23.7,3.4,4.9,203,425,388,6.09
Beverages,Snack,32.7,85.4,16.2,6.0,6.1,276,702,55,3.83
Vegetables,Lunch,41.2,36.3,5.1,1.2,24.0,614,727,376,1.25
Beverages,Lunch,35.2,55.7,9.7,0.6,49.9,965,902,255,2.1
Grains,Lunch,49.4,49.3,3.0,9.4,42.1,402,855,95,0.7
Meat,Snack,28.4,11.1,1.2,9.5,42.6,237,750,522,0.32
Snacks,Breakfast,22.2,81.8,8.0,2.2,25.4,660,275,95,1.59
Grains,Lunch,20.5,18.3,7.1,3.1,18.3,472,750,471,1.77
Vegetables,Lunch,28.0,83.3,46.6,2.6,43.7,603,988,410,9.21
Meat,Dinner,49.2,26.4,16.9,1.1,43.7,963,755,311,4.34
Meat,Snack,37.9,64.8,4.2,7.8,1.0,115,714,405,1.21
Dairy,Lunch,32.9,50.2,43.9,1.6,6.8,430,570,571,11.02
Vegetables,Lunch,36.8,58.4,22.0,4.5,25.1,789,107,144,4.93
Vegetables,Dinner,35.7,8.1,39.2,9.4,8.1,366,663,474,12.06
Beverages,Breakfast,31.3,94.0,16.9,4.1,11.1,518,254,214,3.69
Fruits,Lunch,48.9,54.0,34.7,1.0,8.6,693,870,173,8.93
Grains,Dinner,12.4,23.9,6.4,8.9,14.5,16,710,486,1.44
Fruits,Dinner,16.2,67.0,31.5,7.7,36.9,698,668,510,6.01
Beverages,Breakfast,39.9,29.3,23.3,7.1,0.9,246,645,509,7.46
Meat,Snack,43.9,36.9,14.4,2.4,2.4,296,927,278,4.29
Grains,Breakfast,21.3,85.7,19.1,2.6,8.0,750,309,255,4.16
Dairy,Dinner,48.7,46.3,42.2,9.7,32.9,180,323,56,10.1
Meat,Dinner,41.5,30.9,26.8,0.5,39.8,152,976,95,6.59
Fruits,Lunch,49.2,38.7,1.3,2.9,48.7,54,101,511,0.32
Vegetables,Snack,5.0,67.0,8.1,4.9,13.4,718,916,182,1.52
Grains,Dinner,31.1,8.3,21.6,8.1,13.1,467,269,167,6.33
Meat,Snack,23.0,28.2,19.3,5.9,27.1,200,361,542,4.47
Beverages,Dinner,22.5,7.4,36.2,2.3,33.1,904,324,519,9.86
Beverages,Snack,49.9,68.5,30.2,9.2,11.2,79,558,234,7.36
Snacks,Dinner,23.7,89.1,38.2,1.4,13.8,168,877,60,7.94
Beverages,Lunch,40.5,68.5,20.5,5.2,34.1,900,341,343,4.47
Grains,Breakfast,36.3,54.8,26.9,2.0,26.1,919,400,418,6.06
Snacks,Lunch,35.9,55.0,26.3,0.5,2.6,411,573,526,7.22
Beverages,Breakfast,44.2,68.4,23.6,0.4,3.7,691,208,595,6.27
Vegetables,Snack,37.3,93.9,22.7,6.1,18.5,811,461,370,4.85
Snacks,Snack,20.8,7.2,47.0,5.7,40.6,995,488,415,12.62
Beverages,Lunch,31.5,55.5,45.1,7.5,30.8,361,352,281,9.82
Vegetables,Dinner,49.1,59.1,45.6,8.7,14.3,943,441,514,11.1
Beverages,Snack,7.0,25.9,47.1,2.9,30.0,743,839,495,9.2
Vegetables,Breakfast,8.1,50.8,30.9,1.1,25.0,82,209,389,5.78
Dairy,Breakfast,26.6,22.3,29.1,4.9,12.5,324,429,315,7.52
Fruits,Breakfast,30.2,7.5,49.3,9.4,31.7,886,172,61,13.84
Fruits,Lunch,8.7,67.6,10.0,6.4,10.1,119,324,299,2.0
Vegetables,Dinner,18.9,45.3,19.8,0.6,25.1,819,218,363,4.16
Fruits,Breakfast,26.5,5.6,24.3,3.2,21.1,932,465,536,7.03
Meat,Lunch,34.5,81.6,40.2,9.5,0.4,529,252,254,11.53
Meat,Breakfast,8.0,8.6,28.9,7.4,48.1,305,293,539,6.58
Dairy,Breakfast,3.6,62.5,14.0,5.1,16.7,761,500,249,2.54
Meat,Lunch,30.5,58.9,31.3,1.1,13.1,948,490,417,7.14
Fruits,Lunch,49.1,84.0,4.4,2.8,14.9,494,784,58,1.01
Vegetables,Snack,12.0,85.2,7.6,0.1,13.0,435,925,210,1.49
Dairy,Lunch,49.8,62.2,37.2,0.9,5.1,1,686,551,9.88
Fruits,Lunch,30.8,53.0,29.7,0.4,18.6,917,461,415,6.7
Snacks,Lunch,7.1,41.8,30.8,1.5,33.1,189,586,374,5.68
Fruits,Breakfast,42.8,12.7,40.2,5.4,34.2,438,738,203,11.11
Snacks,Dinner,46.5,75.7,19.8,3.2,7.3,646,320,312,4.9
Meat,Lunch,36.6,73.9,8.7,6.6,33.7,360,255,437,1.85
Meat,Breakfast,37.5,40.4,7.2,5.8,17.7,401,124,124,1.75
Dairy,Breakfast,36.8,57.0,45.2,6.8,8.0,256,375,73,11.15
Grains,Lunch,29.4,35.9,40.3,5.3,3.9,395,947,303,10.99
Grains,Dinner,7.2,94.1,36.9,6.2,44.9,778,682,341,6.29
Vegetables,Snack,20.9,25.5,28.1,0.1,16.0,189,285,225,6.74
Fruits,Breakfast,34.5,39.2,33.8,3.8,36.4,696,348,258,7.82
Grains,Breakfast,29.8,99.9,1.3,3.2,26.6,283,160,194,0.26
Meat,Snack,13.9,57.6,12.3,0.0,13.6,314,808,141,2.53
Snacks,Breakfast,44.9,18.2,22.0,3.2,19.1,715,369,495,6.07
Snacks,Lunch,4.7,87.2,26.5,2.3,18.0,326,301,465,4.75
Snacks,Dinner,10.9,89.5,13.3,1.3,25.4,499,462,242,2.43
Meat,Breakfast,40.8,93.9,39.8,3.2,14.1,840,735,104,8.81
Fruits,Breakfast,6.3,65.3,11.2,2.3,32.4,701,808,509,1.98
Snacks,Snack,29.4,10.3,4.0,5.5,14.8,583,685,425,1.13
Beverages,Dinner,5.3,16.2,20.2,4.0,44.9,735,599,559,3.95
Meat,Breakfast,1.0,21.4,38.3,2.1,29.7,560,814,368,6.54
Fruits,Breakfast,22.5,32.7,28.4,7.8,24.6,823,871,256,6.45
Meat,Lunch,17.3,19.5,26.0,8.4,8.4,475,547,489,6.66
Dairy,Breakfast,4.0,18.4,7.2,1.1,25.4,824,825,550,1.38
Dairy,Snack,6.1,39.9,11.2,5.6,35.7,846,185,272,2.04
Dairy,Dinner,7.7,39.1,11.6,5.8,12.2,725,152,93,2.36
Meat,Dinner,14.1,71.2,25.8,4.2,28.6,947,744,393,4.89
Dairy,Snack,49.7,14.4,36.3,4.8,1.9,674,485,437,12.23
Meat,Lunch,23.4,79.3,14.0,2.4,16.0,434,536,314,2.91
Grains,Snack,48.7,81.7,38.8,8.2,8.7,355,136,535,9.39
Grains,Breakfast,15.4,99.6,5.8,1.8,28.7,172,853,427,1.07
Vegetables,Breakfast,38.9,88.0,18.4,6.4,35.4,365,658,585,3.83
Meat,Dinner,41.5,75.6,31.0,8.2,0.4,314,179,344,9.15
Meat,Lunch,17.2,92.5,34.7,8.3,20.7,25,421,344,6.69
Vegetables,Dinner,22.1,30.5,40.5,5.6,25.7,558,763,544,9.24
Beverages,Snack,48.0,42.1,16.4,4.8,21.1,31,171,227,4.07
Vegetables,Snack,11.2,69.1,49.2,9.1,10.6,630,308,264,9.97
Grains,Snack,10.8,7.3,15.1,5.8,35.3,961,803,539,3.73
Meat,Snack,17.2,42.3,48.9,4.4,15.8,91,375,138,10.6
Grains,Snack,37.1,17.9,6.8,1.8,18.5,750,496,446,1.84
Grains,Lunch,24.0,48.5,11.8,1.3,21.2,178,276,537,2.57
Snacks,Dinner,49.7,29.2,10.0,8.5,15.1,301,550,304,2.68
Meat,Snack,17.1,28.2,44.9,2.2,41.0,816,696,298,9.71
Beverages,Dinner,27.8,60.2,10.4,3.6,10.6,305,257,430,2.38
Vegetables,Dinner,19.6,16.6,10.1,3.2,23.1,968,339,51,2.49
Dairy,Snack,14.0,26.0,6.3,8.4,24.5,91,936,256,1.37
Vegetables,Lunch,47.3,10.7,29.4,0.9,33.8,958,380,525,8.32
Dairy,Lunch,25.9,64.2,34.7,6.1,20.6,393,600,451,7.36
Fruits,Breakfast,16.2,30.0,8.3,3.6,30.3,474,369,396,1.79
Grains,Lunch,2.7,28.1,1.2,5.6,4.2,81,544,576,0.26
Vegetables,Snack,44.5,9.4,40.4,0.2,30.2,891,953,450,11.55
Vegetables,Breakfast,21.4,35.0,22.3,9.9,26.7,311,352,297,4.94
Vegetables,Dinner,10.1,13.6,25.9,3.4,0.4,66,814,397,7.87
Dairy,Snack,26.4,25.0,29.5,6.3,22.2,439,647,596,7.2
Vegetables,Breakfast,46.2,24.0,27.3,8.5,31.0,908,453,405,7.13
Fruits,Snack,30.6,17.2,48.9,0.3,0.7,502,116,111,16.22
Beverages,Breakfast,34.6,51.6,11.5,0.8,26.6,615,521,76,2.59
Fruits,Breakfast,15.5,20.0,6.0,9.6,36.2,347,112,255,1.36
Dairy,Dinner,35.6,99.6,14.3,3.5,39.1,128,560,526,2.87
Dairy,Snack,38.1,85.6,29.6,9.7,38.8,497,481,462,6.13
Snacks,Lunch,46.7,90.2,3.6,9.2,14.9,820,856,531,0.81
Dairy,Breakfast,28.5,86.6,27.8,4.1,35.2,686,802,290,5.54
Beverages,Dinner,37.5,17.6,25.3,0.4,17.2,993,241,342,6.9
Dairy,Breakfast,32.0,27.1,47.4,1.6,25.6,800,971,535,11.67
Fruits,Snack,26.4,9.6,26.2,6.4,29.9,1,387,349,7.11
Vegetables,Lunch,43.4,79.0,29.5,1.9,2.4,854,153,170,7.97
Beverages,Lunch,46.8,10.5,12.9,5.3,37.6,175,346,87,3.64
Meat,Snack,22.6,52.5,23.1,4.8,38.7,11,154,555,4.76
Dairy,Snack,21.0,96.4,37.5,8.5,10.6,249,125,71,7.82
Beverages,Dinner,24.1,88.5,34.4,4.3,5.3,504,511,432,7.92
Beverages,Snack,33.7,37.3,28.5,0.3,30.0,370,323,307,6.68
Grains,Breakfast,43.7,80.1,47.7,5.1,14.0,629,336,590,10.92
Snacks,Dinner,8.9,82.7,24.4,1.4,0.2,357,261,370,6.36
Snacks,Breakfast,45.9,6.3,6.1,9.2,47.1,635,645,65,1.76
Snacks,Lunch,40.8,60.6,13.9,5.1,39.2,321,712,454,3.07
Vegetables,Lunch,33.1,8.6,21.7,4.0,36.7,360,409,415,6.04
Fruits,Breakfast,41.0,54.8,10.3,9.5,6.4,621,474,522,2.65
Meat,Breakfast,25.1,98.3,19.0,8.5,17.2,871,739,418,3.85
Snacks,Snack,1.7,27.9,4.2,1.4,16.1,71,144,241,0.76
Beverages,Breakfast,17.9,61.1,7.6,1.6,45.5,993,275,379,1.47
Vegetables,Lunch,6.1,54.3,34.9,2.7,24.3,696,486,58,6.35
Dairy,Breakfast,9.9,97.1,14.9,4.5,1.1,679,729,332,3.66
Beverages,Dinner,27.5,97.2,1.4,7.3,45.3,629,708,140,0.27
Snacks,Dinner,25.5,70.6,38.8,8.5,22.5,668,239,153,8.05
Fruits,Lunch,25.7,28.8,25.2,1.4,32.8,239,720,597,5.86
Meat,Breakfast,1.8,92.3,30.6,2.3,33.6,561,668,419,5.07
Snacks,Dinner,9.4,67.4,45.2,9.9,41.7,488,467,241,8.08
Vegetables,Breakfast,29.1,84.7,30.6,0.7,14.3,1000,838,131,6.55
Fruits,Breakfast,42.8,37.0,48.8,4.3,14.1,157,717,584,12.47
Meat,Breakfast,6.6,22.2,27.1,2.0,4.7,502,192,367,6.36
Snacks,Lunch,28.7,49.5,15.6,7.3,35.1,400,154,552,3.38
Vegetables,Dinner,27.6,84.8,12.4,9.2,25.4,841,235,287,2.52
Meat,Snack,40.0,51.9,11.8,0.4,22.1,789,615,114,2.75
Vegetables,Snack,19.8,49.2,25.5,4.7,36.8,929,599,391,5.21
Vegetables,Snack,5.0,7.7,12.1,5.8,23.6,517,246,555,2.69
Fruits,Snack,45.7,96.8,28.5,7.6,21.6,349,645,464,6.17
Fruits,Dinner,43.3,92.9,34.0,7.9,47.3,354,966,87,7.03
Snacks,Breakfast,49.1,96.2,7.1,4.6,8.3,698,880,407,1.69
Fruits,Breakfast,31.4,90.0,36.3,2.2,20.7,29,997,583,7.55
Beverages,Snack,32.2,27.8,38.6,6.1,13.5,253,933,282,9.89
Beverages,Dinner,40.6,11.9,13.0,6.0,11.6,486,928,124,3.82
Dairy,Dinner,46.6,92.0,35.2,2.6,31.4,316,708,365,7.53
Fruits,Snack,26.6,48.4,18.8,5.0,25.4,635,707,136,4.12
Vegetables,Snack,26.0,59.7,9.2,4.4,1.2,984,506,317,2.54
Dairy,Dinner,35.3,5.7,46.2,6.4,47.0,486,190,466,13.2
Snacks,Lunch,40.9,72.2,3.0,9.2,4.0,918,315,462,0.78
Grains,Breakfast,31.7,33.7,36.2,3.0,2.9,100,775,444,10.31
Dairy,Dinner,25.5,96.4,11.2,1.9,30.7,304,672,112,2.19
Snacks,Snack,34.4,37.4,48.9,7.1,48.5,283,400,352,11.26
Fruits,Lunch,20.7,12.2,1.4,2.7,3.4,290,810,129,0.42
Dairy,Breakfast,10.1,26.8,15.7,9.3,0.3,393,597,468,4.46
Grains,Lunch,48.2,68.8,49.1,5.1,50.0,77,789,540,10.82
Grains,Lunch,40.5,90.6,13.0,0.4,11.8,10,263,383,2.93
Meat,Snack,44.1,73.9,33.9,0.5,13.9,529,201,592,7.87
Dairy,Breakfast,29.0,75.8,24.9,1.7,6.3,663,135,136,5.86
Vegetables,Snack,24.5,68.3,35.9,3.7,35.2,204,964,485,7.24
Vegetables,Lunch,47.7,39.3,36.5,2.9,37.5,719,313,173,8.87
Vegetables,Lunch,49.8,37.3,15.0,2.6,35.5,794,168,244,3.71
Dairy,Dinner,39.5,84.0,21.4,3.2,16.4,392,210,373,4.73
Snacks,Breakfast,16.4,68.1,7.9,6.2,22.0,949,257,467,1.56
Meat,Dinner,37.2,51.0,20.6,7.2,46.5,208,364,273,4.58
Fruits,Breakfast,5.9,35.8,6.9,2.2,25.8,203,126,472,1.29
Dairy,Snack,12.4,19.5,26.1,1.6,34.9,563,885,319,5.72
Vegetables,Breakfast,11.5,47.3,35.4,5.5,3.2,193,612,170,8.49
Dairy,Snack,26.7,98.7,43.2,8.3,36.2,67,999,542,8.37
Meat,Lunch,29.2,52.9,42.3,1.2,12.1,219,279,259,9.81
Grains,Breakfast,7.3,73.8,46.5,0.2,27.2,44,179,365,8.32
Meat,Lunch,34.3,81.2,49.6,3.9,4.8,233,301,135,12.16
Grains,Dinner,31.9,67.3,43.3,1.3,47.3,352,587,480,8.98
Fruits,Breakfast,18.8,7.9,1.4,4.0,40.3,6,354,291,0.37
Dairy,Dinner,38.4,16.5,14.9,9.4,7.8,969,194,74,4.35
Snacks,Dinner,14.8,54.5,46.3,2.1,23.0,239,967,515,9.23
Vegetables,Snack,10.7,65.7,6.5,0.3,36.8,264,160,498,1.19
Grains,Breakfast,39.0,93.6,15.9,0.4,39.8,925,109,375,3.26
Dairy,Lunch,2.7,45.2,37.6,9.6,42.4,8,448,120,6.35
Grains,Breakfast,8.6,85.5,8.2,9.5,22.9,141,958,600,1.49
Meat,Breakfast,13.3,86.5,23.2,8.2,41.6,420,487,129,4.19
Vegetables,Dinner,40.7,97.6,11.9,7.7,10.8,167,954,401,2.68
Dairy,Breakfast,2.5,45.7,35.9,9.9,38.5,743,831,157,6.07
Vegetables,Snack,36.6,86.7,15.7,4.1,15.4,324,320,133,3.43
Dairy,Lunch,32.9,12.0,12.3,7.7,32.4,22,602,141,3.33
Fruits,Breakfast,5.5,28.8,6.4,5.0,42.1,754,925,89,1.18
Meat,Breakfast,43.1,65.2,38.2,6.7,8.6,346,700,161,9.39
Vegetables,Lunch,20.0,84.7,47.2,1.5,13.7,574,740,343,9.68
Meat,Snack,34.0,70.5,28.4,5.1,38.2,888,648,269,5.96
Snacks,Dinner,4.1,5.7,5.4,8.1,37.8,954,414,267,1.18
Beverages,Snack,46.2,61.7,39.6,0.9,46.9,806,792,105,8.84
Meat,Dinner,45.2,87.1,8.2,2.1,27.6,534,796,373,1.77
Vegetables,Dinner,31.2,60.2,23.5,9.3,8.7,687,267,211,5.57
Meat,Breakfast,45.2,74.6,39.5,7.4,22.7,768,391,283,8.85
Vegetables,Snack,15.3,62.3,27.6,2.7,27.8,313,561,431,5.37
Beverages,Snack,45.5,25.9,17.6,5.8,32.6,331,740,247,4.53
Vegetables,Breakfast,42.9,6.9,38.5,6.8,16.2,760,349,115,11.56
Beverages,Snack,36.4,14.3,34.7,9.0,13.2,534,865,175,9.82
Meat,Lunch,8.4,56.1,34.0,9.9,13.5,181,720,445,6.67
Meat,Snack,29.6,10.1,15.3,7.4,13.9,864,499,529,4.37
Snacks,Breakfast,48.4,48.4,39.7,6.3,3.1,194,252,562,11.35
Snacks,Snack,43.0,97.7,8.0,6.7,18.7,922,724,252,1.73
Meat,Breakfast,29.5,92.4,3.3,9.4,22.5,162,241,146,0.67
Grains,Lunch,32.5,36.5,29.4,4.9,37.2,307,774,62,6.81
Beverages,Dinner,44.0,10.3,21.9,7.9,44.2,240,386,357,6.12
Snacks,Snack,18.6,35.0,48.4,1.9,35.6,521,708,440,10.33
Vegetables,Snack,35.9,84.4,36.9,7.4,0.3,779,815,231,10.65
Fruits,Breakfast,27.5,95.2,25.5,5.9,5.0,302,316,147,5.95
Vegetables,Lunch,38.3,61.9,6.9,7.2,26.7,433,619,570,1.54
Fruits,Dinner,22.5,53.0,30.0,4.5,9.5,434,289,384,6.86
Meat,Breakfast,47.8,99.8,44.7,9.7,4.8,192,344,380,11.14
Beverages,Dinner,18.0,83.8,12.0,5.5,28.9,423,976,229,2.29
Meat,Dinner,4.9,65.7,24.8,8.2,2.9,72,447,230,5.54
Beverages,Lunch,26.1,39.1,40.7,8.0,31.7,281,874,559,9.07
Beverages,Snack,34.3,81.1,12.2,4.2,27.7,851,304,208,2.56
Meat,Lunch,4.0,27.7,4.9,8.8,31.4,2,579,530,0.89
Meat,Breakfast,3.4,53.0,31.6,3.7,14.6,295,792,147,5.83
Snacks,Lunch,14.3,65.9,43.5,0.6,6.2,623,537,463,9.62
Beverages,Lunch,45.2,89.3,36.1,7.1,18.5,593,579,530,7.99
Dairy,Lunch,39.8,34.7,12.4,6.8,9.0,156,979,98,3.28
Dairy,Lunch,12.4,68.8,32.9,7.7,41.0,781,737,129,6.04
Vegetables,Dinner,12.7,74.3,19.6,7.5,46.2,402,164,224,3.56
Dairy,Breakfast,44.4,16.2,2.3,6.9,33.5,276,124,572,0.62
Dairy,Dinner,9.7,36.7,29.3,9.0,36.8,956,485,73,5.64
Vegetables,Snack,36.8,18.5,16.5,4.7,44.2,50,197,386,4.26
Meat,Breakfast,8.4,31.4,47.2,3.4,1.9,933,419,406,11.96
Beverages,Breakfast,30.8,27.5,23.1,5.8,1.4,173,491,342,7.07
Snacks,Lunch,44.8,48.4,22.1,3.4,38.7,944,935,483,5.14
Fruits,Lunch,25.7,94.3,6.0,0.3,39.5,605,843,383,1.16
Meat,Breakfast,11.8,68.1,37.7,7.1,7.9,471,300,57,7.94
Meat,Breakfast,27.2,25.6,5.0,2.0,17.6,104,808,417,1.24
Vegetables,Snack,7.2,43.4,2.0,4.7,29.0,382,525,157,0.37
Snacks,Lunch,32.5,81.3,17.6,4.0,15.4,849,257,577,3.82
Snacks,Breakfast,25.9,82.1,4.1,5.6,6.4,840,148,324,0.94
Meat,Dinner,43.4,76.9,15.5,0.0,30.4,755,992,527,3.38
Vegetables,Lunch,36.5,13.1,46.9,8.5,8.5,461,395,71,13.85
Dairy,Lunch,43.0,31.7,45.5,7.7,43.2,117,224,129,11.17
Dairy,Dinner,2.0,9.0,48.2,5.6,28.0,577,211,344,9.17
Meat,Breakfast,21.4,68.7,43.4,3.3,27.5,463,840,440,8.71
Beverages,Lunch,25.9,93.7,13.7,9.5,45.5,929,543,241,2.63
Beverages,Dinner,3.1,88.2,34.4,2.2,0.1,176,941,329,8.71
Dairy,Snack,5.3,86.1,8.6,9.2,25.5,195,135,339,1.5
Beverages,Lunch,28.5,57.1,3.0,2.8,33.6,97,707,327,0.64
Fruits,Dinner,4.8,84.5,27.1,5.8,41.9,756,296,281,4.57
Meat,Lunch,31.0,15.8,22.2,9.5,21.8,44,475,132,5.9
Dairy,Dinner,21.4,43.4,31.8,5.1,34.4,413,792,109,6.72
Snacks,Breakfast,28.4,56.8,9.4,1.3,41.5,578,164,66,1.98
Beverages,Lunch,34.2,23.0,36.8,3.1,38.5,171,519,311,9.19
Vegetables,Dinner,49.2,57.0,36.8,8.5,5.6,168,764,424,9.79
Snacks,Lunch,40.1,95.3,41.8,1.6,12.3,295,532,196,9.32
Snacks,Snack,16.3,77.1,28.6,5.6,25.9,847,304,152,5.49
Snacks,Breakfast,18.1,46.8,13.6,4.4,28.4,370,942,558,2.8
Dairy,Dinner,49.3,6.8,26.2,8.1,17.0,461,448,116,7.92
Beverages,Dinner,17.9,32.7,15.1,8.8,19.9,211,756,313,3.35
Grains,Dinner,41.0,7.8,18.5,4.3,0.1,324,267,431,6.87
Meat,Dinner,6.9,35.3,38.9,9.5,7.5,149,100,292,8.32
Fruits,Dinner,27.0,43.9,26.7,3.9,28.1,834,442,325,5.91
Grains,Snack,19.8,60.0,5.8,8.2,23.0,853,154,249,1.19
Meat,Breakfast,32.2,33.6,28.7,1.1,25.7,874,672,64,6.85
Dairy,Breakfast,14.8,66.9,2.2,6.5,6.1,204,357,323,0.49
Beverages,Breakfast,42.9,21.8,6.6,9.7,45.7,471,162,474,1.7
Fruits,Snack,27.0,75.0,48.2,0.7,23.1,344,323,69,9.98
Meat,Breakfast,20.9,73.1,48.3,1.0,24.5,803,811,54,9.66
Grains,Lunch,18.2,48.3,16.6,0.3,10.5,152,297,246,3.7
Beverages,Snack,42.3,19.4,5.6,7.6,16.8,703,277,72,1.54
Meat,Dinner,38.2,52.2,17.4,3.5,0.6,373,110,132,5.25
Dairy,Lunch,16.8,48.0,29.2,7.3,12.3,225,798,340,6.34
Snacks,Dinner,47.2,5.2,11.4,3.1,39.5,909,948,454,3.35
Vegetables,Snack,36.0,58.0,15.4,4.0,32.4,891,839,318,3.39
Beverages,Breakfast,41.1,56.5,20.4,3.8,43.7,897,591,69,4.54
Dairy,Breakfast,21.0,49.9,38.4,9.6,25.1,970,897,78,8.08
Beverages,Breakfast,18.9,62.1,11.0,2.7,9.0,276,261,311,2.42
Vegetables,Breakfast,11.4,8.9,35.8,8.1,17.9,8,324,155,9.03
Fruits,Snack,21.5,15.5,33.0,2.5,22.3,242,353,279,8.36
Fruits,Breakfast,43.2,54.8,15.5,1.6,13.3,322,456,138,3.76
Dairy,Dinner,30.7,41.5,29.2,3.0,35.5,374,749,263,6.58
Dairy,Lunch,11.9,78.7,5.1,7.4,19.3,877,291,286,0.97
Snacks,Snack,41.7,97.7,13.6,9.9,4.6,828,547,591,3.35
Dairy,Dinner,20.4,75.4,9.6,8.7,26.2,945,461,390,1.9
Fruits,Snack,46.3,90.7,11.8,1.5,27.2,235,816,568,2.55
Grains,Breakfast,45.4,22.6,20.3,6.9,24.3,961,767,160,5.39
Grains,Breakfast,40.6,62.3,6.6,7.2,44.1,419,754,405,1.44
Grains,Lunch,37.5,60.6,11.4,7.9,47.9,961,584,562,2.46
Vegetables,Breakfast,20.9,7.1,40.5,6.4,3.9,625,400,365,12.73
Fruits,Snack,5.9,83.2,17.0,9.0,43.9,409,343,184,2.89
Snacks,Dinner,41.9,66.3,39.1,8.2,29.5,49,203,120,8.68
Vegetables,Snack,22.9,34.2,34.9,4.1,27.9,293,747,237,7.83
Dairy,Snack,15.0,6.8,42.6,9.3,24.4,710,778,295,11.32
Fruits,Dinner,19.8,99.2,8.7,0.5,20.3,805,619,312,1.69
Grains,Dinner,12.0,56.9,25.5,2.8,42.9,370,886,414,4.75
Meat,Breakfast,41.0,56.6,4.1,4.7,9.3,526,384,307,1.01
Vegetables,Snack,12.2,78.0,4.7,8.1,40.9,410,282,171,0.85
Grains,Snack,44.1,87.2,26.3,6.1,17.3,914,252,364,5.85
Vegetables,Dinner,10.8,69.3,32.8,2.9,43.8,160,822,438,5.91
Snacks,Dinner,29.4,77.0,2.9,0.3,27.0,449,862,181,0.6
Fruits,Dinner,32.6,80.3,49.7,9.7,13.5,998,994,562,10.93
Grains,Snack,45.5,7.4,16.0,3.1,41.8,595,738,95,4.6
Dairy,Lunch,39.4,67.5,33.7,6.1,17.9,732,882,363,7.64
Grains,Breakfast,23.2,84.4,11.8,7.3,2.5,777,677,152,2.93
Dairy,Breakfast,37.2,45.7,49.0,0.9,42.8,910,499,553,11.12
Grains,Snack,16.4,65.2,15.2,9.3,22.3,598,976,465,3.01
Beverages,Breakfast,10.6,51.0,7.0,9.2,16.7,514,679,536,1.39
Beverages,Dinner,35.0,27.6,45.3,2.3,15.9,431,966,452,11.62
Beverages,Snack,4.0,11.6,23.7,8.6,41.3,550,533,551,4.67
Snacks,Snack,31.8,36.7,22.0,0.1,27.2,99,501,409,5.15
Snacks,Snack,36.6,87.8,12.2,5.1,25.1,251,133,378,2.57
Fruits,Breakfast,26.2,67.6,2.2,0.1,15.1,61,582,99,0.48
Dairy,Lunch,4.1,16.5,26.2,8.3,2.5,950,434,499,6.42
Grains,Dinner,9.5,74.4,4.8,9.3,7.0,933,435,217,1.0
Fruits,Snack,24.6,34.5,17.4,5.9,34.2,679,479,503,3.9
Snacks,Breakfast,45.8,55.4,3.1,1.3,20.4,183,528,435,0.73
Fruits,Breakfast,17.3,12.9,17.3,0.6,39.5,47,895,506,4.23
Vegetables,Snack,10.2,65.8,18.3,2.6,40.3,803,134,456,3.31
Fruits,Breakfast,15.1,42.5,41.3,1.5,18.0,568,529,424,8.69
Grains,Breakfast,9.4,90.8,12.7,4.3,49.8,80,244,582,2.2
Vegetables,Breakfast,29.1,31.5,45.0,5.7,47.0,185,507,277,10.37
Dairy,Lunch,26.8,61.0,9.9,7.5,35.8,549,291,393,2.05
Dairy,Breakfast,15.8,44.5,7.9,0.8,41.8,439,500,521,1.57
Fruits,Dinner,6.6,77.4,14.2,7.3,13.4,63,720,207,2.68
Fruits,Lunch,29.9,82.2,44.6,3.1,19.5,695,189,513,9.37
Vegetables,Breakfast,9.3,30.2,38.0,6.6,34.5,880,940,252,7.49
Dairy,Snack,7.2,38.4,32.5,9.3,0.7,104,504,191,8.48
Meat,Snack,16.8,19.4,22.1,7.8,8.6,50,651,426,5.62
Meat,Breakfast,17.5,56.1,13.4,2.2,50.0,525,760,333,2.6
Snacks,Snack,42.2,87.3,5.1,8.3,26.4,527,733,406,1.09
Snacks,Snack,18.5,54.2,13.1,3.7,16.5,273,834,211,2.76
Meat,Breakfast,48.8,17.0,37.1,4.5,0.5,48,421,96,13.0
Dairy,Lunch,39.6,52.3,34.4,7.1,12.4,824,131,356,8.35
Meat,Dinner,34.7,35.4,8.0,5.5,20.3,428,900,168,1.94
Fruits,Lunch,45.6,39.8,39.4,3.2,1.4,110,635,538,12.11
Beverages,Snack,43.2,82.5,20.2,9.8,10.1,213,745,586,4.73
Beverages,Dinner,42.6,24.4,2.6,4.5,25.3,407,262,76,0.68
Beverages,Snack,5.6,15.5,26.4,9.4,16.7,259,635,304,5.57
Meat,Dinner,32.6,92.7,9.6,2.9,26.7,255,915,456,1.96
Vegetables,Snack,32.7,79.7,8.4,6.8,23.3,414,291,575,1.77
Beverages,Dinner,27.0,65.4,45.4,0.5,39.7,725,347,124,9.29
Fruits,Breakfast,30.4,18.5,44.8,8.7,33.3,61,688,153,11.4
Dairy,Breakfast,29.0,16.3,41.6,4.6,20.6,119,561,444,10.96
Fruits,Dinner,3.7,45.2,11.1,8.7,45.4,160,524,576,1.9
Dairy,Lunch,8.2,54.7,40.5,2.8,19.2,575,300,523,7.69
Dairy,Lunch,6.0,75.2,3.6,7.9,22.7,709,235,538,0.64
Meat,Snack,45.5,8.9,7.2,8.4,11.1,863,458,121,2.19
Dairy,Lunch,11.9,81.3,19.6,3.0,17.0,665,969,247,3.76
Meat,Breakfast,30.5,10.2,38.2,6.5,40.5,192,762,537,10.34
Dairy,Snack,23.9,50.3,40.9,2.0,14.7,485,148,358,9.12
Snacks,Snack,38.6,54.7,43.8,9.3,15.5,316,926,235,10.33
Snacks,Dinner,39.1,40.5,36.1,3.9,15.7,617,686,245,8.91
Fruits,Dinner,27.1,39.8,41.8,2.0,25.2,816,699,270,9.46
Snacks,Dinner,28.3,77.6,4.7,6.3,34.5,648,631,533,0.95
Fruits,Snack,46.4,50.2,18.1,9.0,33.8,481,837,430,4.24
Meat,Lunch,48.9,19.0,26.7,0.0,9.9,120,210,402,7.74
Grains,Lunch,15.1,27.7,34.4,9.9,28.9,435,592,459,7.45
Vegetables,Lunch,5.8,73.4,28.7,3.4,0.9,343,264,401,7.05
Fruits,Snack,24.1,10.7,22.1,2.3,7.1,589,516,397,6.46
Fruits,Snack,29.8,79.4,4.3,4.0,7.6,550,535,207,0.99
Vegetables,Lunch,19.2,55.6,25.1,6.7,46.4,421,480,305,4.96
Vegetables,Lunch,31.2,13.3,47.1,2.4,28.5,680,597,272,12.61
Vegetables,Dinner,27.8,48.7,46.1,2.6,33.3,385,821,264,10.0
Snacks,Lunch,41.2,24.6,3.1,2.6,41.2,44,748,572,0.79
Meat,Lunch,7.5,83.9,45.6,1.1,23.2,484,518,336,8.2
Vegetables,Breakfast,17.2,71.0,27.3,6.1,45.1,990,368,368,5.16
Beverages,Lunch,25.2,53.2,19.2,4.4,29.4,914,451,593,4.07
Grains,Lunch,47.7,56.2,22.0,6.7,16.5,252,287,557,5.31
Snacks,Lunch,49.9,5.7,48.4,3.6,43.1,271,179,408,14.16
Vegetables,Dinner,24.4,81.1,44.4,7.8,16.5,99,496,557,9.22
Grains,Breakfast,21.4,35.4,18.0,3.6,48.1,897,862,65,3.87
Grains,Breakfast,34.9,45.7,11.7,5.3,34.1,989,412,438,2.66
Vegetables,Lunch,36.5,6.2,9.0,1.3,1.0,503,610,519,3.23
Grains,Breakfast,31.8,29.5,41.6,4.0,8.7,607,160,500,10.94
Snacks,Dinner,8.4,93.3,47.1,0.1,15.0,898,957,529,8.82
Grains,Breakfast,6.1,24.8,28.3,1.0,6.8,616,781,210,6.26
Vegetables,Snack,45.2,49.9,26.0,1.9,21.6,809,122,234,6.22
Vegetables,Dinner,24.4,36.1,22.9,9.6,42.9,425,973,394,5.04
Meat,Breakfast,49.3,84.0,29.7,0.4,40.0,185,116,534,6.42
Fruits,Lunch,34.3,14.3,34.4,2.9,6.2,420,194,565,10.26
Fruits,Lunch,41.4,24.8,13.2,6.2,37.9,435,959,240,3.35
Snacks,Breakfast,36.6,88.0,25.8,1.9,11.9,388,495,557,5.76
Dairy,Dinner,21.5,43.5,30.4,0.3,27.4,52,685,102,6.51
Meat,Breakfast,25.4,46.6,26.7,6.0,20.7,39,135,290,5.92
Vegetables,Breakfast,14.4,7.1,34.6,1.7,17.5,2,972,103,9.28
Grains,Breakfast,20.9,41.7,34.0,4.3,22.4,116,955,204,7.4
Snacks,Dinner,9.0,46.6,25.1,4.2,2.3,180,348,128,6.08
Snacks,Lunch,8.5,88.5,46.6,7.1,5.1,241,405,223,9.9
Snacks,Snack,14.4,81.8,22.4,6.7,34.8,996,120,232,4.14
Snacks,Breakfast,14.0,73.0,3.5,7.9,22.3,864,357,522,0.67
Snacks,Lunch,1.6,27.9,15.8,1.4,14.4,58,119,450,2.9
Meat,Breakfast,14.6,82.6,27.0,3.3,32.4,523,945,542,5.01
Beverages,Breakfast,40.7,72.7,32.9,2.1,15.3,630,494,214,7.5
Beverages,Breakfast,37.3,36.0,43.5,9.4,5.9,309,787,407,11.8
Grains,Breakfast,30.6,56.4,45.0,6.8,16.4,581,291,287,10.15
Vegetables,Snack,41.2,62.5,43.1,0.1,36.5,734,185,310,9.53
Beverages,Snack,25.2,82.1,16.1,9.1,24.0,827,874,526,3.25
Beverages,Snack,49.8,51.2,49.2,0.5,36.9,927,864,282,11.57
Vegetables,Snack,1.9,69.3,28.8,1.6,9.4,607,496,60,5.43
Snacks,Breakfast,19.4,9.6,36.8,5.0,26.7,309,700,313,9.67
Snacks,Snack,13.5,34.3,22.5,6.6,47.1,222,973,71,4.52
Meat,Dinner,9.6,16.9,11.0,2.4,39.7,924,525,284,2.35
Dairy,Breakfast,31.0,80.4,14.7,5.0,43.1,703,818,95,2.97
Beverages,Breakfast,34.1,39.8,2.8,8.1,43.9,808,268,303,0.64
Fruits,Breakfast,47.3,67.8,18.5,5.4,4.1,296,692,486,4.92
Grains,Snack,27.7,81.8,38.9,1.6,0.1,226,989,386,11.11
Vegetables,Breakfast,38.7,82.1,16.5,9.8,7.2,753,234,101,3.94
Dairy,Lunch,49.9,55.9,30.8,9.5,26.6,212,210,376,7.27
Fruits,Breakfast,43.4,37.6,23.5,4.8,25.4,469,341,229,5.78
Snacks,Snack,12.8,38.0,24.9,0.8,31.5,379,217,152,5.0
Fruits,Breakfast,30.9,80.2,40.4,6.6,20.4,42,102,286,8.53
Vegetables,Lunch,32.0,14.5,36.0,0.1,32.9,755,918,190,9.51
Fruits,Breakfast,40.5,87.5,4.6,5.5,10.4,508,612,413,1.06
Grains,Snack,13.6,62.3,19.3,6.6,36.6,505,529,508,3.64
Vegetables,Lunch,30.9,68.0,1.8,8.6,24.8,58,957,336,0.38
Snacks,Dinner,10.6,6.5,46.1,1.1,21.6,544,424,378,11.83
Beverages,Breakfast,3.5,89.7,47.8,6.6,17.9,196,114,276,8.48
Vegetables,Lunch,22.2,56.0,3.4,9.9,43.1,957,772,258,0.69
Dairy,Snack,31.2,83.0,30.3,4.6,14.6,706,943,108,6.55
Grains,Snack,35.8,87.1,11.6,7.1,20.1,988,642,293,2.47
Meat,Dinner,46.1,37.8,18.5,6.3,12.9,694,100,322,4.8
Meat,Breakfast,3.5,91.0,1.1,6.9,9.5,850,477,327,0.21
Meat,Breakfast,48.7,37.6,30.8,4.6,43.3,561,884,96,7.52
Vegetables,Lunch,28.4,5.3,23.5,5.7,37.5,693,487,193,6.69
Snacks,Snack,47.2,74.1,9.6,3.6,25.9,808,697,424,2.15
Grains,Snack,10.3,74.6,1.6,1.1,19.9,57,482,565,0.3
Vegetables,Snack,40.2,44.4,42.3,6.0,42.0,213,340,554,9.77
Dairy,Breakfast,49.9,28.8,20.0,5.2,2.2,879,299,385,6.27
Vegetables,Lunch,14.7,83.3,43.7,6.9,22.3,501,288,575,8.33
Vegetables,Snack,10.0,81.6,9.3,4.0,46.6,256,465,492,1.64
Meat,Breakfast,42.5,43.2,25.4,4.6,22.1,827,928,400,6.15
Dairy,Dinner,49.4,71.0,20.7,6.5,23.3,263,424,250,4.73
Snacks,Lunch,25.4,78.6,37.3,2.4,49.3,135,880,488,7.29
Grains,Dinner,19.3,56.6,24.9,5.1,14.4,258,173,573,5.31
Snacks,Snack,1.4,8.2,11.1,2.5,16.2,695,383,220,2.15
Vegetables,Dinner,37.1,93.3,49.8,9.6,39.3,538,941,559,10.14
Grains,Snack,4.8,11.1,11.3,3.7,6.7,221,112,459,2.66
Fruits,Breakfast,17.5,28.9,16.9,4.9,21.0,874,233,551,3.8
Dairy,Snack,28.9,16.8,23.1,0.1,35.5,80,645,111,5.89
Beverages,Snack,21.0,92.3,1.4,9.2,46.5,33,434,475,0.26
Dairy,Dinner,38.0,24.6,17.7,3.4,32.4,717,940,521,4.48
Meat,Lunch,39.1,58.3,44.9,6.8,31.5,31,150,516,10.03
Beverages,Lunch,23.6,72.4,44.4,5.6,48.1,457,646,516,8.7
Meat,Lunch,22.5,47.1,7.9,7.0,10.8,148,824,452,1.81
Beverages,Breakfast,42.5,5.1,7.6,5.4,31.0,752,565,180,2.24
Beverages,Lunch,2.5,64.6,9.0,2.0,24.2,785,374,142,1.55
Vegetables,Snack,4.3,81.1,21.7,3.7,11.6,987,927,580,4.07
Vegetables,Breakfast,1.6,81.5,7.8,7.4,12.0,235,631,441,1.42
Snacks,Breakfast,3.8,92.2,8.5,4.3,24.5,342,246,469,1.47
Fruits,Breakfast,10.5,39.7,25.1,9.9,36.9,676,568,100,4.84
Beverages,Lunch,18.5,30.1,18.0,2.4,38.2,269,841,377,3.92
Meat,Snack,33.5,92.7,39.6,9.4,31.4,4,987,539,8.05
Beverages,Dinner,3.4,68.3,48.9,8.9,20.5,217,198,167,8.64
Snacks,Snack,27.3,28.1,46.2,4.3,44.3,424,971,248,10.75
Fruits,Breakfast,38.9,16.1,19.1,0.2,43.7,782,380,400,5.05
Grains,Lunch,45.6,60.0,45.5,7.7,42.9,749,740,331,10.22
Grains,Dinner,11.5,69.8,33.3,1.4,7.7,209,735,169,7.0
Dairy,Dinner,36.4,10.0,19.2,0.7,35.8,641,425,68,5.33
Dairy,Lunch,36.4,8.3,30.5,7.5,4.9,611,473,461,9.76
Grains,Snack,11.5,58.9,17.0,0.5,15.9,394,365,457,3.37
Fruits,Lunch,31.7,75.3,9.1,0.6,37.8,272,702,223,1.87
Beverages,Lunch,17.3,88.4,6.6,6.8,31.9,363,203,275,1.24
Vegetables,Breakfast,43.2,45.3,21.1,8.7,34.7,229,767,268,4.96
Grains,Dinner,29.6,22.7,37.7,2.4,9.1,826,915,262,10.13
Meat,Breakfast,8.8,15.6,6.4,5.5,12.5,502,838,138,1.48
Beverages,Dinner,33.5,37.8,21.9,1.9,40.1,369,836,277,5.05
Dairy,Lunch,41.8,71.2,8.9,6.8,29.9,161,153,529,1.95
Dairy,Dinner,38.9,38.4,4.4,5.3,32.7,368,450,587,1.05
Meat,Snack,41.1,9.6,4.2,4.5,24.1,126,512,154,1.2
Meat,Breakfast,37.6,93.6,32.1,8.1,33.0,478,973,511,6.61
Fruits,Snack,12.8,40.1,14.1,2.6,8.0,209,163,204,3.16
Meat,Breakfast,32.7,20.9,8.9,8.3,35.4,815,943,219,2.24
Fruits,Snack,23.0,87.8,22.9,6.5,23.6,808,109,575,4.54
Meat,Breakfast,23.8,37.8,16.2,2.7,6.0,659,771,85,4.09
Meat,Lunch,18.7,72.7,2.2,1.2,20.2,407,494,239,0.44
Snacks,Lunch,21.8,93.7,39.0,9.1,21.9,873,609,211,7.67
Beverages,Dinner,12.6,8.3,9.7,5.4,4.1,384,859,578,2.83
Grains,Dinner,24.1,11.2,47.2,9.3,2.6,45,476,86,14.89
Beverages,Lunch,20.3,21.0,41.7,5.5,19.8,23,799,106,10.1
Grains,Breakfast,44.3,82.4,36.1,2.6,37.5,206,674,177,7.72
Meat,Breakfast,36.4,59.6,35.2,9.2,20.5,451,565,56,7.95
Grains,Breakfast,46.1,90.7,36.1,1.0,8.6,293,221,336,8.55
Fruits,Dinner,22.9,74.9,33.7,6.9,37.0,546,217,318,6.63
Fruits,Lunch,18.7,44.6,36.5,3.1,22.6,304,686,393,7.73
Grains,Breakfast,41.5,25.5,22.9,5.5,9.2,30,561,490,6.34
Dairy,Dinner,19.1,85.2,48.8,2.5,33.5,385,799,438,9.28
Meat,Snack,6.0,89.9,40.6,4.8,14.0,487,108,510,7.54
Beverages,Dinner,45.3,29.0,20.8,5.9,33.2,836,219,335,5.27
Vegetables,Dinner,33.0,11.2,5.7,8.5,44.0,778,712,536,1.54
Vegetables,Breakfast,43.8,74.1,33.9,2.7,38.3,905,441,88,7.35
Snacks,Lunch,18.9,95.1,15.1,7.0,29.6,86,418,413,2.86
Dairy,Lunch,10.1,76.6,7.4,2.5,47.5,977,871,222,1.31
Vegetables,Lunch,30.5,81.9,14.4,4.7,8.0,789,875,57,3.29
Fruits,Breakfast,42.9,29.8,26.8,4.7,31.0,114,241,64,6.73
Beverages,Snack,23.7,11.6,20.2,9.7,14.8,879,207,106,5.52
Snacks,Snack,11.2,31.1,2.2,7.2,35.5,848,842,463,0.44
Snacks,Breakfast,38.6,83.6,11.5,4.5,0.6,450,547,246,3.29
Dairy,Lunch,7.1,29.2,17.6,2.0,5.7,562,756,444,3.96
Vegetables,Lunch,13.8,13.4,3.0,2.1,47.7,606,253,284,0.7
Grains,Snack,2.6,93.9,37.3,6.4,22.7,544,550,135,6.42
Snacks,Dinner,35.1,17.2,13.6,6.4,35.6,61,118,416,3.55
Grains,Snack,13.5,20.2,38.6,0.7,33.6,172,337,301,8.54
Meat,Breakfast,34.4,48.1,30.8,3.8,27.3,568,360,356,7.0
Meat,Breakfast,38.6,39.5,28.4,7.3,31.6,989,433,288,6.73
Beverages,Dinner,44.5,73.5,32.4,4.2,24.5,958,295,515,7.23
Fruits,Snack,38.2,62.4,14.8,0.3,14.0,495,616,230,3.44
Fruits,Dinner,12.1,27.3,23.9,8.5,45.2,886,978,502,4.9
Beverages,Dinner,24.4,11.7,29.7,9.1,49.6,789,982,141,7.66
Beverages,Lunch,8.2,99.7,13.7,9.0,24.7,537,443,369,2.44
Beverages,Breakfast,28.0,49.2,37.7,0.0,31.8,157,167,545,8.19
Snacks,Snack,21.8,63.8,18.3,7.5,18.2,797,543,470,3.83
Vegetables,Dinner,15.4,83.1,6.7,1.1,18.1,654,333,511,1.31
Snacks,Snack,27.8,25.2,11.0,6.3,23.1,9,188,375,2.7
Dairy,Dinner,24.4,89.1,29.3,4.9,2.2,250,881,525,7.37
Vegetables,Breakfast,11.9,39.4,29.3,2.3,48.1,547,131,517,5.67
Beverages,Dinner,38.9,100.0,43.7,3.7,40.7,701,842,140,8.86
Meat,Lunch,28.7,22.5,21.0,2.6,21.2,557,448,51,5.28
Dairy,Dinner,15.7,86.1,45.1,8.8,33.9,557,584,226,8.38
Meat,Lunch,16.4,97.6,48.4,8.3,47.4,313,676,443,8.76
Dairy,Lunch,3.7,93.2,48.9,8.9,46.7,939,473,473,8.09
Meat,Lunch,33.6,87.8,44.8,1.0,10.4,497,610,308,10.02
Dairy,Lunch,2.9,72.5,34.4,7.7,28.0,760,885,513,5.88
Grains,Snack,14.0,38.2,21.9,9.7,15.7,499,858,384,4.68
Vegetables,Breakfast,14.9,56.2,46.9,2.0,31.7,400,418,362,9.13
Grains,Dinner,2.4,43.8,12.9,2.3,2.0,252,505,230,2.95
Grains,Snack,8.8,36.0,19.4,6.9,13.0,601,976,190,4.01
Snacks,Breakfast,38.3,82.5,2.5,4.5,2.5,275,779,354,0.66
Meat,Lunch,45.4,53.9,3.8,7.8,35.0,724,161,381,0.88
Fruits,Snack,12.7,77.5,40.9,4.5,38.9,471,365,414,7.46
Vegetables,Lunch,35.9,15.8,39.1,5.3,9.2,240,166,272,11.24
Fruits,Lunch,48.1,83.3,43.0,3.0,6.9,667,268,154,10.6
Meat,Lunch,22.7,88.8,6.7,5.6,15.0,504,225,172,1.38
Vegetables,Lunch,33.7,60.5,25.8,4.9,3.5,644,591,315,6.76
Beverages,Breakfast,49.9,7.5,47.2,2.0,8.5,51,673,74,14.88
Snacks,Snack,44.6,72.8,15.0,5.3,1.6,329,845,238,4.23
Vegetables,Lunch,15.5,54.8,26.9,8.7,11.1,429,885,270,5.75
Snacks,Breakfast,26.2,81.7,25.2,9.4,32.3,542,244,522,5.03
Dairy,Lunch,15.1,94.7,5.5,5.4,7.8,586,638,382,1.15
Vegetables,Breakfast,10.5,39.1,10.7,1.0,19.8,99,315,119,2.15
Beverages,Dinner,2.5,69.7,16.3,0.6,48.9,640,979,75,2.68
Meat,Breakfast,41.8,79.8,15.0,1.5,41.5,313,814,95,3.18
Beverages,Snack,43.9,27.3,46.1,7.6,3.1,244,405,574,13.97
Meat,Breakfast,27.7,86.1,11.8,9.7,34.3,931,328,116,2.35
Snacks,Breakfast,48.7,82.9,32.3,3.4,49.8,950,832,373,6.92
Snacks,Dinner,11.2,86.3,19.8,8.6,9.8,490,307,500,3.98
Vegetables,Breakfast,8.9,68.5,42.3,0.6,31.5,672,887,450,7.64
Vegetables,Lunch,21.8,76.5,10.2,5.8,41.7,384,961,296,1.98
Vegetables,Snack,45.2,61.2,30.0,3.1,15.7,879,408,82,7.12
Snacks,Lunch,31.7,27.8,3.1,1.9,9.4,844,490,565,0.82
Dairy,Dinner,39.5,13.1,1.9,5.8,4.8,834,984,211,0.59
Snacks,Snack,23.5,38.7,14.4,2.5,34.9,258,673,72,3.14
Vegetables,Lunch,40.1,32.4,42.2,7.1,46.1,919,416,497,10.2
Meat,Lunch,29.7,6.0,46.7,7.1,9.5,726,220,406,14.28
Dairy,Dinner,30.5,10.0,49.4,4.0,48.2,494,315,516,13.32
Meat,Lunch,1.7,34.7,49.1,2.1,21.0,355,927,288,8.64
Meat,Snack,22.2,70.1,15.1,3.0,17.3,611,979,144,3.14
Vegetables,Lunch,17.3,71.1,33.8,4.1,23.5,433,433,169,6.64
Dairy,Snack,2.3,36.7,23.8,7.4,6.3,143,369,327,4.83
Dairy,Dinner,9.0,5.9,46.8,4.5,15.4,551,762,83,12.14
Meat,Breakfast,3.0,14.4,47.7,10.0,40.2,653,205,60,8.85
Snacks,Lunch,17.7,88.0,26.6,4.5,39.7,173,647,151,4.95
Grains,Snack,38.8,57.0,14.6,2.6,8.9,95,175,466,3.59
Beverages,Breakfast,14.0,97.3,29.2,0.9,1.7,886,827,230,7.11
Meat,Lunch,48.0,10.5,16.2,1.8,41.2,11,616,137,4.57
Fruits,Lunch,46.1,57.5,12.4,6.4,36.7,110,489,355,2.83
Meat,Lunch,46.4,99.2,37.7,4.4,12.5,2,597,410,8.52
Grains,Lunch,10.3,75.1,44.0,2.2,25.6,991,841,455,8.11
Dairy,Lunch,40.7,96.8,40.5,1.8,3.8,994,493,411,10.16
Snacks,Dinner,47.3,70.5,41.3,3.0,31.8,964,673,586,9.22
Fruits,Lunch,48.0,6.4,25.1,6.2,38.5,855,119,488,7.32
Snacks,Dinner,9.4,95.2,34.0,7.0,19.9,450,542,259,6.24
Beverages,Dinner,34.8,64.8,6.2,5.1,46.3,750,292,587,1.31
Beverages,Breakfast,32.8,12.4,5.5,2.9,44.4,361,464,435,1.47
Vegetables,Snack,37.9,35.5,29.2,3.1,22.7,641,832,542,7.14
Fruits,Snack,42.0,54.2,8.6,7.8,32.2,60,353,504,1.96
Grains,Dinner,17.5,55.1,14.8,3.0,22.1,390,198,484,3.02
Snacks,Lunch,47.0,69.8,6.6,9.6,12.3,173,817,73,1.58
Grains,Dinner,29.7,38.7,37.8,5.6,13.7,46,623,481,9.11
Grains,Breakfast,12.5,46.7,11.9,3.8,4.3,253,215,351,2.8
Meat,Lunch,25.4,97.8,23.1,8.9,38.6,289,933,180,4.44
Vegetables,Snack,49.8,44.5,24.5,7.5,29.5,246,749,202,5.95
Dairy,Snack,8.8,42.7,1.1,8.5,16.1,741,742,465,0.22
Fruits,Breakfast,17.0,72.8,44.6,1.2,7.1,101,364,84,9.79
Snacks,Snack,5.5,87.9,29.7,8.7,25.4,434,264,355,5.2
Beverages,Snack,18.6,84.6,23.5,5.6,16.1,352,373,225,4.71
Meat,Lunch,46.5,34.3,44.8,3.8,23.3,112,691,305,11.33
Dairy,Lunch,11.6,52.1,5.2,6.0,42.7,558,117,298,0.97
Beverages,Snack,34.2,11.6,21.6,10.0,37.6,790,170,116,5.86
Fruits,Breakfast,34.0,37.5,18.9,7.7,40.0,143,221,234,4.37
Dairy,Dinner,30.2,90.7,43.7,4.5,5.3,553,768,136,10.3
Dairy,Breakfast,38.7,37.8,38.6,8.5,34.2,694,241,184,9.17
Beverages,Snack,35.7,85.6,48.2,5.8,42.6,628,563,85,9.85
Fruits,Breakfast,23.0,38.1,33.6,5.4,25.6,961,271,291,7.46
Snacks,Snack,14.9,46.5,22.7,2.3,0.5,737,529,289,6.28
Meat,Dinner,4.6,89.3,5.8,5.4,21.3,571,319,355,1.02
Meat,Dinner,7.5,70.7,9.8,9.9,16.6,669,646,418,1.84
Fruits,Snack,45.8,28.7,10.7,1.4,17.6,469,759,522,2.82
Beverages,Lunch,47.7,80.1,49.5,2.4,38.0,66,427,142,10.75
Vegetables,Dinner,18.4,51.6,39.2,1.9,0.1,42,879,346,11.25
Fruits,Breakfast,22.8,7.6,3.4,9.2,47.1,494,733,218,0.91
Meat,Dinner,11.5,5.9,21.3,4.3,47.9,930,224,388,5.39
Fruits,Lunch,31.7,64.2,1.8,0.1,26.6,104,212,91,0.39
Dairy,Dinner,31.6,65.7,29.7,2.9,37.4,763,770,61,6.24
Snacks,Dinner,39.9,28.9,42.4,3.8,43.3,44,105,226,10.43
Fruits,Lunch,11.0,48.2,24.0,8.4,39.1,49,713,331,4.53
Grains,Breakfast,20.3,38.1,2.0,2.2,39.4,98,252,503,0.43
Grains,Snack,22.2,53.0,4.8,8.5,23.3,478,662,348,1.01
Beverages,Snack,24.1,72.6,12.0,4.5,9.4,37,215,459,2.66
Dairy,Snack,15.9,64.1,1.8,5.9,44.7,826,585,196,0.34
Vegetables,Lunch,18.9,31.7,2.6,4.7,46.6,195,685,78,0.56
Fruits,Lunch,9.0,52.7,34.2,2.5,11.9,214,868,264,6.88
Snacks,Dinner,35.1,56.9,8.2,0.6,32.4,938,946,83,1.8
Meat,Lunch,37.4,48.0,49.3,6.8,10.3,188,651,146,12.21
Vegetables,Dinner,7.6,34.8,17.8,0.2,40.5,86,508,594,3.33
Dairy,Dinner,11.0,58.9,44.5,9.4,3.8,726,656,172,10.24
Grains,Snack,31.6,28.8,6.3,3.8,35.4,104,216,293,1.51
Grains,Snack,12.0,98.8,37.9,9.6,13.6,212,819,224,7.31
Snacks,Lunch,32.7,69.4,33.5,3.1,30.3,33,301,496,7.09
Vegetables,Breakfast,17.9,23.9,33.0,0.8,22.2,158,851,280,7.63
Fruits,Dinner,47.7,93.9,14.2,2.4,24.7,480,739,192,3.08
Grains,Dinner,47.4,88.2,38.5,7.8,37.6,465,557,356,8.23
Vegetables,Lunch,47.9,13.1,34.0,2.0,44.3,80,816,151,9.38
Vegetables,Dinner,18.8,90.7,25.8,4.1,31.6,973,986,153,4.88
Vegetables,Snack,45.4,69.9,23.4,3.0,35.6,592,356,204,5.17
Snacks,Dinner,47.2,35.5,19.1,6.4,15.2,536,128,574,4.95
Dairy,Dinner,25.3,8.2,26.7,5.0,25.0,244,795,332,7.39
Dairy,Lunch,27.1,65.3,18.5,7.0,41.7,601,511,156,3.78
Vegetables,Snack,35.7,42.6,17.0,8.2,10.0,396,646,123,4.26
Vegetables,Snack,38.8,87.7,13.2,6.0,47.1,828,819,355,2.71
Vegetables,Dinner,14.6,32.6,14.3,5.6,39.1,524,128,344,2.96
Dairy,Breakfast,49.7,54.6,9.8,4.0,30.0,810,338,507,2.3
Dairy,Snack,16.7,24.6,14.8,7.5,35.8,946,459,131,3.28
Beverages,Breakfast,20.8,52.8,15.3,5.6,22.6,947,513,318,3.21
Dairy,Snack,37.6,33.0,41.5,5.3,46.5,622,327,569,9.9
Vegetables,Snack,15.8,87.2,17.8,8.1,40.6,41,168,537,3.27
Vegetables,Snack,26.6,89.2,46.0,2.5,3.2,260,691,389,11.28
Grains,Lunch,20.5,44.3,14.5,1.9,4.7,863,277,121,3.6
Snacks,Breakfast,48.2,28.6,36.9,10.0,34.8,271,990,517,9.43
Grains,Breakfast,42.4,29.6,16.1,4.4,21.3,69,405,322,4.12
Snacks,Breakfast,35.5,10.2,46.0,6.0,6.6,296,540,431,14.13
Grains,Lunch,34.8,97.4,25.0,5.4,15.6,862,398,158,5.34
Dairy,Breakfast,47.4,84.7,16.5,8.0,44.1,908,591,304,3.52
Grains,Lunch,7.0,83.3,25.7,2.9,0.6,1000,760,71,6.45
Fruits,Dinner,41.0,37.4,23.0,1.2,26.2,563,365,550,5.6
Beverages,Dinner,36.7,23.7,11.9,3.6,17.3,117,667,113,3.12
Vegetables,Dinner,35.8,50.9,9.5,6.2,7.0,971,138,91,2.4
Meat,Lunch,47.8,88.7,33.2,8.6,33.7,50,191,288,7.14
Dairy,Lunch,7.7,90.8,43.1,6.0,13.8,83,950,267,8.11
Vegetables,Breakfast,40.6,67.6,37.6,0.6,15.6,67,567,228,8.65
Meat,Lunch,4.6,16.1,14.0,7.8,20.2,830,604,402,2.82
Meat,Snack,19.5,33.1,16.2,1.2,44.0,489,589,281,3.48
Beverages,Breakfast,21.0,17.5,7.1,1.3,47.2,419,430,501,1.7
Dairy,Lunch,5.0,36.4,42.7,1.6,29.6,840,640,513,7.78
Snacks,Lunch,35.7,46.1,41.6,9.4,3.1,789,731,103,11.5
Beverages,Dinner,25.4,56.7,20.6,3.2,34.3,314,853,157,4.3
Beverages,Breakfast,47.1,18.2,23.0,2.4,39.1,806,962,449,6.16
Fruits,Dinner,39.2,13.5,39.1,0.9,23.7,348,564,446,10.83
Grains,Dinner,35.2,63.4,34.4,9.9,32.9,621,364,414,7.44
Fruits,Dinner,31.6,83.6,33.5,4.8,41.4,267,152,81,6.75
Dairy,Lunch,28.6,84.8,29.3,5.1,36.6,791,180,582,5.85
Beverages,Dinner,25.8,33.7,17.1,5.1,50.0,409,243,163,3.81
Fruits,Dinner,15.0,28.6,36.3,5.4,37.3,504,898,442,7.71
Meat,Dinner,41.2,54.1,39.3,7.2,13.9,21,898,435,9.46
Beverages,Lunch,36.7,96.4,6.9,5.5,20.1,831,968,357,1.46
Fruits,Lunch,1.8,34.8,23.4,0.7,20.0,576,655,325,4.15
Dairy,Breakfast,20.4,7.8,37.4,7.8,49.8,504,680,446,9.87
Dairy,Snack,41.3,35.6,10.4,1.8,17.7,544,229,285,2.62
Snacks,Snack,49.1,63.5,28.2,9.5,0.2,688,598,145,8.77
Meat,Snack,8.9,24.1,7.3,7.3,37.5,488,823,163,1.47
Dairy,Breakfast,18.2,21.4,46.4,2.9,43.5,964,849,421,10.56
Beverages,Lunch,7.0,37.0,44.9,0.1,13.1,980,599,322,9.02
Meat,Snack,31.9,16.7,9.6,0.3,16.5,470,343,497,2.59
Beverages,Breakfast,31.9,39.6,45.7,8.0,17.0,279,673,178,10.91
Snacks,Breakfast,27.7,97.7,29.9,3.1,0.7,175,440,447,8.09
Fruits,Breakfast,10.9,27.2,41.6,3.3,1.1,350,967,361,11.39
Vegetables,Breakfast,28.5,48.3,20.7,6.9,29.3,9,959,560,4.54
Snacks,Breakfast,14.2,81.7,2.8,1.6,33.9,172,609,228,0.52
Dairy,Lunch,6.4,39.0,17.4,8.7,40.7,686,775,368,3.16
Snacks,Dinner,13.3,93.3,42.6,6.0,17.9,165,954,325,8.11
Dairy,Snack,5.9,41.5,24.2,7.9,10.7,268,908,519,4.84
Vegetables,Breakfast,25.8,98.8,8.7,1.6,44.3,338,881,361,1.66
Snacks,Dinner,29.4,77.1,35.0,5.5,29.8,282,274,588,7.19
Vegetables,Dinner,20.1,16.7,30.9,9.6,27.4,921,638,396,7.58
Meat,Breakfast,18.7,37.6,18.7,4.3,6.3,320,994,323,4.55
Fruits,Snack,6.3,12.9,29.6,1.2,27.0,473,275,335,6.29
Vegetables,Dinner,22.6,52.1,7.3,8.4,24.0,99,672,258,1.55
Meat,Snack,30.3,70.2,31.4,2.5,45.7,684,376,404,6.43
Dairy,Dinner,25.3,92.6,41.1,0.3,10.4,874,147,391,8.81
Fruits,Lunch,3.4,49.8,23.6,5.0,33.1,247,614,548,4.07
Beverages,Lunch,34.7,81.6,39.7,0.4,34.4,573,342,451,8.22
Fruits,Breakfast,20.1,74.5,26.1,6.7,39.9,290,675,159,5.03
Beverages,Breakfast,22.3,29.5,39.2,9.5,31.9,580,739,157,8.89
Grains,Dinner,37.1,86.2,19.9,3.6,45.5,769,376,171,4.07
Grains,Breakfast,12.3,15.8,29.8,8.7,19.1,795,584,367,6.98
Fruits,Lunch,7.8,32.7,14.8,7.6,30.3,982,198,538,2.85
Grains,Snack,11.5,17.8,16.8,6.6,20.0,175,624,136,3.81
Dairy,Lunch,44.1,54.8,43.0,8.0,38.9,826,215,59,9.79
Meat,Breakfast,40.6,12.6,31.3,4.2,26.1,911,580,345,8.72
Dairy,Lunch,18.3,69.3,45.6,0.8,46.5,714,380,92,8.7
Dairy,Lunch,10.7,54.0,5.4,7.2,0.5,607,595,464,1.43
Dairy,Breakfast,19.9,81.5,18.8,2.5,45.9,24,122,558,3.55
Meat,Lunch,20.4,66.2,28.6,6.4,26.2,791,146,510,5.75
Beverages,Breakfast,5.3,89.3,31.1,5.4,43.8,775,958,72,5.24
Grains,Breakfast,36.4,45.7,20.9,5.6,33.2,167,788,458,4.78
Vegetables,Lunch,13.2,76.9,25.2,7.5,38.2,633,713,304,4.62
Meat,Breakfast,34.9,86.8,1.5,4.7,18.8,889,941,230,0.32
Meat,Lunch,16.6,74.6,3.3,2.7,39.9,416,790,268,0.62
Meat,Dinner,12.2,51.5,28.4,4.7,15.6,96,469,285,5.75
Beverages,Dinner,14.8,22.3,26.9,8.6,21.7,280,975,410,6.11
Fruits,Dinner,33.9,62.3,21.9,5.3,0.7,116,955,133,6.35
Meat,Lunch,11.0,81.7,2.3,6.0,48.2,961,823,582,0.41
Beverages,Breakfast,21.2,68.7,25.2,4.2,15.7,36,873,509,5.27
Vegetables,Lunch,30.2,59.5,27.7,8.7,15.6,229,711,369,6.21
Meat,Snack,9.8,40.8,44.4,0.8,31.5,316,218,177,8.53
Beverages,Breakfast,34.6,69.0,29.7,0.5,19.4,113,945,246,6.54
Beverages,Lunch,46.5,23.4,26.1,1.2,43.7,241,452,504,6.75
Vegetables,Dinner,4.5,24.7,6.3,7.0,11.0,616,938,123,1.28
Dairy,Dinner,31.8,50.9,15.8,9.9,36.9,502,817,437,3.46
Snacks,Breakfast,42.8,90.0,22.6,8.7,21.0,537,649,103,4.91
Fruits,Dinner,47.1,67.9,40.6,9.4,45.6,356,414,111,8.96
Beverages,Dinner,20.3,8.5,38.4,2.9,10.9,52,436,508,10.89
Vegetables,Snack,28.7,67.3,48.7,8.8,39.5,724,412,474,10.01
Snacks,Lunch,8.5,7.3,32.5,0.7,6.3,963,929,141,8.78
Vegetables,Lunch,39.8,23.8,15.9,1.6,4.8,62,935,230,4.67
Meat,Lunch,47.2,9.7,40.5,9.0,19.5,394,280,174,11.85
Fruits,Dinner,39.6,66.6,37.8,5.1,21.6,379,344,546,8.48
Meat,Lunch,30.1,57.8,12.6,7.5,12.6,97,185,57,2.89
Fruits,Dinner,28.1,6.3,31.7,7.7,9.9,876,460,590,9.59
Grains,Dinner,14.0,71.2,17.7,0.2,7.6,622,162,54,3.79
Fruits,Dinner,7.5,84.7,14.3,0.3,35.8,848,863,457,2.49
Meat,Breakfast,35.5,53.7,40.4,6.5,35.4,212,210,417,8.95
Dairy,Dinner,5.5,82.6,17.7,4.5,17.6,577,844,480,3.21
Fruits,Lunch,5.5,91.3,15.9,8.9,8.7,833,937,141,3.1
Beverages,Snack,34.3,88.9,3.6,8.1,13.5,553,814,403,0.79
Fruits,Lunch,21.8,31.0,20.3,2.6,2.9,668,771,558,5.56
Meat,Lunch,23.8,7.5,13.9,0.5,27.7,722,451,285,3.83
Snacks,Dinner,36.0,32.8,3.8,4.4,45.4,258,844,177,0.9
Vegetables,Lunch,13.7,42.4,25.6,8.3,25.1,703,493,311,5.19
Grains,Snack,18.2,89.4,5.4,2.2,44.2,26,807,261,1.0
Vegetables,Dinner,19.1,31.5,36.0,9.9,48.0,549,297,478,7.74
Meat,Lunch,47.8,19.0,42.7,3.6,42.8,506,254,485,11.37
Grains,Lunch,22.7,60.3,30.7,2.9,20.0,35,779,364,6.46
Beverages,Lunch,2.2,77.5,26.9,0.1,16.1,270,890,78,4.78
Fruits,Snack,46.6,57.9,43.4,8.8,35.4,50,925,447,9.92
Meat,Lunch,3.4,49.8,41.0,1.0,14.1,641,295,196,7.61
Meat,Breakfast,37.9,88.8,31.6,0.2,46.2,218,383,480,6.46
Vegetables,Breakfast,24.0,18.5,46.2,6.7,13.1,393,120,519,12.03
Beverages,Snack,44.5,57.1,36.2,7.6,13.9,243,722,295,8.74
Meat,Lunch,37.0,40.2,21.0,3.6,11.9,20,459,145,5.26
Fruits,Lunch,34.9,16.7,4.5,1.6,41.6,934,678,220,1.17
Fruits,Snack,18.6,39.5,48.6,4.1,15.0,38,669,483,10.8
Snacks,Lunch,32.4,5.0,13.2,4.6,6.9,699,906,279,4.21
Dairy,Breakfast,13.5,68.9,10.3,7.1,7.3,668,444,399,2.21
Vegetables,Breakfast,2.3,27.4,45.7,1.6,22.4,69,113,88,8.2
Grains,Dinner,24.0,64.2,42.6,2.3,31.4,591,890,430,8.69
Fruits,Snack,44.0,62.1,13.7,4.1,44.6,660,672,147,3.04
Fruits,Breakfast,30.6,40.1,45.6,9.6,16.4,556,265,588,10.82
Vegetables,Snack,9.6,95.3,28.2,8.7,36.0,712,340,395,4.96
Snacks,Breakfast,2.5,23.3,39.7,2.2,12.1,441,643,146,7.67
Grains,Lunch,41.0,49.4,12.0,5.7,3.8,79,927,598,3.29
Vegetables,Breakfast,18.6,95.6,13.0,10.0,46.3,936,231,223,2.39
Beverages,Snack,18.2,16.2,4.6,3.0,19.3,721,855,62,1.14
Dairy,Breakfast,49.1,52.0,43.1,7.9,0.2,55,588,206,13.72
Dairy,Snack,5.7,86.6,33.1,8.1,41.8,280,452,440,5.62
Fruits,Breakfast,4.6,90.3,19.7,2.4,41.8,47,662,316,3.31
Beverages,Breakfast,27.4,29.3,7.6,3.7,11.0,255,119,544,1.92
Snacks,Snack,28.4,48.9,44.1,3.2,43.7,23,374,218,9.47
Meat,Snack,27.5,67.5,36.1,6.0,13.0,47,597,575,7.97
Meat,Snack,24.8,34.2,35.8,6.6,35.0,371,831,392,8.04
Grains,Dinner,7.2,64.4,19.9,5.9,5.6,343,579,490,4.22
Snacks,Snack,42.7,84.3,10.8,7.8,28.6,268,366,202,2.32
Fruits,Snack,50.0,20.0,8.5,9.4,22.0,139,713,332,2.33
Meat,Lunch,39.8,98.1,23.3,9.5,4.2,870,986,547,5.76
Meat,Breakfast,23.1,41.8,39.6,1.6,9.4,945,819,356,9.4
Meat,Snack,4.5,51.5,32.0,8.1,10.9,726,436,512,6.19
Fruits,Dinner,6.9,47.1,22.6,6.6,20.6,823,633,314,4.26
Fruits,Snack,24.2,99.2,1.1,9.4,29.6,170,610,483,0.21
Snacks,Lunch,17.5,92.3,8.9,2.0,3.2,141,465,184,2.09
Grains,Snack,5.6,59.2,48.8,1.6,49.3,87,354,486,8.39
Snacks,Lunch,29.3,76.4,13.6,2.0,20.5,82,300,252,2.87
Vegetables,Dinner,4.9,78.9,19.7,6.4,24.6,237,539,279,3.46
Grains,Dinner,15.2,40.0,41.6,3.4,40.1,732,495,373,8.39
Fruits,Dinner,47.8,65.8,31.2,2.6,1.0,449,735,592,9.23
Vegetables,Breakfast,38.8,65.2,47.7,1.8,34.6,487,585,312,10.4
Fruits,Breakfast,7.1,88.8,7.7,3.6,22.8,46,295,385,1.38
Beverages,Dinner,1.3,92.5,4.1,3.0,45.2,153,240,90,0.66
Grains,Dinner,45.9,29.9,38.3,0.2,41.6,127,893,297,9.59
Vegetables,Dinner,3.0,86.3,44.5,5.0,20.0,101,266,259,7.79
Meat,Breakfast,18.0,11.4,48.2,6.2,28.3,198,118,134,12.23
Dairy,Dinner,12.5,22.3,40.6,6.5,21.5,875,514,178,8.98
Dairy,Breakfast,37.7,71.9,17.4,2.0,36.0,753,420,245,3.71
Meat,Breakfast,29.6,97.1,37.5,0.1,49.4,678,820,91,7.27
Meat,Lunch,49.7,91.9,19.5,4.8,3.1,588,470,562,5.15
Dairy,Dinner,40.2,10.5,18.4,5.3,33.4,275,395,91,5.15
Meat,Breakfast,46.0,72.2,6.0,2.6,26.7,252,603,338,1.34
Vegetables,Breakfast,12.0,45.4,18.0,2.6,6.2,313,763,481,4.06
Beverages,Snack,4.3,85.1,18.1,7.8,29.3,548,991,514,3.11
Dairy,Snack,43.6,44.2,45.6,4.7,9.2,953,825,170,11.8
Meat,Breakfast,20.1,16.6,20.9,3.4,8.1,37,121,374,5.6
Grains,Lunch,31.1,61.2,34.0,8.9,49.2,820,903,492,7.11
Dairy,Dinner,45.1,59.5,14.7,8.0,29.9,526,491,155,3.36
Grains,Breakfast,40.0,59.0,24.9,6.3,0.8,496,395,120,7.38
Grains,Snack,16.9,18.8,38.8,4.3,0.0,371,275,322,12.38
Meat,Lunch,41.3,73.2,27.7,1.8,34.3,408,522,567,5.99
Fruits,Breakfast,12.6,35.3,10.5,3.2,47.6,962,762,198,2.08
Fruits,Snack,10.7,46.4,24.6,2.9,8.5,458,897,564,5.28
Grains,Dinner,7.9,82.0,15.6,7.2,27.0,780,831,249,2.79
Beverages,Lunch,11.4,42.0,48.3,0.6,20.0,504,535,513,9.73
Grains,Dinner,35.2,91.1,43.0,9.7,15.1,562,456,535,9.3
Grains,Breakfast,6.5,85.0,39.4,6.1,40.0,520,588,298,6.76
Grains,Breakfast,38.0,69.8,35.2,3.5,44.2,382,818,260,7.48
Dairy,Dinner,21.9,64.8,9.3,4.1,48.1,669,365,292,1.83
Beverages,Dinner,20.6,15.5,15.3,3.6,12.6,293,244,436,4.0
Meat,Snack,46.1,16.8,23.7,9.0,0.3,660,932,217,8.36
Meat,Lunch,18.1,8.2,34.1,6.3,17.0,613,442,541,9.28
Snacks,Breakfast,49.3,87.1,2.2,9.5,15.6,188,562,107,0.5
Grains,Lunch,36.1,48.8,4.8,6.8,11.9,302,246,318,1.16
Grains,Snack,48.2,60.8,30.6,0.3,10.1,63,281,123,7.61
Snacks,Dinner,10.5,50.6,22.4,2.0,38.2,806,955,578,4.19
Dairy,Breakfast,18.2,39.6,9.9,7.2,17.4,444,733,377,2.17
Fruits,Breakfast,43.4,21.6,12.8,6.6,38.4,872,427,311,3.33
Dairy,Snack,49.9,10.0,1.3,2.3,16.7,432,249,372,0.38
Snacks,Dinner,49.7,52.2,18.9,0.2,5.4,969,996,333,5.11
Beverages,Breakfast,29.7,39.2,48.0,2.6,42.5,453,960,84,10.76
Beverages,Breakfast,19.2,59.5,9.1,1.1,18.5,754,644,210,1.89
Vegetables,Snack,46.5,94.1,13.8,8.8,19.3,4,459,582,3.03
Grains,Snack,33.9,38.0,20.7,7.6,1.5,372,567,240,6.14
Dairy,Dinner,9.5,88.7,1.8,2.8,15.3,819,552,241,0.34
Dairy,Dinner,31.9,60.5,19.2,5.1,17.5,333,376,310,4.29
Meat,Breakfast,22.4,80.4,39.2,9.9,44.2,959,915,92,7.55
Grains,Lunch,5.9,69.5,1.5,4.9,15.2,861,215,240,0.28
Vegetables,Snack,28.2,30.9,20.7,7.2,32.0,46,280,494,4.84
Snacks,Lunch,38.6,66.8,8.6,0.4,6.1,541,957,511,2.15
Vegetables,Dinner,35.9,23.4,20.5,8.7,41.5,639,349,226,5.13
Grains,Breakfast,36.4,15.6,19.5,0.4,22.2,182,566,331,5.29
Fruits,Snack,4.1,68.4,21.6,9.6,8.5,292,123,407,4.22
Beverages,Snack,45.5,77.3,33.9,8.8,40.1,426,575,402,7.33
Vegetables,Lunch,46.6,67.7,24.4,5.3,22.7,349,829,347,5.58
Snacks,Lunch,34.9,99.9,27.9,2.2,6.0,725,950,439,6.53
Beverages,Breakfast,45.3,26.7,19.1,2.3,30.1,609,388,290,4.91
Grains,Lunch,9.3,84.9,20.4,9.5,44.1,538,191,123,3.57
Snacks,Dinner,11.2,79.7,2.1,2.5,44.5,810,396,197,0.37
Grains,Snack,18.4,87.0,44.4,3.6,4.3,259,636,294,10.2
Fruits,Breakfast,3.1,37.9,31.8,0.7,6.9,245,723,433,6.46
Snacks,Lunch,17.4,18.0,34.0,5.9,6.2,108,988,386,9.06
Snacks,Dinner,22.1,45.8,32.8,0.5,24.5,472,995,446,7.05
Beverages,Lunch,46.9,69.4,49.9,0.4,35.7,839,525,578,11.09
Meat,Dinner,22.5,54.4,36.1,1.5,32.8,339,937,384,7.46
Grains,Snack,25.1,8.5,33.2,1.6,32.1,784,515,509,9.04
Vegetables,Breakfast,43.5,42.0,22.4,5.8,41.7,973,408,335,5.29
Grains,Snack,25.0,19.6,38.5,8.4,18.6,469,682,209,9.76
Fruits,Snack,39.5,84.7,22.3,4.6,32.8,161,281,199,4.7
Fruits,Breakfast,48.0,30.3,14.9,5.9,1.2,163,865,474,4.79
Fruits,Breakfast,19.4,96.4,18.2,5.3,48.8,452,168,77,3.35
Snacks,Lunch,39.3,74.7,5.1,1.2,41.6,455,860,530,1.08
Beverages,Lunch,48.3,57.0,3.0,0.8,32.7,754,844,235,0.69
Vegetables,Lunch,15.9,80.1,20.5,3.8,45.3,987,398,58,3.78
Vegetables,Snack,26.7,90.9,18.7,1.1,6.0,217,442,514,4.29
Meat,Breakfast,42.8,41.6,36.5,5.6,16.9,431,328,368,9.05
Beverages,Lunch,14.4,86.2,31.5,9.7,36.2,150,210,299,5.78
Vegetables,Snack,11.6,57.0,2.1,2.5,41.6,849,753,139,0.39
Snacks,Breakfast,2.1,15.6,46.5,1.0,28.1,27,898,468,8.46
Grains,Breakfast,2.1,98.3,6.2,8.2,2.3,262,543,570,1.37
Meat,Breakfast,40.3,39.4,40.2,4.3,49.3,630,307,512,9.41
Dairy,Dinner,20.5,23.9,22.4,1.8,6.3,785,710,588,5.87
Beverages,Snack,3.3,69.2,11.9,6.7,44.8,944,168,313,1.98
Grains,Lunch,43.4,77.2,36.8,0.3,23.8,847,669,485,8.13
Fruits,Snack,22.8,74.0,38.1,5.2,6.0,371,427,322,8.78
Fruits,Dinner,30.6,86.3,18.5,2.9,8.7,406,223,357,4.17
Vegetables,Lunch,19.3,92.0,9.4,4.3,27.8,722,404,157,1.8
Fruits,Lunch,21.0,28.1,35.3,4.5,9.7,298,635,348,8.72
Grains,Snack,29.8,43.4,20.1,5.9,23.7,930,100,227,4.58
Beverages,Lunch,49.6,54.3,6.0,2.5,31.8,458,631,116,1.41
Snacks,Lunch,12.4,55.1,6.0,9.7,14.2,838,352,167,1.22
Grains,Snack,16.1,30.8,17.1,10.0,14.4,991,950,545,3.87
Fruits,Dinner,32.6,83.7,48.6,0.1,41.7,596,838,217,9.84
Grains,Dinner,14.3,38.2,16.9,3.7,27.9,330,549,105,3.47
Snacks,Lunch,38.9,84.9,47.3,0.2,9.2,932,993,296,10.97
Fruits,Breakfast,9.1,94.1,38.2,9.9,49.6,354,560,332,6.58
Grains,Snack,43.1,53.9,33.5,5.2,11.7,808,769,459,8.24
Dairy,Snack,47.5,94.1,34.9,7.9,35.0,259,809,220,7.42
Snacks,Snack,22.5,64.4,19.5,8.6,38.5,672,812,383,3.9
Grains,Lunch,24.3,59.1,48.7,7.0,15.6,983,923,152,10.59
Vegetables,Dinner,19.3,43.7,32.0,4.4,29.3,878,243,330,6.71
Snacks,Dinner,21.4,69.8,19.3,7.0,4.6,940,620,173,4.57
Dairy,Snack,38.7,38.4,11.4,9.1,21.0,664,218,496,2.78
Grains,Lunch,43.9,32.4,10.5,9.9,32.8,363,934,105,2.61
Fruits,Dinner,20.9,11.8,20.1,2.5,2.1,94,904,439,6.3
Fruits,Breakfast,13.7,83.4,8.3,3.4,38.3,807,944,443,1.51
Fruits,Dinner,47.1,60.1,38.6,4.5,14.6,271,276,562,9.3
Vegetables,Breakfast,33.4,80.3,30.8,2.6,16.1,279,862,457,6.7
Snacks,Snack,27.6,18.6,2.4,5.9,40.8,209,863,385,0.6
Dairy,Lunch,48.2,14.8,37.5,5.8,22.0,290,463,305,10.56
Snacks,Breakfast,42.5,37.8,3.8,7.7,4.9,876,855,147,1.06
Beverages,Breakfast,13.8,14.3,31.5,8.1,46.5,868,983,176,7.27
Snacks,Snack,39.3,95.2,3.9,7.4,17.1,685,722,251,0.84
Beverages,Breakfast,27.6,76.8,14.1,4.5,38.0,602,611,247,2.83
Beverages,Dinner,32.7,60.5,41.1,2.5,1.0,136,327,530,11.73
Meat,Snack,10.5,53.1,21.2,7.9,49.2,167,651,151,3.89
Dairy,Breakfast,41.8,48.3,35.0,4.7,10.2,960,725,145,8.81
Snacks,Dinner,45.6,9.6,13.5,0.2,14.2,883,604,393,4.02
Vegetables,Dinner,33.3,56.5,16.1,4.1,5.2,393,353,596,4.09
Vegetables,Snack,21.5,15.8,27.8,8.7,24.9,348,559,153,6.98
Meat,Dinner,44.0,59.6,31.8,2.6,48.4,894,230,264,7.07
Snacks,Dinner,15.2,36.4,41.0,7.2,30.4,514,227,579,8.51
Grains,Dinner,1.9,29.7,11.9,0.4,18.8,440,478,276,2.14
Beverages,Dinner,41.1,59.8,40.3,5.2,48.5,959,680,208,8.86
Beverages,Breakfast,5.8,88.8,19.3,8.8,9.6,973,840,278,3.73
Fruits,Breakfast,15.1,98.6,33.7,2.5,39.1,504,411,193,6.1
Snacks,Lunch,44.3,36.0,26.7,9.6,28.8,231,323,521,6.58
Fruits,Breakfast,34.7,69.9,35.7,7.4,16.7,798,600,504,7.94
Vegetables,Lunch,20.9,55.3,48.8,0.4,21.4,797,559,102,10.23
Dairy,Snack,2.2,77.6,37.3,8.6,6.1,143,701,155,7.43
Meat,Breakfast,48.3,38.8,35.4,7.1,9.6,214,794,209,9.43
Grains,Snack,37.3,43.5,28.3,4.0,21.3,927,799,272,6.72
Beverages,Snack,28.5,79.3,31.0,7.6,36.1,284,391,461,6.25
Snacks,Breakfast,30.2,49.9,24.2,5.5,41.1,957,639,557,5.24
Dairy,Dinner,28.8,76.2,2.3,6.7,8.8,659,154,260,0.52
Fruits,Snack,3.7,67.5,2.4,4.6,44.9,325,615,235,0.4
Snacks,Lunch,26.5,21.6,44.5,1.8,25.4,360,396,248,11.01
Meat,Dinner,7.2,33.3,42.9,4.4,40.3,407,407,517,8.02
Meat,Breakfast,23.1,96.5,13.8,8.6,37.3,411,277,546,2.63
Snacks,Breakfast,12.5,44.1,47.2,1.0,31.4,590,677,525,9.26
Snacks,Lunch,4.1,19.9,29.2,4.7,1.2,544,478,506,7.45
Snacks,Dinner,17.9,94.4,9.2,6.5,41.5,53,929,293,1.7
Fruits,Breakfast,24.7,27.2,47.5,5.7,21.7,108,846,299,11.34
Meat,Dinner,18.7,74.8,4.3,1.7,30.9,574,151,211,0.83
Grains,Breakfast,5.2,84.1,47.2,2.8,5.6,586,809,483,9.71
Fruits,Lunch,19.3,77.2,8.5,5.2,44.1,31,525,243,1.61
Fruits,Breakfast,15.4,56.4,19.0,5.9,46.6,472,274,441,3.64
Meat,Lunch,41.5,14.7,36.6,3.2,25.5,461,645,65,10.07
Vegetables,Lunch,26.1,62.0,46.2,6.1,44.7,931,599,105,9.42
Snacks,Dinner,27.7,42.9,49.1,9.0,10.4,430,934,89,11.81
Grains,Breakfast,42.5,88.9,26.7,3.1,24.6,180,124,322,5.74
Dairy,Snack,7.8,70.7,35.3,8.4,15.2,204,548,367,6.69
Fruits,Dinner,45.0,70.9,10.6,6.6,39.1,586,412,143,2.32
Grains,Dinner,14.4,51.6,10.5,6.7,11.7,453,830,460,2.23
Fruits,Snack,44.3,82.1,16.7,9.1,42.8,144,568,133,3.55
Snacks,Dinner,10.9,44.1,15.8,9.5,16.1,605,718,141,3.21
Vegetables,Snack,40.9,45.3,32.1,6.0,5.7,666,804,265,8.57
Grains,Breakfast,18.4,36.0,7.0,5.3,14.4,108,821,538,1.58
Beverages,Dinner,5.8,74.3,35.2,6.1,1.8,739,830,126,8.25
Dairy,Dinner,9.0,53.3,20.6,5.7,1.1,552,786,423,5.22
Snacks,Snack,8.7,40.2,25.6,8.5,24.9,228,138,231,4.94
Beverages,Dinner,32.5,60.5,22.1,9.9,15.6,455,721,481,5.0
Dairy,Dinner,6.7,29.8,31.4,5.6,31.6,77,559,178,5.98
Dairy,Lunch,48.8,93.5,46.0,8.6,13.4,987,641,211,10.5
Meat,Dinner,24.7,75.9,12.9,1.6,31.9,529,958,559,2.58
Beverages,Breakfast,14.2,48.0,37.6,1.7,9.6,506,478,409,8.19
Dairy,Breakfast,37.2,82.3,25.1,3.7,44.5,815,786,295,5.18
Vegetables,Breakfast,5.2,33.5,4.5,8.4,13.5,708,808,343,0.89
Vegetables,Dinner,44.5,47.5,23.0,1.7,41.8,392,818,200,5.35
Snacks,Breakfast,27.6,40.0,45.3,9.8,14.3,766,646,200,10.7
Vegetables,Breakfast,26.4,74.9,39.3,8.0,27.4,216,973,429,8.02
Meat,Dinner,32.9,39.9,19.8,1.7,40.5,327,734,404,4.51
Snacks,Dinner,37.6,33.1,17.0,2.4,5.3,601,966,164,4.71
Grains,Breakfast,25.9,92.8,34.9,1.2,39.0,199,903,130,6.76
Fruits,Dinner,31.1,72.5,2.7,2.5,0.5,99,813,301,0.77
Snacks,Dinner,14.9,81.6,4.2,1.8,0.3,766,680,509,1.12
Grains,Snack,31.4,57.8,11.5,1.9,42.3,953,511,61,2.45
Grains,Snack,47.1,17.0,17.2,4.1,4.3,891,834,412,5.37
Grains,Lunch,12.7,85.8,49.0,1.2,42.4,529,115,366,8.81
Meat,Breakfast,18.6,16.5,24.6,7.6,31.9,659,229,599,5.92
Beverages,Breakfast,6.2,45.0,13.6,4.1,48.1,92,889,167,2.41
Grains,Dinner,38.5,79.9,23.7,9.5,8.1,800,205,402,5.61
Beverages,Lunch,16.3,33.5,18.4,7.7,3.4,997,549,330,4.74
Meat,Snack,6.6,78.5,16.8,8.4,40.5,273,502,596,2.9
Fruits,Lunch,6.9,95.1,18.7,4.7,28.6,691,991,193,3.27
Snacks,Dinner,27.4,53.7,3.6,7.8,14.6,456,638,197,0.81
Meat,Breakfast,15.4,57.9,10.3,4.2,7.9,220,897,436,2.26
Vegetables,Snack,3.5,49.6,37.3,0.7,49.0,226,679,167,6.3
Fruits,Lunch,38.2,95.2,23.9,8.9,1.3,84,256,537,6.5
Meat,Breakfast,45.6,27.5,2.0,7.1,11.2,805,883,473,0.55
Beverages,Snack,25.2,49.6,22.4,8.6,45.6,373,926,547,4.7
Vegetables,Lunch,1.2,29.9,12.1,5.9,5.9,44,575,569,2.44
Fruits,Lunch,20.8,90.6,44.9,0.4,24.9,770,981,490,8.73
Dairy,Lunch,18.1,62.3,10.1,9.4,35.7,781,157,421,1.98
Vegetables,Lunch,19.0,31.2,16.0,9.3,43.2,809,807,228,3.46
Vegetables,Dinner,44.5,69.5,48.8,9.2,23.5,218,726,529,11.01
Dairy,Lunch,4.8,32.6,35.6,3.3,22.2,97,623,500,6.66
Grains,Snack,43.6,46.6,40.1,9.2,17.3,878,465,356,9.79
Beverages,Snack,24.9,11.1,42.9,4.8,46.5,720,847,413,11.18
Meat,Lunch,27.8,59.0,21.0,9.7,49.0,459,455,582,4.34
Fruits,Breakfast,12.6,42.5,1.4,2.4,32.1,478,975,584,0.28
Fruits,Breakfast,17.0,18.3,3.2,7.2,37.5,480,112,527,0.74
Beverages,Dinner,17.1,36.2,34.5,8.8,21.5,104,120,187,7.46
Meat,Lunch,9.6,27.5,6.1,6.8,27.3,761,552,485,1.24
Vegetables,Snack,37.9,31.3,33.1,5.4,44.8,281,456,214,7.98
Fruits,Snack,24.9,48.4,22.3,1.4,21.8,353,991,301,4.88
Vegetables,Dinner,8.8,74.2,20.6,1.4,24.7,791,493,279,3.76
Vegetables,Snack,27.3,87.0,18.4,8.7,31.7,225,724,408,3.66
Beverages,Dinner,32.6,29.1,40.4,7.9,12.6,377,152,219,10.36
Fruits,Snack,8.6,15.4,30.4,0.5,34.2,225,477,206,6.52
Grains,Dinner,13.7,9.5,5.2,6.8,20.4,401,186,545,1.32
Dairy,Dinner,10.9,91.8,46.1,0.9,14.9,352,693,213,8.8
Vegetables,Breakfast,32.8,48.1,8.1,8.3,26.7,481,504,196,1.83
Beverages,Lunch,44.9,71.6,21.9,9.3,43.0,269,856,566,4.77
Beverages,Breakfast,20.2,51.3,29.0,4.2,14.6,101,737,130,6.3
Beverages,Dinner,49.4,15.1,31.8,5.7,45.9,562,659,173,8.68
Dairy,Breakfast,47.0,66.5,22.4,9.9,11.1,181,206,350,5.43
Dairy,Snack,35.5,29.6,7.1,8.2,18.9,135,637,377,1.79
Beverages,Breakfast,22.8,15.4,22.0,6.9,4.1,185,960,80,6.43
Fruits,Dinner,19.7,88.3,28.2,9.1,39.8,658,938,569,5.31
Snacks,Breakfast,21.1,42.9,29.2,0.7,11.6,577,547,307,6.68
Vegetables,Snack,24.8,62.7,10.5,6.7,23.6,554,542,291,2.2
Beverages,Breakfast,34.8,66.0,49.4,9.8,34.4,972,550,262,10.57
Vegetables,Snack,48.8,73.7,25.0,6.8,24.2,145,795,345,5.66
Fruits,Breakfast,28.1,15.6,8.8,1.8,26.2,575,651,494,2.29
Dairy,Snack,18.9,68.2,13.5,5.2,24.6,569,588,500,2.69
Vegetables,Snack,29.4,85.9,34.0,7.2,38.1,35,509,54,6.78
Vegetables,Breakfast,10.4,80.7,28.4,0.1,37.7,83,826,145,5.07
Grains,Lunch,12.0,95.1,22.3,2.1,3.5,414,115,491,5.03
Dairy,Snack,47.9,70.5,43.4,1.1,1.8,374,495,441,12.31
Meat,Dinner,9.8,68.9,40.8,4.4,5.7,746,211,392,8.78
Fruits,Snack,25.7,21.4,10.1,1.9,6.4,446,550,55,2.77
Fruits,Lunch,8.3,37.5,16.6,1.4,44.1,754,737,315,3.1
Vegetables,Lunch,48.4,43.1,41.2,3.7,18.9,53,153,161,10.28
Grains,Lunch,14.6,79.7,46.0,6.4,7.2,675,490,561,9.84
Vegetables,Breakfast,3.0,93.0,44.3,1.4,47.1,774,125,259,7.28
Fruits,Snack,4.4,51.3,35.6,2.2,14.2,599,117,452,6.68
Dairy,Breakfast,21.5,44.7,32.4,4.2,49.7,886,443,237,6.71
Fruits,Dinner,19.8,95.4,1.2,9.8,16.4,865,404,374,0.24
Beverages,Snack,33.7,86.4,26.5,8.3,21.0,667,840,258,5.59
Snacks,Breakfast,5.4,94.0,36.6,1.0,7.2,272,272,205,7.29
Dairy,Lunch,18.4,47.2,41.8,6.6,11.2,964,365,371,9.29
Dairy,Snack,48.9,95.8,30.0,1.2,2.0,706,741,155,8.15
Snacks,Lunch,44.4,32.6,47.5,4.6,1.3,793,676,553,14.95
Vegetables,Breakfast,32.9,97.2,10.2,8.9,19.6,992,289,523,2.12
Snacks,Breakfast,2.3,71.4,1.9,2.3,7.8,317,818,457,0.37
Grains,Lunch,29.9,72.9,1.2,4.8,6.2,876,443,198,0.29
Beverages,Snack,10.4,72.3,44.7,0.8,3.3,384,744,200,10.23
Snacks,Snack,7.6,99.9,44.9,6.4,32.2,519,876,520,7.81
Vegetables,Lunch,18.0,67.1,47.7,1.3,19.8,28,723,243,9.61
Meat,Dinner,23.0,75.3,13.4,4.6,48.6,578,148,306,2.6
Grains,Lunch,28.2,38.2,9.9,7.8,34.2,569,468,572,2.23
Fruits,Lunch,1.4,68.4,41.7,1.7,38.6,624,331,143,6.86
Fruits,Snack,46.0,45.7,28.3,8.7,3.6,489,709,188,8.0
Dairy,Breakfast,20.8,46.8,12.2,0.7,19.3,105,305,498,2.64
Beverages,Breakfast,17.5,82.7,12.5,8.5,22.2,845,268,577,2.43
Beverages,Snack,12.4,55.9,4.5,0.9,1.9,151,118,210,1.12
Grains,Dinner,35.0,57.9,47.9,5.9,31.7,550,971,598,10.52
Beverages,Dinner,30.1,37.1,3.0,7.2,29.4,903,990,263,0.69
Meat,Snack,35.3,75.7,21.0,6.1,10.2,321,525,562,4.83
Beverages,Lunch,1.6,97.9,37.9,8.8,8.2,294,471,115,7.21
Vegetables,Lunch,6.4,44.5,21.2,2.8,41.9,628,112,301,3.8
Fruits,Lunch,30.8,90.8,32.6,0.0,22.8,85,747,529,6.7
Grains,Breakfast,15.7,23.7,47.7,1.7,15.0,604,496,428,11.13
Beverages,Breakfast,21.7,82.9,46.1,1.6,24.2,164,557,240,9.13
Snacks,Lunch,20.9,79.7,37.7,1.2,49.6,711,103,563,7.16
Fruits,Snack,49.4,79.6,28.8,7.2,27.7,747,609,397,6.4
Dairy,Dinner,24.6,47.8,42.3,0.9,39.1,1,483,163,8.95
Vegetables,Snack,11.6,92.1,35.1,9.7,38.1,222,227,176,6.26
Fruits,Snack,29.8,6.3,6.2,9.6,10.0,975,121,220,1.88
Beverages,Snack,11.5,95.6,10.9,5.8,40.3,688,138,365,1.93
Snacks,Breakfast,47.6,64.4,16.2,8.1,30.8,729,334,337,3.68
Snacks,Dinner,32.0,33.4,48.7,3.1,25.6,776,395,66,11.62
Dairy,Lunch,32.4,98.2,26.6,1.5,48.0,393,357,492,5.22
Dairy,Snack,31.8,83.8,21.0,7.6,0.2,789,646,94,6.03
Dairy,Snack,32.1,5.6,2.8,6.7,1.1,859,489,468,1.0
Grains,Snack,23.3,99.3,11.4,9.2,41.2,619,652,227,2.16
Dairy,Breakfast,13.9,9.6,46.8,1.8,31.8,111,117,332,11.64
Fruits,Snack,47.8,93.2,9.2,3.3,5.2,937,813,276,2.3
Snacks,Snack,14.6,82.4,1.1,1.1,33.9,4,241,326,0.2
Meat,Snack,35.6,47.1,1.7,6.6,4.4,317,974,431,0.45
Grains,Snack,47.9,16.6,2.8,4.6,3.9,739,922,518,0.88
Dairy,Lunch,1.4,8.7,23.7,1.5,45.0,770,860,300,4.24
Fruits,Breakfast,1.1,97.5,1.8,6.0,20.5,497,608,171,0.31
Meat,Snack,44.1,12.2,21.0,4.1,3.2,403,218,539,6.85
Fruits,Snack,37.2,74.3,2.5,6.1,18.7,484,714,169,0.55
Fruits,Snack,10.0,89.5,28.7,3.7,44.1,985,855,421,5.03
Beverages,Dinner,1.4,38.9,17.7,7.4,43.7,118,351,238,2.93
Fruits,Snack,8.9,14.5,41.8,7.0,16.9,809,390,250,9.51
Snacks,Dinner,33.8,9.7,31.1,9.5,11.4,509,147,65,9.16
Vegetables,Snack,24.8,60.4,9.9,1.0,48.3,699,583,582,2.01
Snacks,Lunch,35.1,30.6,4.2,2.9,31.9,595,544,226,1.02
Dairy,Breakfast,30.8,53.6,34.4,6.7,9.3,188,102,266,8.22
Grains,Snack,43.4,30.7,2.0,3.0,37.2,98,191,546,0.5
Dairy,Snack,18.8,52.3,15.3,7.7,40.3,966,182,438,3.06
Grains,Breakfast,48.4,54.3,19.0,1.3,25.3,455,431,193,4.49
Snacks,Lunch,43.0,53.3,10.9,4.0,20.6,962,694,360,2.57
Vegetables,Lunch,8.0,95.3,1.2,10.0,43.0,780,892,348,0.21
Beverages,Lunch,16.3,41.2,29.2,8.3,46.9,246,575,238,5.88
Vegetables,Snack,37.9,36.3,15.1,1.5,33.3,145,308,149,3.6
Meat,Breakfast,39.4,66.3,39.1,5.1,40.5,710,840,411,8.46
Fruits,Snack,36.4,54.6,48.7,1.3,36.3,44,576,54,10.78
Snacks,Snack,43.6,74.4,13.2,7.5,8.3,307,773,331,3.2
Fruits,Snack,5.7,97.4,27.4,8.1,47.3,437,920,368,4.6
Dairy,Lunch,7.3,94.0,29.3,2.9,14.9,902,600,75,5.44
Snacks,Lunch,38.3,39.9,41.8,7.7,16.8,79,863,217,10.26
Grains,Lunch,18.4,58.9,38.2,7.8,40.1,144,199,234,7.5
Meat,Snack,36.2,20.8,26.9,3.3,3.2,32,580,328,8.19
Dairy,Lunch,18.9,23.7,5.3,8.6,33.3,309,718,273,1.21
Fruits,Lunch,21.2,33.9,10.4,8.5,14.6,132,778,387,2.41
Dairy,Dinner,30.1,8.0,43.2,0.5,2.1,379,506,316,14.51
Dairy,Breakfast,3.1,99.3,41.1,8.2,35.1,691,815,311,6.86
Snacks,Snack,46.3,20.1,4.7,5.4,5.4,697,1000,334,1.42
Fruits,Dinner,2.0,74.5,21.3,2.1,16.8,778,477,413,3.77
Beverages,Dinner,31.9,30.6,26.7,7.6,28.3,800,451,410,6.42
Beverages,Lunch,35.1,74.1,14.5,4.4,29.4,406,181,529,3.08
Dairy,Lunch,44.5,70.2,25.7,5.8,13.4,782,620,203,6.04
Dairy,Snack,10.2,21.1,8.0,2.9,19.9,530,640,165,1.74
Beverages,Dinner,41.8,67.5,27.8,7.9,19.4,369,804,482,6.32
Snacks,Breakfast,2.7,62.3,46.2,7.3,5.9,774,374,380,9.33
Beverages,Lunch,38.5,85.7,44.2,4.1,8.3,11,231,136,10.33
Vegetables,Dinner,24.1,7.1,35.2,5.2,25.2,112,201,516,9.81
Grains,Snack,40.8,30.1,6.9,6.4,32.3,824,670,528,1.71
Beverages,Dinner,4.1,76.7,46.8,8.9,5.0,184,549,416,9.71
Grains,Snack,30.4,22.1,43.1,2.7,22.0,712,705,563,10.94
Vegetables,Dinner,36.7,62.8,21.0,0.1,15.4,358,385,444,4.82
Fruits,Snack,22.4,62.7,15.3,7.7,25.0,290,649,558,3.15
Vegetables,Snack,22.9,96.6,1.1,7.7,3.4,394,673,268,0.26
Beverages,Snack,48.1,98.8,3.9,8.3,41.6,415,820,149,0.82
Vegetables,Dinner,30.5,11.1,25.7,9.2,11.9,433,170,485,7.38
Beverages,Snack,47.7,6.8,17.6,7.5,46.6,33,986,130,5.08
Beverages,Lunch,15.6,24.6,35.9,3.8,27.9,166,854,241,7.97
Fruits,Snack,8.0,47.9,40.2,6.1,12.0,671,553,430,8.06
Dairy,Dinner,5.2,66.2,44.1,5.9,19.5,478,686,394,7.99
Vegetables,Breakfast,1.9,77.6,41.8,3.7,4.9,23,856,67,8.53
Beverages,Lunch,27.5,38.9,20.5,6.6,13.7,621,959,542,4.88
Beverages,Breakfast,13.1,72.5,2.1,1.8,49.8,591,888,277,0.38
Fruits,Breakfast,17.1,91.9,26.9,4.4,40.2,398,127,94,4.96
Grains,Snack,34.2,9.5,37.4,8.7,36.6,30,958,183,10.35
Beverages,Lunch,13.2,67.4,3.1,5.5,9.1,959,202,504,0.65
Dairy,Breakfast,26.0,95.8,29.7,4.5,10.9,537,780,456,6.33
Beverages,Snack,37.2,73.4,25.6,9.4,41.0,800,121,112,5.4
Fruits,Dinner,8.4,24.5,36.4,3.1,47.0,258,113,341,7.16
Vegetables,Breakfast,24.3,52.4,28.3,8.6,42.7,908,675,197,5.87
Beverages,Breakfast,39.5,70.9,45.3,1.3,44.3,174,928,460,9.66
Snacks,Breakfast,15.1,22.5,9.8,9.2,11.8,920,839,490,2.34
Beverages,Lunch,23.4,33.3,47.9,2.2,42.4,902,907,272,10.6
Grains,Breakfast,29.9,21.8,33.8,6.9,41.1,286,513,561,8.31
Beverages,Snack,18.2,89.2,5.2,1.2,23.8,412,187,131,1.0
Fruits,Dinner,20.2,90.5,42.0,1.6,18.4,797,923,73,8.34
Dairy,Lunch,23.3,8.7,41.2,8.2,49.5,124,256,549,10.92
Grains,Breakfast,7.4,75.2,7.9,6.8,30.9,857,497,70,1.4
Grains,Snack,46.5,42.4,49.7,4.1,2.9,126,195,417,14.46
Dairy,Snack,20.0,25.4,11.2,8.9,37.7,623,970,269,2.54
Dairy,Breakfast,12.0,42.3,46.2,4.1,27.2,787,139,359,9.15
Meat,Snack,43.9,76.6,23.4,3.5,33.5,942,860,270,5.08
Dairy,Breakfast,32.6,15.8,46.1,1.0,35.1,99,874,337,12.05
Vegetables,Dinner,19.2,80.2,11.4,4.8,29.1,706,435,337,2.2
Beverages,Lunch,43.9,86.9,4.8,0.7,30.0,422,867,503,1.03
Snacks,Snack,49.5,77.8,5.4,2.6,28.0,5,800,414,1.2
Meat,Dinner,5.0,31.4,33.1,9.1,11.4,914,927,401,6.64
Vegetables,Snack,47.1,63.1,49.4,0.7,45.7,324,190,194,11.04
Snacks,Breakfast,37.8,36.3,31.1,1.7,40.7,716,617,268,7.35
Fruits,Dinner,11.8,95.2,27.3,0.2,44.0,243,208,474,4.82
Beverages,Dinner,36.9,44.2,48.1,8.9,12.8,612,956,591,11.81
Dairy,Snack,4.5,48.7,16.3,5.4,47.8,97,447,249,2.8
Snacks,Lunch,46.4,48.3,44.6,7.7,0.6,716,449,438,13.92
Dairy,Breakfast,43.2,33.2,6.8,1.7,33.9,704,741,118,1.68
Dairy,Dinner,29.3,58.7,29.0,1.9,39.2,204,543,339,6.11
Vegetables,Snack,42.6,54.9,15.0,8.5,37.7,908,967,296,3.4
Vegetables,Lunch,49.0,43.0,40.7,4.9,26.8,517,250,246,9.96
Snacks,Dinner,42.7,43.5,38.6,6.8,18.7,452,350,437,9.44
Grains,Lunch,7.3,85.8,21.1,5.2,25.0,374,384,499,3.76
Fruits,Lunch,19.2,60.3,30.0,5.3,4.2,705,606,109,7.2
Dairy,Breakfast,26.0,47.5,13.6,0.1,12.7,221,750,70,3.14
Meat,Snack,22.5,55.7,29.9,6.9,12.5,151,697,142,6.61
Snacks,Breakfast,23.5,32.7,40.7,2.0,35.3,653,510,355,9.12
Beverages,Snack,28.5,55.3,2.9,1.8,49.7,802,924,278,0.61
Beverages,Breakfast,30.7,26.5,27.3,9.8,34.4,221,246,136,6.6
Snacks,Breakfast,50.0,92.7,42.4,8.6,36.6,416,324,502,9.08
Dairy,Lunch,38.8,5.3,16.8,7.1,25.2,186,478,189,4.97
Meat,Breakfast,43.6,75.4,10.9,0.1,5.6,980,984,119,2.74
Beverages,Snack,25.2,85.2,25.3,2.3,47.5,927,108,247,4.89
Grains,Lunch,32.2,59.8,30.5,3.7,34.6,622,487,281,6.54
Fruits,Breakfast,29.0,8.3,24.1,1.0,15.7,960,765,357,6.93
Dairy,Breakfast,15.9,56.0,12.3,5.7,31.9,115,507,177,2.41
Meat,Lunch,25.8,91.7,18.5,3.3,11.5,248,510,535,3.94
Dairy,Dinner,22.7,84.7,18.8,1.4,23.8,233,118,451,3.74
Meat,Breakfast,46.8,71.6,28.8,0.3,39.7,790,543,82,6.34
Vegetables,Breakfast,10.9,88.3,36.5,9.6,45.3,684,335,475,6.43
Snacks,Lunch,32.5,50.2,1.4,6.7,21.5,279,730,569,0.32
Grains,Breakfast,12.2,40.3,39.2,4.1,28.3,976,714,453,7.81
Grains,Breakfast,17.6,84.4,45.2,6.4,44.3,621,637,379,8.4
Vegetables,Snack,32.5,81.7,44.9,0.9,12.1,219,459,349,9.95
Snacks,Lunch,41.5,25.6,47.6,7.1,23.1,281,423,332,12.34
Beverages,Dinner,10.1,56.9,29.7,3.5,48.4,739,403,455,5.39
Dairy,Breakfast,30.2,80.3,41.0,0.8,19.0,475,260,451,8.67
Grains,Breakfast,20.3,42.2,28.7,5.7,8.1,937,560,214,6.78
Fruits,Breakfast,3.6,48.8,32.4,7.1,29.5,917,460,205,5.66
Vegetables,Lunch,8.7,72.2,28.2,5.7,12.1,835,942,90,5.5
Snacks,Dinner,13.0,14.5,31.4,5.3,24.9,246,778,538,7.38
Snacks,Dinner,13.7,10.0,33.3,3.3,36.7,191,525,93,8.16
Beverages,Dinner,19.0,12.8,33.8,2.3,34.1,482,242,484,8.44
Fruits,Breakfast,32.5,76.0,31.3,10.0,35.7,959,514,94,6.47
Meat,Snack,35.9,94.4,8.0,1.6,9.8,563,174,509,1.8
Meat,Lunch,22.4,24.1,32.2,4.8,39.6,201,478,289,7.47
Dairy,Lunch,34.8,7.5,24.1,8.1,35.6,310,247,146,6.82
Meat,Dinner,18.8,22.4,11.3,7.1,39.0,161,399,59,2.58
Meat,Breakfast,31.5,8.4,6.5,9.6,39.7,193,303,342,1.8
Grains,Dinner,18.7,38.6,35.3,2.2,49.7,750,908,122,7.32
Vegetables,Lunch,36.2,93.4,47.4,4.6,40.2,891,902,568,9.61
Meat,Lunch,3.6,5.4,13.4,0.8,3.8,280,416,247,3.49
Snacks,Lunch,36.9,7.2,45.0,8.2,37.4,678,511,286,12.8
Fruits,Dinner,17.1,84.4,23.7,1.2,34.2,990,138,189,4.45
Vegetables,Dinner,42.2,62.4,3.1,9.5,14.9,803,529,321,0.73
Fruits,Breakfast,31.2,42.3,16.0,2.6,30.6,237,673,136,3.63
Snacks,Snack,27.3,85.7,47.3,4.4,39.9,802,790,426,9.32
Beverages,Breakfast,22.2,70.5,39.1,8.7,31.0,976,184,554,7.8
Snacks,Snack,42.3,64.2,25.8,3.0,41.4,34,732,375,5.67
Dairy,Breakfast,21.8,55.0,48.4,1.1,32.2,437,563,92,9.94
Meat,Breakfast,34.5,35.8,8.7,0.4,24.0,550,513,68,2.09
Grains,Snack,26.9,40.8,32.9,2.7,19.0,798,362,216,7.55
Grains,Dinner,14.4,25.8,21.3,4.2,10.4,710,879,297,5.0
Snacks,Snack,12.0,47.7,11.3,2.3,42.7,618,789,256,2.15
Meat,Snack,7.4,31.4,41.4,1.4,6.0,907,260,469,9.25
Grains,Lunch,47.3,31.6,21.4,9.0,35.0,401,711,490,5.38
Beverages,Lunch,13.9,9.7,11.5,8.8,4.5,460,722,105,3.3
Grains,Breakfast,21.8,28.6,25.7,5.3,2.7,967,741,415,7.16
Fruits,Snack,36.5,19.9,32.2,3.5,10.7,303,842,453,8.93
Fruits,Dinner,29.5,17.7,47.8,4.4,48.5,471,531,441,12.01
Meat,Breakfast,43.9,97.5,2.8,4.4,45.4,795,697,476,0.58
Meat,Snack,27.6,78.4,2.8,5.2,5.1,323,472,246,0.67
Grains,Snack,8.2,98.2,24.3,5.5,35.8,839,299,144,4.22
Grains,Dinner,23.3,56.2,20.9,0.7,40.6,244,788,384,4.27
Dairy,Snack,20.6,53.5,4.5,5.0,24.8,299,285,548,0.94
Snacks,Dinner,28.2,80.8,48.4,7.8,35.2,15,477,526,9.72
Dairy,Lunch,9.6,60.2,14.6,3.0,21.9,974,685,435,2.76
Vegetables,Dinner,42.0,29.0,13.7,7.8,46.9,595,760,183,3.39
Grains,Breakfast,39.0,5.2,26.5,3.0,5.6,693,664,445,8.65
Dairy,Breakfast,44.9,28.9,17.7,7.6,26.8,120,692,147,4.53
Snacks,Lunch,43.8,20.0,16.3,3.5,35.1,823,552,207,4.3
Grains,Breakfast,29.8,97.8,34.6,1.5,29.3,683,328,258,6.9
Dairy,Breakfast,32.1,45.7,8.3,1.3,29.8,974,997,197,1.87
Beverages,Breakfast,43.0,38.0,21.0,6.9,37.9,741,448,123,5.05
Meat,Lunch,23.5,46.8,13.7,3.3,17.3,567,826,339,3.04
Beverages,Lunch,29.1,67.5,45.6,9.3,37.5,58,895,204,9.42
Dairy,Snack,29.9,68.1,41.8,1.6,45.7,80,719,66,8.58
Dairy,Dinner,31.9,66.4,29.5,2.4,33.9,996,380,271,6.23
Fruits,Breakfast,25.3,10.8,45.4,7.1,44.9,448,970,287,11.91
Snacks,Dinner,43.5,75.9,10.5,0.3,27.9,811,897,227,2.3
Grains,Breakfast,2.6,47.6,32.0,4.4,42.8,153,100,190,5.38
Dairy,Lunch,31.0,63.5,48.6,9.7,6.1,797,302,476,11.85
Fruits,Lunch,26.8,79.4,28.6,4.8,18.2,119,226,191,5.98
Fruits,Lunch,34.4,93.0,45.9,8.1,8.6,307,577,169,10.42
Grains,Snack,24.9,66.7,39.4,2.1,46.8,778,970,522,7.88
Fruits,Dinner,30.1,60.4,43.6,5.7,1.1,825,576,143,12.27
Fruits,Snack,5.9,16.4,34.5,5.7,39.3,322,908,428,6.87
Beverages,Dinner,33.4,51.1,32.5,2.4,21.6,992,218,568,7.39
Grains,Dinner,8.5,15.9,47.7,7.9,0.9,344,159,584,13.59
Fruits,Lunch,19.0,10.0,1.8,2.5,24.2,888,629,57,0.47
Beverages,Breakfast,40.2,83.7,8.8,2.1,33.1,957,453,154,1.86
Dairy,Dinner,24.4,86.1,24.3,0.3,20.9,982,957,157,4.91
Beverages,Lunch,49.9,58.6,5.8,2.5,41.1,720,242,89,1.33
Fruits,Lunch,30.2,9.7,9.9,0.1,41.4,54,257,51,2.69
Dairy,Breakfast,6.1,98.4,46.8,2.6,3.2,714,649,226,10.28
Meat,Snack,33.8,55.8,19.1,1.3,44.3,980,117,136,4.13
Dairy,Snack,14.2,44.3,12.9,5.4,32.3,743,820,518,2.57
Fruits,Lunch,34.6,72.7,3.0,7.0,10.0,373,407,69,0.69
Snacks,Breakfast,21.5,56.0,3.0,7.9,43.4,661,289,472,0.6
Snacks,Dinner,30.6,17.6,18.7,7.4,7.8,385,586,525,5.28
Dairy,Breakfast,26.1,83.5,16.5,8.8,28.8,764,681,597,3.3
Snacks,Dinner,29.6,73.9,43.8,1.9,41.2,110,683,589,8.91
Vegetables,Breakfast,7.1,79.0,33.2,0.1,6.0,57,653,567,6.9
Vegetables,Lunch,26.3,74.9,13.7,5.1,25.8,111,720,86,2.81
Fruits,Snack,6.9,33.9,29.3,6.5,19.8,661,304,340,5.71
Meat,Breakfast,7.0,38.6,31.5,4.5,42.1,432,496,380,5.77
Beverages,Snack,17.3,73.2,41.2,8.9,26.7,677,983,535,8.0
Beverages,Breakfast,7.4,76.9,26.6,8.1,33.4,321,456,95,4.68
Dairy,Breakfast,13.1,36.0,3.6,2.0,28.1,803,650,312,0.74
Grains,Dinner,2.6,37.2,29.2,6.0,14.3,610,323,224,5.42
Snacks,Lunch,29.9,95.8,4.4,0.5,8.9,81,389,553,0.97
Vegetables,Dinner,43.3,57.7,31.0,2.9,4.2,666,532,528,8.31
Dairy,Breakfast,22.2,34.1,10.0,4.5,41.3,885,661,421,2.19
Snacks,Dinner,38.8,48.4,21.4,6.4,34.4,818,552,415,4.89
Fruits,Breakfast,9.5,26.7,46.4,6.9,37.0,711,333,527,9.29
Snacks,Snack,9.6,38.8,1.0,7.6,40.7,36,102,199,0.19
Meat,Breakfast,14.1,26.0,7.5,4.4,39.7,319,532,299,1.59
Dairy,Dinner,19.4,35.3,21.1,3.8,2.1,861,584,390,5.75
Fruits,Snack,25.9,78.9,19.3,3.1,7.1,207,551,194,4.4
Dairy,Breakfast,23.7,21.6,7.7,5.4,9.1,951,621,303,2.02
Snacks,Breakfast,49.4,15.6,22.7,5.7,0.3,66,278,251,8.1
Snacks,Lunch,15.9,79.5,9.3,6.5,49.0,810,692,258,1.71
Fruits,Breakfast,11.1,40.6,5.3,0.1,34.6,14,184,74,1.03
Beverages,Breakfast,42.7,16.6,47.2,2.7,31.3,653,810,469,12.74
Vegetables,Dinner,34.6,91.7,4.9,3.6,11.8,78,848,497,1.08
Fruits,Breakfast,43.6,37.1,30.4,3.7,19.0,820,517,255,7.63
Meat,Breakfast,30.1,6.9,34.9,3.9,28.3,904,749,328,9.91
Beverages,Snack,43.1,63.9,47.3,1.1,9.6,401,549,60,11.55
Meat,Breakfast,32.4,50.2,32.6,1.2,24.6,40,680,596,7.34
Fruits,Dinner,46.7,80.2,42.5,2.4,19.1,371,493,561,9.58
Grains,Lunch,17.6,46.5,47.2,6.3,18.6,323,207,62,9.99
Dairy,Breakfast,21.3,34.9,48.4,7.0,16.5,232,415,556,11.09
Meat,Snack,12.9,57.1,22.9,3.1,44.9,981,662,60,4.29
Dairy,Snack,11.4,12.2,42.3,3.2,0.2,830,433,314,13.35
Dairy,Breakfast,10.6,46.1,38.6,2.4,10.0,302,278,70,8.14
Beverages,Snack,42.7,40.6,26.9,3.2,10.3,229,614,272,6.96
Meat,Dinner,10.0,18.3,47.1,1.4,12.0,241,727,478,10.86
Fruits,Breakfast,44.3,74.7,42.5,1.6,29.0,791,205,376,9.35
Meat,Dinner,35.0,20.2,7.2,3.1,23.7,905,552,218,1.88
Vegetables,Snack,3.3,88.3,6.8,3.7,0.8,25,406,281,1.64
Snacks,Breakfast,7.0,68.3,3.2,1.0,25.1,835,735,496,0.58
Grains,Lunch,9.7,33.3,39.7,3.7,20.1,402,980,297,8.06
Vegetables,Lunch,15.8,67.4,13.7,9.2,1.6,234,947,190,3.48
Dairy,Snack,26.3,65.0,6.2,1.8,35.1,468,703,85,1.27
Fruits,Breakfast,45.0,24.6,7.1,4.2,47.9,223,687,431,1.81
Snacks,Breakfast,33.5,19.1,37.4,1.6,26.5,496,384,288,9.71
Fruits,Breakfast,5.8,25.7,40.7,0.0,6.6,461,503,284,8.95
Meat,Dinner,8.4,72.0,48.6,9.6,49.1,671,959,282,8.49
Beverages,Snack,12.9,79.7,44.4,1.3,24.8,617,609,377,8.32
Grains,Dinner,35.6,41.1,37.5,9.4,10.8,391,932,567,9.39
Snacks,Lunch,46.0,81.3,10.4,5.1,11.8,796,980,542,2.43
Fruits,Snack,25.3,96.7,7.6,3.8,24.0,494,315,149,1.51
Grains,Dinner,26.0,8.8,7.5,2.0,4.9,895,795,544,2.32
Beverages,Dinner,40.4,47.9,6.1,2.0,20.6,445,197,122,1.45
Vegetables,Dinner,29.8,60.5,42.1,3.7,29.6,73,627,248,8.98
Snacks,Snack,45.6,7.1,40.9,7.4,41.8,457,586,564,11.78
Meat,Lunch,9.0,12.9,2.5,1.4,6.3,270,398,594,0.63
Grains,Breakfast,4.3,11.1,19.6,2.4,26.8,721,318,459,4.02
Fruits,Breakfast,44.0,67.9,33.3,6.5,49.4,461,603,303,7.25
Dairy,Dinner,4.0,14.5,48.5,9.4,34.3,352,146,60,9.38
Meat,Breakfast,10.8,78.5,20.0,9.1,14.8,400,888,216,3.86
Dairy,Breakfast,1.7,81.9,45.6,3.9,31.9,146,266,520,7.6
Fruits,Breakfast,15.0,54.9,39.5,8.2,42.9,611,647,441,7.59
Meat,Lunch,13.7,48.8,45.7,8.7,49.5,34,786,228,8.75
Meat,Lunch,40.4,90.4,6.4,6.6,47.5,648,382,383,1.32
Vegetables,Breakfast,3.6,79.4,20.3,6.7,15.5,945,772,80,3.67
Beverages,Breakfast,49.2,78.7,21.7,1.9,33.8,985,797,393,4.78
Grains,Snack,1.9,89.6,43.3,8.7,11.8,779,319,342,7.92
Snacks,Snack,15.3,62.5,21.4,2.0,9.8,697,807,494,4.56
Snacks,Snack,10.5,18.2,13.2,1.8,38.4,571,316,316,2.83
Grains,Breakfast,13.1,64.6,18.6,3.6,14.3,870,308,407,3.74
Vegetables,Snack,3.0,82.3,11.1,7.2,43.8,317,225,301,1.84
Snacks,Lunch,27.4,5.8,23.8,4.3,1.3,132,994,534,8.32
Vegetables,Dinner,41.7,34.2,24.2,2.2,32.3,122,355,417,5.92
Vegetables,Dinner,12.1,61.3,10.1,0.2,32.0,488,333,197,1.9
Beverages,Lunch,21.8,63.1,37.2,2.8,46.8,347,287,571,7.36
Vegetables,Snack,47.6,85.9,2.2,1.4,6.5,976,565,452,0.54
Fruits,Snack,9.6,57.9,43.8,6.5,48.4,299,429,201,7.9
Snacks,Lunch,47.3,27.9,32.4,8.6,43.5,952,422,464,8.21
Snacks,Lunch,20.8,10.0,10.0,0.1,32.7,936,707,288,2.61
Beverages,Breakfast,40.0,23.0,33.3,9.8,13.7,341,665,246,9.01
Beverages,Breakfast,6.9,90.3,19.6,5.2,17.4,816,767,383,3.58
Vegetables,Breakfast,44.7,49.9,18.1,4.0,23.5,239,609,234,4.3
Vegetables,Lunch,35.9,71.7,1.4,5.1,3.1,156,563,68,0.37
Meat,Snack,29.3,53.4,16.3,3.8,35.7,271,673,464,3.5
Fruits,Dinner,23.5,14.7,5.2,2.7,7.0,789,725,115,1.46
Vegetables,Breakfast,42.3,76.9,42.7,6.6,36.6,688,728,528,9.17
Meat,Lunch,46.3,11.2,29.4,5.9,16.8,68,519,584,8.57
Fruits,Snack,49.6,20.7,33.9,2.7,40.9,660,745,462,8.99
Meat,Lunch,23.7,52.2,24.7,9.8,10.8,31,167,114,5.63
Grains,Snack,21.3,66.5,38.3,1.5,16.2,766,859,152,8.03
Meat,Breakfast,6.2,7.0,45.0,7.2,26.9,644,871,324,10.4
Snacks,Lunch,8.8,8.9,40.8,6.2,15.0,512,982,87,10.02
Grains,Breakfast,5.1,15.1,17.4,6.2,0.7,408,806,82,4.76
Beverages,Dinner,21.4,94.2,37.4,1.5,18.5,954,536,545,7.44
Snacks,Dinner,47.0,67.0,38.5,1.4,37.6,3,259,396,8.59
Meat,Breakfast,33.2,30.1,31.6,4.3,1.2,661,814,568,9.74
Fruits,Dinner,37.9,77.9,12.0,4.7,36.7,92,754,464,2.53
Beverages,Dinner,14.3,78.6,44.5,4.0,15.5,844,186,350,8.78
Vegetables,Lunch,44.7,66.3,49.0,1.3,17.6,667,444,229,11.37
Beverages,Breakfast,19.2,17.8,33.0,1.2,19.4,777,973,114,8.13
Snacks,Dinner,21.8,78.8,32.0,5.2,46.0,686,398,92,6.14
Fruits,Lunch,28.7,85.6,6.4,6.1,19.2,73,246,122,1.33
Grains,Breakfast,49.3,56.3,5.6,7.0,1.0,268,445,554,1.7
Dairy,Lunch,15.9,57.9,24.6,8.4,32.9,538,987,294,4.8
Dairy,Snack,14.4,52.5,12.1,2.8,29.8,361,239,73,2.37
Fruits,Lunch,33.5,32.0,37.8,9.4,34.1,671,414,433,9.01
Grains,Breakfast,10.8,71.9,5.5,8.9,17.3,854,286,241,1.05
Dairy,Dinner,19.2,32.8,13.4,1.7,38.9,7,153,507,2.89
Fruits,Dinner,18.8,26.2,41.0,3.8,26.8,453,379,185,9.31
Vegetables,Dinner,38.2,61.8,30.6,2.6,47.3,926,733,387,6.62
Grains,Snack,32.5,90.6,49.0,6.5,35.6,915,842,344,9.88
Snacks,Lunch,47.3,12.5,24.7,9.4,23.1,644,401,264,7.03
Vegetables,Breakfast,25.2,34.0,9.9,0.4,37.2,989,695,68,2.22
Snacks,Snack,35.1,55.6,31.6,7.9,39.6,81,531,226,6.91
Vegetables,Lunch,1.0,14.0,21.2,5.6,47.9,888,983,543,3.58
Vegetables,Dinner,37.5,95.0,48.0,3.0,33.8,266,359,584,9.84
Vegetables,Dinner,19.7,69.1,22.5,7.2,27.2,195,994,483,4.46
Beverages,Breakfast,16.2,25.7,17.0,5.4,38.8,553,390,577,3.71
Snacks,Lunch,24.5,75.8,5.1,3.1,9.0,334,549,597,1.13
Dairy,Snack,11.7,20.2,41.4,9.5,3.3,272,416,566,10.91
Vegetables,Breakfast,44.9,48.7,19.4,3.9,1.4,424,123,593,5.81
Vegetables,Dinner,21.0,83.0,15.8,4.9,2.1,757,395,523,3.96
Fruits,Breakfast,25.7,35.4,34.7,3.2,41.1,802,897,572,7.74
Dairy,Dinner,26.5,56.4,8.0,8.7,9.6,918,769,457,1.85
Snacks,Lunch,43.2,43.6,2.6,3.5,21.7,862,243,512,0.63
Fruits,Lunch,36.1,69.9,41.8,6.2,7.5,376,447,104,10.06
Snacks,Lunch,21.9,25.6,23.6,8.9,38.6,317,144,417,5.41
Meat,Snack,34.2,65.4,8.7,1.5,48.1,387,526,348,1.83
Grains,Lunch,25.1,87.8,48.8,5.0,3.6,2,734,153,11.77
Grains,Dinner,20.8,7.6,28.1,7.1,39.1,322,874,135,7.52
Dairy,Lunch,42.7,80.4,7.2,7.7,3.2,751,980,70,1.89
Dairy,Breakfast,3.6,22.4,23.3,2.4,46.0,849,947,201,4.19
Dairy,Snack,40.3,92.7,49.8,8.6,16.1,172,719,482,10.9
Dairy,Dinner,15.9,88.3,9.4,3.3,40.8,816,300,156,1.73
Grains,Breakfast,4.5,61.1,46.1,0.8,1.4,334,606,462,10.98
Snacks,Lunch,23.1,74.8,35.7,6.9,33.5,911,261,62,7.07
Meat,Breakfast,43.3,55.1,42.8,6.4,23.9,887,625,528,9.96
Beverages,Dinner,27.2,61.3,17.5,2.0,14.0,436,283,576,3.88
Grains,Lunch,14.2,67.0,11.8,5.6,15.4,591,195,213,2.36
Beverages,Dinner,30.3,60.1,25.9,5.0,0.2,622,657,473,7.66
Grains,Dinner,15.1,55.6,41.1,6.2,34.9,18,863,375,7.98
Vegetables,Lunch,27.8,57.7,25.2,1.4,40.5,816,835,158,5.27
Meat,Breakfast,28.4,72.4,25.1,6.8,23.5,882,649,512,5.26
Vegetables,Snack,40.3,37.2,15.1,3.8,36.6,635,536,149,3.61
Meat,Breakfast,9.7,48.3,21.8,7.5,47.4,623,350,489,4.02
Fruits,Lunch,12.9,10.8,18.6,2.8,24.8,877,333,299,4.56
Beverages,Snack,34.9,72.7,47.0,3.6,25.3,506,365,491,10.09
Snacks,Breakfast,29.9,36.9,23.6,8.1,41.5,633,387,169,5.35
Beverages,Breakfast,45.3,77.6,15.2,5.4,37.4,128,941,451,3.29
Grains,Snack,25.1,54.7,49.5,9.1,25.9,563,250,501,10.53
Fruits,Breakfast,22.7,75.7,30.7,5.2,38.3,429,357,533,6.01
Fruits,Dinner,27.6,70.6,34.8,0.4,9.7,245,502,471,7.86
Dairy,Dinner,36.2,47.5,25.9,4.0,28.2,960,288,343,5.94
Fruits,Breakfast,5.1,58.6,26.8,7.3,15.0,981,140,420,5.01
Vegetables,Dinner,38.4,37.6,26.8,4.0,8.5,419,522,329,7.02
Grains,Breakfast,21.6,21.6,37.0,8.2,19.2,667,948,284,9.03
Grains,Lunch,32.4,97.3,49.0,2.9,37.7,71,143,588,9.75
Snacks,Dinner,16.4,52.8,33.8,3.8,35.0,911,555,208,6.68
Snacks,Snack,33.1,22.9,39.3,9.2,40.7,670,300,541,9.75
Snacks,Snack,46.2,27.2,20.1,6.7,2.6,878,384,566,6.21
Beverages,Lunch,22.1,69.3,16.8,2.1,24.2,234,357,138,3.41
Snacks,Snack,22.6,93.7,35.2,2.3,33.4,736,125,139,6.76
Beverages,Snack,10.3,28.4,31.1,5.0,5.4,941,135,58,7.37
Snacks,Lunch,40.0,51.6,36.8,6.1,4.4,365,851,587,9.86
Snacks,Snack,26.8,70.1,14.8,6.9,6.3,273,782,205,3.48
Meat,Breakfast,33.3,29.8,4.4,9.6,9.9,164,604,470,1.15
Vegetables,Snack,12.0,47.1,15.3,5.7,39.9,599,491,205,2.92
Dairy,Lunch,16.2,15.9,12.8,7.7,47.1,252,627,527,2.98
Fruits,Lunch,7.1,90.3,23.3,5.2,4.5,399,549,230,4.97
Meat,Lunch,7.6,92.6,1.6,7.8,6.4,691,429,591,0.33
Grains,Breakfast,40.8,58.2,42.6,2.7,17.9,317,704,286,9.93
Snacks,Lunch,9.5,75.3,25.8,0.5,27.3,923,238,276,4.7
Dairy,Snack,30.6,99.4,30.1,8.0,10.0,818,751,118,6.57
Snacks,Lunch,47.2,22.1,33.1,2.2,39.0,757,669,556,8.67
Fruits,Dinner,11.8,98.8,44.3,5.2,3.2,209,162,231,10.05
Meat,Breakfast,17.9,69.6,31.7,3.2,43.9,60,143,63,6.04
Vegetables,Snack,45.5,79.6,46.9,8.2,42.9,400,146,561,10.06
Grains,Breakfast,42.1,97.6,15.2,9.1,26.4,530,774,432,3.2
Grains,Snack,14.0,22.6,36.8,3.2,34.9,168,770,564,8.04
Grains,Dinner,37.4,67.0,49.5,0.8,11.9,945,252,437,11.52
Snacks,Breakfast,11.9,30.1,4.2,3.2,5.5,850,153,171,1.0
Meat,Snack,6.8,21.0,5.8,8.6,46.6,539,389,279,1.13
Dairy,Breakfast,38.3,49.7,40.5,0.1,30.4,913,688,194,9.26
Vegetables,Lunch,4.9,28.7,20.6,5.8,24.1,1000,552,469,3.88
Beverages,Snack,8.1,29.0,29.2,3.9,5.7,856,223,273,6.68
Meat,Lunch,29.3,13.7,30.3,8.0,39.5,152,947,218,7.91
Vegetables,Breakfast,11.3,56.1,34.1,8.8,39.3,738,530,246,6.34
Meat,Dinner,45.4,74.1,16.4,3.3,13.7,786,905,211,3.83
Meat,Dinner,13.3,56.9,46.1,5.2,2.3,836,982,216,11.36
Snacks,Breakfast,28.0,46.1,25.0,9.3,7.1,308,721,236,6.18
Beverages,Dinner,7.2,73.7,9.0,6.7,11.1,816,937,257,1.75
Vegetables,Snack,1.6,71.1,29.9,0.2,5.0,5,459,565,6.08
Meat,Dinner,16.3,80.3,11.4,4.0,20.3,556,742,552,2.22
Vegetables,Lunch,30.0,27.3,27.2,8.6,15.4,327,774,488,6.85
Dairy,Breakfast,44.9,48.1,3.6,9.7,0.2,385,663,124,1.14
Beverages,Dinner,26.9,11.5,37.5,2.8,33.5,77,994,505,9.95
Beverages,Dinner,36.7,71.6,49.1,0.9,23.8,622,756,543,10.69
Snacks,Snack,37.2,47.7,34.6,3.9,26.2,216,735,417,7.99
Beverages,Dinner,21.1,65.0,47.4,6.8,43.4,513,764,403,9.32
Dairy,Dinner,20.4,64.9,6.4,8.8,0.3,695,989,308,1.79
Snacks,Lunch,37.2,81.3,49.2,5.0,21.2,208,577,455,10.62
Snacks,Snack,36.5,6.8,9.5,4.9,10.7,215,209,244,2.9
Snacks,Breakfast,27.6,88.6,37.4,7.6,15.6,316,959,358,7.84
Snacks,Breakfast,9.2,72.1,15.2,4.1,13.0,404,290,122,2.96
Fruits,Breakfast,23.0,78.2,11.5,7.8,31.6,622,170,107,2.27
Snacks,Breakfast,24.7,92.3,18.6,8.4,8.8,339,693,563,4.05
Meat,Breakfast,31.6,15.5,11.2,7.0,5.8,681,660,487,3.3
Snacks,Breakfast,25.9,78.1,8.1,0.5,13.6,303,817,349,1.73
Vegetables,Dinner,8.7,46.7,15.9,2.6,47.3,25,817,180,2.9
Dairy,Snack,19.8,91.3,40.1,3.1,34.6,440,503,156,7.58
Meat,Lunch,12.9,7.6,49.9,8.5,42.6,116,274,562,12.5
Fruits,Lunch,30.5,34.1,42.3,4.8,49.2,210,775,495,9.69
Beverages,Lunch,43.8,17.6,8.7,6.2,48.9,946,321,488,2.3
Dairy,Dinner,47.4,68.2,43.6,8.1,27.2,937,401,119,9.88
Dairy,Breakfast,48.0,98.0,6.8,2.6,30.5,225,782,471,1.45
Fruits,Snack,45.6,90.7,9.7,3.3,42.1,529,623,511,2.04
Beverages,Breakfast,29.7,83.2,1.0,3.4,30.9,704,905,423,0.2
Vegetables,Dinner,48.4,58.6,14.8,3.9,36.5,340,254,188,3.39
Snacks,Breakfast,7.4,34.0,16.8,7.2,21.3,882,538,65,3.28
Grains,Lunch,40.8,86.4,22.1,7.0,17.3,563,609,310,4.87
Vegetables,Snack,48.3,54.1,37.8,3.2,40.1,516,355,259,8.74
Beverages,Breakfast,22.4,58.5,44.6,0.3,41.7,704,558,538,9.0
Snacks,Breakfast,22.3,54.4,42.2,8.0,22.7,811,649,293,8.91
Dairy,Dinner,30.3,21.2,15.3,4.8,24.4,390,103,385,3.88
Meat,Lunch,26.1,52.8,1.1,8.3,48.5,882,639,150,0.23
Grains,Dinner,12.6,55.3,13.6,9.2,42.1,139,962,517,2.56
Dairy,Lunch,8.3,98.2,41.6,2.4,17.2,263,243,341,7.66
Fruits,Snack,9.4,82.8,39.4,4.3,11.2,435,284,580,7.72
Grains,Breakfast,17.0,23.8,7.8,9.6,3.5,131,771,561,2.1
Vegetables,Dinner,10.9,41.2,44.0,5.0,0.5,946,814,336,11.95
Dairy,Snack,8.1,42.5,38.3,8.3,17.8,728,613,106,7.49
Fruits,Lunch,27.1,25.9,36.9,0.2,22.1,970,727,166,8.99
Dairy,Dinner,28.1,25.1,11.6,5.3,24.8,96,455,142,2.84
Beverages,Lunch,15.9,14.2,39.2,6.5,8.0,623,916,363,10.39
Meat,Snack,48.8,40.4,10.1,4.1,32.9,412,621,518,2.47
Dairy,Dinner,27.0,25.0,2.2,1.2,27.0,361,325,543,0.53
Meat,Breakfast,8.6,41.7,36.9,6.9,43.4,582,379,268,6.84
Dairy,Dinner,19.4,56.5,41.7,7.5,18.5,636,589,248,8.72
Fruits,Lunch,12.2,79.9,6.3,5.6,45.5,89,276,383,1.13
Dairy,Lunch,47.7,48.7,32.2,5.4,1.1,18,325,442,9.83
Beverages,Snack,43.0,27.2,21.8,6.9,22.7,277,684,269,5.64
Snacks,Snack,38.5,37.6,32.0,9.7,46.9,449,111,600,7.51
Dairy,Breakfast,38.6,13.3,25.6,5.3,38.6,592,911,570,6.94
Beverages,Snack,6.0,14.4,25.9,8.7,23.3,449,538,284,5.43
Dairy,Lunch,12.9,77.7,6.2,7.7,6.3,104,219,410,1.34
Fruits,Dinner,8.9,43.8,31.7,5.8,18.6,525,504,521,6.21
Grains,Dinner,29.3,85.4,23.8,2.1,3.9,529,600,469,5.81
Snacks,Breakfast,9.1,57.8,49.0,6.9,13.0,310,600,320,9.7
Dairy,Dinner,31.1,19.9,9.0,1.3,38.4,166,575,296,2.26
Beverages,Breakfast,40.8,42.2,13.3,4.2,8.2,176,220,277,3.47
Meat,Dinner,9.7,24.5,30.3,3.2,7.3,661,639,94,7.03
Fruits,Dinner,47.4,5.1,16.0,2.9,5.9,946,991,328,5.26
Meat,Lunch,2.2,15.4,12.6,8.3,21.3,587,929,134,2.35
Vegetables,Snack,20.5,96.9,21.6,9.2,48.2,41,725,412,4.0
Grains,Lunch,45.3,31.7,37.9,9.6,5.7,79,327,347,10.76
Snacks,Snack,12.4,52.1,36.2,8.0,20.2,548,872,496,7.18
Beverages,Dinner,44.0,11.5,9.7,5.3,42.7,564,777,512,2.69
Grains,Lunch,46.9,44.0,18.8,8.1,25.6,974,285,170,4.57
Dairy,Dinner,40.1,70.0,7.8,2.9,29.3,230,417,55,1.71
Dairy,Dinner,14.2,99.7,6.7,4.2,11.3,782,755,382,1.33
Grains,Lunch,14.7,61.6,35.8,0.2,4.8,823,517,272,8.22
Fruits,Dinner,13.3,90.3,47.2,1.5,21.4,723,746,280,8.87
Meat,Breakfast,3.6,73.9,45.1,4.9,5.6,645,742,149,9.2
Fruits,Dinner,41.4,11.0,39.4,0.4,13.6,106,328,406,11.55
Fruits,Snack,48.1,35.3,16.9,2.5,6.6,760,255,262,4.71
Vegetables,Snack,49.2,87.8,12.1,10.0,34.6,912,565,242,2.61
Beverages,Breakfast,30.7,21.6,46.7,3.8,27.8,44,601,348,11.75
Grains,Dinner,44.6,86.9,47.7,7.0,18.0,58,745,81,10.6
Beverages,Snack,36.6,92.3,39.9,4.3,10.7,733,847,434,8.94
Meat,Lunch,22.7,21.6,48.5,5.7,2.9,435,550,409,13.99
Vegetables,Breakfast,24.6,96.1,23.2,5.6,10.2,248,415,300,4.95
Beverages,Lunch,12.9,68.7,10.6,4.5,5.3,692,186,444,2.35
Fruits,Breakfast,33.9,28.5,43.1,3.4,7.3,545,992,340,11.67
Meat,Dinner,19.1,47.9,22.0,1.4,27.7,688,220,550,4.56
Snacks,Breakfast,48.1,83.9,17.7,3.9,6.0,466,217,383,4.42
Fruits,Dinner,36.7,66.2,33.6,0.6,19.3,435,549,221,7.51
Fruits,Dinner,19.8,98.5,15.7,1.7,15.0,652,142,464,3.14
Snacks,Snack,24.2,45.4,3.7,5.0,37.2,596,476,226,0.79
Vegetables,Lunch,23.0,45.7,49.1,8.3,45.1,882,106,215,10.29
Grains,Dinner,28.7,28.8,17.7,1.6,39.3,720,868,514,4.16
Meat,Breakfast,1.3,82.4,23.3,6.2,29.4,95,229,293,3.89
Dairy,Lunch,2.4,78.9,48.5,5.9,36.7,737,209,540,8.07
Dairy,Breakfast,45.4,36.8,44.8,2.4,14.1,554,735,186,11.56
Meat,Breakfast,35.1,84.8,26.4,0.2,45.9,331,891,549,5.37
Dairy,Breakfast,35.3,50.5,5.5,8.8,2.4,543,947,382,1.53
Beverages,Lunch,42.9,44.9,3.0,2.9,40.0,562,220,317,0.7
Beverages,Dinner,44.4,76.9,39.0,0.1,15.3,909,737,133,8.93
Snacks,Breakfast,32.8,43.4,40.2,2.9,22.6,551,245,68,9.32
Grains,Lunch,17.4,51.6,39.0,4.9,25.7,325,972,222,7.94
Beverages,Breakfast,39.0,80.1,15.7,6.1,5.2,239,565,130,3.89
Meat,Breakfast,4.6,31.6,8.2,2.7,32.7,93,602,488,1.49
Meat,Breakfast,21.2,38.1,49.1,6.2,41.8,896,214,86,10.48
Dairy,Lunch,9.6,70.8,4.2,7.2,8.3,718,815,459,0.86
Snacks,Dinner,31.3,5.7,15.7,7.4,28.1,867,247,361,4.53
Meat,Lunch,45.9,26.3,43.3,7.9,0.8,641,446,510,14.3
Dairy,Lunch,22.1,98.8,40.8,6.3,3.1,916,907,381,9.75
Snacks,Dinner,15.8,28.7,11.7,3.3,1.0,359,344,258,3.34
Grains,Dinner,33.7,59.1,36.7,3.8,41.2,291,689,517,7.88
Meat,Snack,8.9,88.0,12.2,1.2,17.8,565,814,460,2.26
Snacks,Snack,27.0,25.1,8.3,5.0,12.4,944,718,131,2.12
Fruits,Dinner,40.2,62.3,39.6,5.8,3.8,713,203,253,10.5
Beverages,Lunch,14.1,85.3,7.3,1.0,42.3,707,746,428,1.33
Beverages,Snack,33.9,21.6,5.9,7.8,19.3,932,810,559,1.54
Meat,Dinner,30.7,81.4,30.5,9.4,1.7,753,433,113,8.09
Fruits,Snack,5.3,42.6,35.6,6.2,18.2,735,369,496,6.69
Dairy,Lunch,19.5,22.8,8.1,0.3,43.9,722,975,577,1.84
Vegetables,Lunch,21.0,95.2,2.6,6.3,7.7,303,663,389,0.56
Fruits,Lunch,43.8,78.6,20.6,8.1,33.4,528,395,205,4.46
Fruits,Breakfast,39.8,97.1,39.1,0.3,20.2,861,900,429,8.33
Grains,Breakfast,41.3,34.0,38.2,3.0,7.3,936,675,392,10.38
Snacks,Breakfast,47.9,48.7,37.0,5.2,12.2,950,729,136,9.35
Beverages,Breakfast,37.1,29.4,31.9,3.1,25.6,638,527,88,7.94
Meat,Lunch,32.3,43.2,22.3,5.7,22.7,580,720,497,5.16
Fruits,Snack,5.8,14.2,4.3,7.7,2.7,366,520,101,1.1
Snacks,Snack,12.8,76.5,29.9,6.6,42.6,121,600,509,5.43
Grains,Breakfast,20.1,30.7,25.9,9.8,35.0,181,905,378,5.72
Fruits,Snack,44.5,73.0,6.3,2.4,20.0,667,454,119,1.43
Meat,Breakfast,20.1,49.7,29.4,2.3,37.3,428,754,289,6.01
Grains,Dinner,47.2,11.5,11.3,0.2,43.5,959,701,590,3.15
Grains,Breakfast,36.7,54.2,45.8,8.6,24.2,959,903,454,10.4
Fruits,Lunch,26.9,41.3,30.9,5.0,38.1,111,281,381,6.8
Grains,Breakfast,19.6,11.6,17.9,5.2,42.1,74,894,590,4.51
Meat,Snack,4.5,27.4,42.5,6.9,8.1,779,713,302,8.87
Fruits,Lunch,23.1,92.6,44.6,6.0,47.3,598,419,224,8.44
Meat,Dinner,16.8,26.1,22.8,1.0,24.4,359,417,442,5.12
Meat,Lunch,17.8,63.2,5.7,7.2,46.5,972,326,425,1.1
Vegetables,Dinner,39.6,62.2,26.5,4.2,34.7,443,198,300,5.84
Beverages,Breakfast,42.7,90.4,4.0,7.9,27.9,97,549,185,0.85
Fruits,Lunch,49.4,58.6,48.0,0.2,26.5,545,604,418,11.23
Meat,Breakfast,23.4,23.2,30.5,2.2,32.4,950,964,238,7.23
Beverages,Dinner,19.3,67.5,21.3,4.2,42.3,356,651,504,4.12
Vegetables,Lunch,28.9,66.4,21.1,8.5,4.2,718,562,365,5.26
Meat,Breakfast,39.3,52.8,32.9,2.7,26.0,678,177,521,7.55
Dairy,Snack,43.4,94.0,26.4,3.6,19.5,216,781,114,5.74
Fruits,Breakfast,46.8,41.0,5.9,8.3,37.3,647,126,534,1.42
Meat,Dinner,1.2,23.0,31.9,1.0,10.6,911,275,385,6.04
Snacks,Snack,2.9,70.9,10.8,6.8,35.0,233,677,508,1.82
Dairy,Breakfast,22.6,24.9,17.6,8.5,40.2,905,386,506,4.06
Fruits,Breakfast,14.3,74.5,35.7,4.4,20.3,232,544,282,6.91
Meat,Lunch,30.6,17.4,30.1,6.8,48.6,986,244,80,7.62
Grains,Breakfast,4.7,6.9,13.3,0.1,18.4,768,666,343,3.02
Snacks,Snack,41.5,79.1,5.3,9.2,47.2,263,734,117,1.12
Vegetables,Lunch,42.6,7.7,36.6,9.4,31.7,766,513,581,10.55
Grains,Lunch,19.5,64.5,44.3,7.0,41.4,744,206,454,8.65
Grains,Lunch,48.2,86.2,28.4,3.7,5.1,339,387,500,7.18
Meat,Dinner,1.5,47.6,34.0,7.8,32.6,775,297,194,5.7
Dairy,Snack,44.1,71.8,12.7,6.2,27.8,548,967,416,2.82
Meat,Dinner,33.1,81.3,26.9,3.9,48.8,814,945,251,5.44
Fruits,Lunch,30.5,61.9,32.0,9.9,44.6,848,379,182,6.69
Meat,Lunch,41.1,54.3,11.4,1.7,8.6,293,962,60,2.86
Meat,Breakfast,17.6,91.6,32.2,1.3,17.9,944,871,142,6.3
Beverages,Lunch,15.9,66.2,16.7,1.1,26.1,963,935,160,3.25
Grains,Snack,11.9,46.7,26.9,8.0,39.9,576,491,156,5.14
Dairy,Snack,37.8,27.9,48.7,5.5,27.2,625,187,139,12.2
Fruits,Breakfast,14.7,16.9,40.6,0.6,34.2,443,421,249,9.35
Meat,Dinner,29.6,75.4,7.0,1.3,9.3,902,259,74,1.59
Beverages,Dinner,24.0,46.1,16.3,2.6,11.1,807,144,567,3.78
Dairy,Lunch,37.7,53.6,4.9,1.3,49.4,408,479,441,1.08
Dairy,Lunch,44.6,63.8,37.3,5.9,20.8,144,233,403,8.6
Meat,Dinner,9.6,36.5,12.5,3.5,13.5,928,781,167,2.6
Dairy,Snack,13.0,71.6,10.7,7.0,8.9,5,920,485,2.23
Fruits,Snack,32.6,46.1,2.4,4.0,44.2,997,637,436,0.53
Beverages,Breakfast,37.4,33.8,5.2,0.5,28.4,846,373,125,1.26
Dairy,Breakfast,4.2,45.3,21.3,0.7,42.7,500,396,58,3.68
Beverages,Snack,4.9,68.9,33.3,6.8,20.9,688,414,71,5.97
Meat,Dinner,3.0,71.9,35.7,6.2,27.6,370,383,501,6.11
Meat,Snack,30.0,86.0,49.6,0.3,37.9,369,725,84,9.93
Dairy,Lunch,12.4,93.0,35.4,4.1,24.3,967,859,220,6.53
Fruits,Dinner,40.4,89.6,20.2,0.4,33.1,341,962,72,4.23
Snacks,Lunch,10.8,58.9,20.3,9.6,27.8,704,517,102,3.82
Grains,Snack,14.0,92.1,43.1,2.8,6.3,508,853,95,9.22
Beverages,Snack,20.0,31.7,10.6,8.0,23.9,118,791,301,2.38
Beverages,Lunch,29.5,95.2,45.1,7.0,5.8,376,426,229,10.44
Dairy,Snack,26.3,48.1,18.7,1.5,40.6,227,241,101,3.99
Fruits,Dinner,43.2,16.3,36.3,2.2,25.8,265,858,304,9.92
Vegetables,Dinner,46.2,27.7,29.8,1.1,33.6,231,392,410,7.61
Fruits,Breakfast,38.9,99.9,34.1,4.4,31.8,945,416,96,7.0
Dairy,Snack,37.4,92.4,6.4,8.9,34.7,133,710,177,1.32
Vegetables,Breakfast,36.6,35.3,41.7,7.7,35.9,510,979,430,9.91
Grains,Lunch,41.1,25.6,35.7,0.6,4.7,498,172,389,10.45
Beverages,Lunch,4.1,34.4,38.8,9.0,48.0,407,304,485,6.79
Fruits,Snack,17.7,14.5,11.2,1.9,27.8,999,758,441,2.75
Meat,Snack,30.8,66.3,36.7,6.3,44.8,411,491,237,7.6
Meat,Breakfast,41.4,94.2,39.5,6.1,17.8,305,549,184,8.59
Snacks,Breakfast,46.0,38.9,15.8,0.8,28.4,32,977,481,3.88
Beverages,Snack,27.6,24.2,18.2,9.7,17.5,663,719,465,4.56
Grains,Dinner,2.0,54.7,8.7,0.2,1.7,32,940,394,2.0
Grains,Lunch,11.3,62.8,9.0,1.7,15.6,785,552,502,1.77
Meat,Breakfast,46.3,77.5,22.7,6.0,47.4,625,162,580,4.88
Vegetables,Snack,1.4,27.8,19.7,5.1,40.8,931,583,209,3.31
Grains,Snack,45.2,63.2,14.0,7.0,3.5,283,141,168,3.79
Beverages,Lunch,38.7,13.5,44.3,2.1,9.0,188,458,495,13.06
Dairy,Lunch,37.2,9.1,4.3,1.5,15.9,519,126,522,1.26
Dairy,Dinner,49.7,21.3,44.9,2.4,37.4,542,214,95,11.91
Snacks,Breakfast,1.8,67.2,28.2,6.0,18.4,935,962,581,4.94
Snacks,Lunch,21.2,92.7,48.6,3.8,34.8,436,496,424,9.25
Dairy,Lunch,27.0,37.9,14.4,1.9,21.4,721,663,400,3.32
Grains,Lunch,5.1,94.6,18.8,7.4,45.9,637,339,103,3.15
Vegetables,Dinner,46.6,56.2,18.1,7.0,5.3,961,245,353,4.81
Dairy,Dinner,12.5,85.5,36.8,1.4,49.5,684,912,158,6.55
Dairy,Breakfast,4.4,26.4,28.4,9.0,20.7,148,437,365,5.4
Beverages,Breakfast,18.5,8.5,29.6,3.5,0.1,777,463,412,10.28
Snacks,Breakfast,39.9,76.9,39.9,3.4,3.1,648,503,582,10.48
Fruits,Breakfast,47.8,33.4,18.8,0.4,2.4,419,183,437,5.73
Vegetables,Snack,40.5,88.2,44.4,7.4,6.1,983,388,201,10.74
Dairy,Snack,41.5,14.0,33.3,3.4,0.4,270,934,599,11.75
Snacks,Dinner,27.3,73.8,3.7,4.2,28.7,603,340,379,0.76
Meat,Dinner,29.6,16.1,22.0,3.7,2.9,221,388,237,6.78
Meat,Snack,21.9,12.1,9.5,7.5,2.8,491,244,302,2.93
Fruits,Lunch,4.5,23.7,20.8,0.5,14.5,691,940,84,4.13
Fruits,Lunch,28.8,44.8,6.2,0.5,29.8,277,718,129,1.38
Grains,Lunch,4.4,51.0,31.0,0.8,17.8,524,941,239,5.69
Grains,Dinner,15.9,42.0,9.8,9.6,5.3,44,746,455,2.34
Grains,Dinner,1.8,24.8,18.7,4.1,4.2,215,368,187,4.0
Beverages,Snack,27.7,45.4,15.8,1.0,20.8,318,665,511,3.56
Fruits,Lunch,23.0,19.1,12.2,5.5,25.2,56,899,417,3.01
Beverages,Snack,3.6,53.7,49.0,1.3,3.8,411,731,139,10.59
Grains,Dinner,7.7,37.4,1.5,6.2,16.4,800,331,127,0.3
Snacks,Snack,13.7,85.6,26.8,5.9,10.4,466,452,569,5.44
Vegetables,Breakfast,42.3,58.9,15.2,4.2,37.9,320,884,81,3.4
Vegetables,Snack,25.4,17.5,27.6,1.1,17.3,852,737,518,7.15
Fruits,Dinner,25.8,65.2,26.1,4.6,15.3,594,426,562,5.66
Dairy,Snack,11.7,59.1,31.4,1.0,12.3,59,326,53,6.39
Snacks,Breakfast,25.0,87.3,47.4,2.6,14.8,153,676,356,9.88
Dairy,Dinner,48.4,31.0,9.2,0.2,16.3,732,201,541,2.43
Snacks,Lunch,2.8,15.0,14.6,9.0,26.7,257,836,59,2.75
Beverages,Dinner,8.0,30.4,45.0,8.8,20.9,881,227,413,8.99
Grains,Breakfast,24.8,47.1,36.0,6.1,21.3,102,529,287,7.92
Snacks,Snack,48.4,27.4,3.6,5.6,27.8,645,362,429,0.94
Snacks,Breakfast,16.5,53.0,12.0,7.9,19.3,127,283,324,2.47
Dairy,Dinner,14.0,78.9,46.1,2.4,48.7,476,804,329,8.38
Beverages,Lunch,16.7,56.9,21.7,2.2,34.0,336,486,342,4.26
Beverages,Dinner,35.1,27.8,13.5,7.6,1.9,117,298,126,4.12
Meat,Lunch,31.4,64.1,40.9,4.6,21.9,566,726,173,8.89
Snacks,Dinner,41.8,73.4,35.8,2.0,4.3,788,239,450,9.23
Meat,Snack,24.6,33.3,48.2,6.6,0.4,764,544,232,14.71
Beverages,Dinner,13.1,87.7,3.5,0.7,4.3,424,926,314,0.78
Beverages,Dinner,2.4,96.5,24.3,2.2,40.7,275,234,375,4.0
Meat,Breakfast,22.2,92.9,32.3,4.4,4.7,706,134,246,7.44
Grains,Breakfast,10.3,61.3,25.3,0.5,6.4,305,930,397,5.44
Meat,Dinner,21.7,83.2,13.3,6.7,10.2,596,241,478,2.84
Beverages,Lunch,18.3,67.1,29.9,5.4,8.6,1000,844,576,6.53
Snacks,Dinner,42.6,42.9,32.7,4.0,25.6,962,937,556,7.85
Meat,Snack,13.5,78.0,7.3,0.5,3.1,177,522,538,1.71
Fruits,Dinner,49.3,51.1,2.4,9.4,8.0,987,853,186,0.63
Fruits,Breakfast,10.5,39.4,26.4,2.8,48.1,624,213,172,5.03
Grains,Snack,5.3,94.8,10.0,8.0,45.7,341,772,384,1.68
Snacks,Dinner,45.5,28.7,16.0,1.4,8.6,682,627,527,4.44
Meat,Dinner,15.0,55.0,24.6,4.9,31.3,534,931,451,4.81
Grains,Lunch,37.9,75.2,16.7,1.8,35.6,85,764,376,3.54
Snacks,Breakfast,29.2,52.1,36.7,2.2,6.4,124,454,561,9.07
Grains,Breakfast,39.2,57.3,22.1,8.1,38.6,144,147,327,4.9
Beverages,Breakfast,29.0,12.7,36.6,6.0,7.6,62,639,244,10.67
Fruits,Dinner,8.9,90.0,39.1,5.2,11.1,54,780,178,7.6
Beverages,Snack,19.3,43.7,20.8,2.5,46.8,162,513,77,4.26
Grains,Lunch,4.0,58.7,42.3,7.1,38.8,740,804,595,7.23
Meat,Breakfast,32.2,40.8,6.2,7.8,1.7,374,727,541,1.8
Beverages,Breakfast,49.3,93.8,20.5,6.1,13.5,868,704,564,4.68
Vegetables,Breakfast,6.1,21.0,46.9,5.1,38.6,781,693,441,9.1
Fruits,Breakfast,30.2,31.7,17.2,9.3,43.6,668,742,311,4.0
Meat,Dinner,30.7,52.3,10.7,4.8,40.3,368,493,348,2.31
Snacks,Lunch,28.1,67.1,36.7,3.5,5.6,657,241,572,8.84
Meat,Breakfast,45.3,44.2,19.0,7.8,12.3,270,831,226,4.83
Snacks,Breakfast,22.2,81.6,41.9,1.3,45.3,965,335,574,8.03
Vegetables,Dinner,38.6,7.1,49.8,1.7,9.9,50,183,207,15.32
Meat,Snack,41.8,97.3,46.5,9.0,42.2,640,624,206,9.55
Meat,Snack,49.6,32.1,15.3,6.2,8.6,478,147,225,4.23
Dairy,Lunch,20.6,10.3,38.5,10.0,33.2,640,411,137,10.01
Meat,Lunch,36.1,89.2,18.8,1.7,31.3,340,769,420,3.88
Beverages,Snack,38.3,68.3,19.1,8.6,10.4,456,345,379,4.5
Beverages,Breakfast,34.3,23.3,37.7,0.9,46.2,404,171,213,9.33
Fruits,Snack,26.5,19.3,44.3,3.8,10.4,182,363,514,11.85
Snacks,Snack,3.7,58.0,21.1,8.6,28.4,994,919,325,3.67
Grains,Breakfast,14.2,26.7,23.6,3.1,48.2,270,126,363,4.96
Fruits,Lunch,12.5,69.5,6.5,4.4,23.3,955,903,473,1.24
Grains,Lunch,49.9,71.4,5.2,7.2,19.5,221,784,430,1.2
Beverages,Lunch,35.3,45.7,36.8,3.3,15.8,225,435,98,8.78
Dairy,Snack,2.9,55.8,12.3,3.0,45.2,231,116,200,2.06
Snacks,Snack,4.2,65.2,18.7,8.7,44.9,903,434,92,3.16
Vegetables,Dinner,28.6,6.6,18.9,6.8,40.3,481,483,183,5.28
Fruits,Breakfast,45.9,77.0,8.9,3.5,12.6,429,266,573,2.08
Vegetables,Lunch,29.1,30.3,3.8,0.4,43.5,777,506,366,0.88
Grains,Dinner,44.2,41.8,44.0,6.8,23.1,340,560,51,10.74
Beverages,Lunch,35.1,79.5,4.0,2.5,46.2,906,104,295,0.82
Snacks,Dinner,17.5,88.2,26.5,4.3,12.2,851,981,272,5.4
Beverages,Breakfast,31.9,40.4,24.8,1.5,34.4,149,929,347,5.65
Vegetables,Breakfast,41.6,19.0,26.6,2.6,3.4,169,707,241,8.27
Dairy,Dinner,21.7,36.5,5.5,2.7,36.6,457,652,486,1.19
Grains,Lunch,26.9,44.7,30.2,8.6,10.6,992,780,466,7.18
Fruits,Breakfast,27.2,75.6,6.8,2.5,37.2,830,811,370,1.37
Snacks,Breakfast,48.3,22.2,5.1,4.2,26.3,510,588,311,1.36
Meat,Snack,25.9,28.9,40.5,5.7,1.3,674,896,415,12.11
Vegetables,Lunch,11.0,88.8,16.3,9.1,12.5,771,527,283,3.18
Snacks,Dinner,43.4,76.3,35.3,8.9,28.2,38,334,563,7.73
Fruits,Snack,4.6,66.6,43.9,1.9,39.7,836,388,503,7.5
Snacks,Dinner,28.3,43.1,25.1,2.3,48.2,790,138,488,5.47
Snacks,Breakfast,35.9,70.4,27.9,6.5,23.5,456,472,477,6.07
Fruits,Dinner,25.1,52.8,25.1,0.2,46.8,85,967,397,5.21
Meat,Breakfast,37.1,89.3,47.9,1.7,43.2,516,841,539,9.77
Grains,Snack,3.6,99.2,37.4,2.1,19.5,231,831,119,6.57
Beverages,Lunch,14.2,29.9,12.8,7.8,17.6,54,119,73,2.81
Vegetables,Lunch,28.5,16.6,18.0,5.6,40.5,98,951,339,4.57
Fruits,Snack,21.8,79.7,45.4,4.3,3.4,679,164,296,10.96
Fruits,Dinner,20.6,8.0,47.4,4.4,10.8,59,219,105,13.56
Beverages,Snack,29.4,68.3,46.0,5.4,45.5,918,208,468,9.41
Snacks,Breakfast,12.9,86.7,36.9,7.2,0.1,690,589,281,9.86
Snacks,Lunch,24.5,71.7,3.8,1.3,37.4,43,588,144,0.76
Vegetables,Lunch,23.8,61.0,44.3,9.0,45.0,495,689,113,8.93
Grains,Lunch,18.1,77.3,21.0,9.4,46.2,601,454,85,3.95
Snacks,Dinner,33.9,50.5,26.0,4.9,15.1,485,534,186,6.09
Grains,Lunch,1.8,96.4,4.5,5.2,36.4,257,915,419,0.74
Meat,Lunch,25.4,57.3,14.9,0.9,14.3,809,830,186,3.3
Beverages,Dinner,33.8,41.3,14.8,5.9,29.7,965,968,193,3.42
Grains,Dinner,7.9,63.9,33.0,1.0,22.2,281,978,207,6.09
Beverages,Lunch,18.9,79.7,11.6,8.3,18.2,901,297,255,2.32
Meat,Lunch,4.3,47.9,40.8,1.6,40.4,9,817,183,7.06
Fruits,Dinner,24.6,83.6,3.3,5.7,37.8,534,288,513,0.65
Vegetables,Snack,49.8,70.3,32.9,5.6,6.1,474,709,527,8.45
Snacks,Snack,1.6,31.1,11.9,6.7,1.0,921,909,67,2.86
Fruits,Breakfast,20.6,16.7,21.9,4.3,47.2,464,486,189,5.26
Grains,Snack,34.4,43.8,9.5,4.4,38.0,584,791,585,2.15
Beverages,Dinner,38.3,79.8,46.0,6.2,22.7,335,192,285,9.95
Dairy,Lunch,36.3,38.7,12.6,3.1,9.0,286,289,461,3.24
Fruits,Snack,46.6,5.4,40.2,4.1,22.4,209,908,519,12.07
Grains,Breakfast,13.1,24.8,40.1,2.3,17.6,460,717,593,8.93
Dairy,Snack,38.9,36.1,39.0,4.6,1.8,434,846,237,11.71
Meat,Lunch,33.8,41.9,26.3,9.8,6.7,666,582,189,6.81
Beverages,Breakfast,14.6,62.2,47.6,2.2,12.1,319,443,541,9.87
Fruits,Dinner,36.9,18.2,18.0,2.5,31.3,807,847,301,4.72
Grains,Lunch,8.8,69.8,32.5,7.3,18.7,92,337,60,6.1
Meat,Dinner,18.6,18.4,6.6,9.7,33.2,492,447,518,1.56
Meat,Dinner,39.6,23.3,13.5,0.5,26.8,494,183,426,3.49
Vegetables,Breakfast,36.7,58.4,37.6,4.9,36.0,236,969,323,8.25
Dairy,Breakfast,4.8,62.4,1.2,6.5,35.7,247,829,460,0.21
Fruits,Breakfast,6.0,8.4,32.9,0.7,39.0,108,888,558,7.23
Beverages,Dinner,34.7,81.6,5.7,0.8,20.2,463,396,260,1.22
Vegetables,Breakfast,10.2,94.3,8.1,6.3,33.2,363,235,74,1.44
Dairy,Snack,32.8,97.5,49.1,7.5,28.1,206,896,545,9.95
Dairy,Lunch,1.4,43.5,3.7,9.3,40.5,443,384,103,0.61
Dairy,Dinner,35.8,59.9,23.8,2.2,36.8,284,461,256,5.18
Fruits,Lunch,33.2,25.7,34.9,9.9,25.4,639,364,183,8.71
Dairy,Snack,2.4,97.0,30.9,9.3,10.3,651,723,230,5.76
Vegetables,Lunch,34.3,94.1,42.5,6.9,41.4,327,692,169,8.52
Fruits,Breakfast,42.8,94.2,10.9,5.9,33.3,71,893,73,2.28
Vegetables,Breakfast,11.6,26.4,48.0,0.2,16.1,761,779,336,10.48
Dairy,Dinner,41.5,67.8,13.5,9.1,24.9,199,478,221,3.01
Dairy,Snack,21.1,14.2,40.7,8.8,3.5,858,979,347,12.05
Dairy,Lunch,34.4,10.2,31.5,4.9,47.7,2,286,175,8.59
Dairy,Breakfast,25.2,10.0,25.1,6.7,43.9,598,847,386,6.64
Fruits,Dinner,10.4,37.4,3.3,8.7,5.3,237,310,373,0.76
Grains,Breakfast,49.2,56.9,31.8,1.0,10.6,509,964,160,7.98
Beverages,Snack,35.5,59.3,5.8,4.5,32.0,521,582,333,1.27
Snacks,Lunch,21.5,86.4,35.6,0.3,47.8,743,128,337,6.73
Vegetables,Snack,30.2,66.4,32.0,8.8,35.4,589,278,392,6.68
Vegetables,Breakfast,6.7,26.9,31.5,9.1,13.4,115,533,330,6.5
Dairy,Breakfast,45.0,91.5,6.0,4.7,38.0,810,960,469,1.26
Dairy,Snack,36.4,45.7,5.5,5.6,8.6,326,397,566,1.39
Fruits,Snack,19.6,40.1,5.5,9.0,32.1,372,494,139,1.17
Grains,Lunch,11.6,35.6,17.9,4.1,20.8,10,481,151,3.68
Beverages,Snack,10.5,63.2,45.2,6.1,16.5,644,868,215,8.78
Dairy,Lunch,47.2,27.3,41.2,9.9,21.8,0,622,299,10.81
Snacks,Lunch,22.5,59.5,11.6,8.4,20.8,362,282,399,2.44
Grains,Snack,23.4,40.8,2.1,3.5,30.1,605,413,368,0.46
Snacks,Breakfast,17.0,78.2,25.2,0.2,23.8,494,817,334,4.89
Beverages,Snack,24.8,83.7,48.8,5.1,2.9,697,198,87,12.07
Vegetables,Dinner,42.1,38.6,25.2,8.5,18.7,834,786,415,6.26
Fruits,Snack,30.4,5.6,42.8,5.0,34.7,68,697,110,12.23
Beverages,Breakfast,38.4,17.0,18.4,7.6,18.2,792,685,265,5.04
Fruits,Dinner,30.3,81.7,28.2,8.7,17.7,242,191,94,5.99
Grains,Lunch,19.6,21.8,7.2,5.3,14.0,14,509,586,1.77
Beverages,Snack,19.1,71.4,29.2,2.9,48.5,573,931,178,5.57
Grains,Dinner,12.1,61.6,17.5,4.7,21.9,648,755,500,3.38
Vegetables,Snack,26.4,53.9,48.7,0.7,42.3,946,748,485,10.19
Vegetables,Snack,30.3,85.7,46.6,3.5,4.5,269,520,383,11.25
Grains,Dinner,29.5,27.8,21.8,9.5,13.0,430,119,498,5.53
Grains,Breakfast,7.4,79.2,6.3,6.4,45.4,754,553,218,1.09
Snacks,Snack,30.8,67.3,40.9,8.6,7.0,552,968,401,9.75
Vegetables,Dinner,36.5,6.2,24.3,5.8,14.0,383,812,501,7.33
Snacks,Dinner,46.6,93.5,38.1,1.1,35.9,508,380,514,8.07
Snacks,Snack,26.6,46.5,29.3,2.4,45.1,501,921,266,6.27
Snacks,Dinner,12.8,54.4,30.5,8.5,28.6,308,752,520,5.89
Meat,Lunch,42.7,27.5,46.9,4.1,32.3,633,188,395,11.88
Beverages,Dinner,27.3,64.2,40.9,6.2,14.3,763,615,478,9.01
Grains,Dinner,8.9,75.0,32.5,5.6,33.4,432,996,382,5.81
Beverages,Breakfast,11.9,45.5,29.2,7.2,16.7,761,524,429,5.95
Beverages,Snack,16.8,76.5,41.9,4.2,12.8,323,689,355,8.58
Meat,Dinner,14.8,7.7,20.8,6.4,38.6,516,409,103,5.32
Dairy,Lunch,19.7,78.4,31.5,5.3,45.0,101,337,364,5.98
Snacks,Breakfast,13.8,84.7,47.4,9.7,27.7,896,531,326,8.82
Dairy,Breakfast,34.3,56.7,8.9,4.0,22.1,508,403,242,2.0
Dairy,Breakfast,25.2,27.7,27.4,0.1,25.3,21,401,497,6.48
Meat,Lunch,39.8,97.1,3.9,2.2,39.2,392,493,358,0.8
Dairy,Lunch,48.3,38.5,48.0,6.1,16.7,211,716,598,12.27
Meat,Dinner,39.3,39.7,9.7,9.7,2.4,875,516,433,2.83
Beverages,Lunch,17.4,35.3,48.8,4.1,28.1,670,225,318,10.43
Vegetables,Dinner,15.0,32.3,27.3,9.5,6.6,512,801,169,6.54
Beverages,Lunch,35.3,50.5,48.9,1.6,15.1,537,365,200,11.53
Fruits,Snack,20.4,63.3,6.1,8.1,43.3,101,197,144,1.2
Dairy,Dinner,5.5,78.5,47.8,3.3,26.4,837,917,454,8.4
Dairy,Breakfast,9.2,89.1,34.1,3.4,35.1,124,534,378,6.01
Snacks,Dinner,24.3,88.5,26.4,5.8,19.9,208,947,251,5.34
Dairy,Snack,37.4,88.1,46.0,6.7,24.3,692,452,264,9.72
Grains,Breakfast,40.7,90.9,46.3,1.9,49.1,984,451,276,9.5
Meat,Snack,38.3,96.4,10.7,3.6,30.2,39,744,469,2.21
Fruits,Snack,1.3,89.4,27.3,8.7,25.2,212,785,168,4.61
Meat,Lunch,34.7,38.5,30.0,8.6,0.6,690,849,429,9.28
Vegetables,Lunch,17.3,44.1,19.4,8.7,7.4,637,767,217,4.5
Fruits,Lunch,15.9,23.2,7.2,4.1,36.0,324,509,453,1.6
Vegetables,Breakfast,35.0,69.0,38.9,6.6,19.1,668,108,118,8.59
Vegetables,Breakfast,12.4,23.4,42.3,2.9,32.2,756,317,147,9.05
Grains,Breakfast,29.7,41.2,34.3,8.3,22.9,674,115,529,7.88
Dairy,Dinner,17.2,65.0,14.5,3.5,24.3,157,791,249,2.87
Meat,Breakfast,35.9,22.0,47.9,2.7,21.1,212,884,125,12.48
Vegetables,Snack,40.4,62.4,47.1,0.1,10.9,346,550,483,11.3
Meat,Breakfast,13.6,76.2,18.0,3.2,40.4,351,790,64,3.3
Grains,Breakfast,30.0,37.0,30.0,0.0,31.7,494,725,586,6.89
Grains,Snack,9.1,75.7,16.1,1.9,21.7,190,243,331,2.97
Fruits,Dinner,48.0,12.4,42.8,8.3,3.5,325,490,202,13.96
Grains,Dinner,43.7,40.7,42.7,9.6,34.9,108,143,156,10.22
Beverages,Dinner,23.6,70.2,10.0,5.5,32.6,767,575,441,2.01
Fruits,Dinner,49.3,22.7,3.5,9.3,9.3,1000,593,564,1.0
Meat,Snack,3.3,37.3,3.0,5.3,43.7,988,611,309,0.52
Grains,Breakfast,35.4,31.8,3.4,9.5,41.1,265,199,261,0.81
Meat,Snack,9.2,19.6,21.3,4.7,23.2,921,141,500,4.56
Vegetables,Snack,37.0,55.1,5.7,9.0,18.9,455,400,282,1.31
Vegetables,Snack,26.2,53.7,32.5,1.4,43.9,776,582,335,6.79
Vegetables,Breakfast,14.2,83.1,13.4,2.7,7.5,791,526,177,2.84
Meat,Breakfast,46.0,11.2,28.8,2.2,27.9,291,892,327,8.17
Grains,Lunch,28.4,79.1,35.9,9.1,48.3,359,840,372,7.13
Snacks,Lunch,9.6,85.0,16.3,0.2,31.3,235,642,76,2.92
Vegetables,Breakfast,47.2,52.5,31.3,5.8,27.0,3,292,85,7.38
Beverages,Lunch,1.1,52.3,32.5,5.5,20.2,923,978,398,5.62
Dairy,Snack,4.4,82.2,5.7,2.1,40.5,599,729,279,0.96
Dairy,Lunch,23.2,94.1,38.4,3.5,44.3,804,900,509,7.28
Meat,Lunch,50.0,87.3,45.3,5.3,13.2,256,425,440,10.5
Vegetables,Dinner,42.0,18.1,39.5,6.2,11.9,424,399,150,11.17
Dairy,Snack,35.8,93.1,29.7,5.2,22.8,869,202,450,6.22
Vegetables,Dinner,2.3,30.0,26.0,1.3,30.8,345,831,430,4.53
Grains,Dinner,17.5,65.3,15.3,0.6,21.3,118,404,438,3.07
Beverages,Lunch,10.9,90.8,11.4,6.5,4.7,445,576,314,2.48
Fruits,Lunch,17.2,42.1,49.9,9.4,47.4,267,217,341,10.1
Grains,Dinner,14.0,30.4,42.0,5.7,26.5,433,606,523,8.91
Meat,Dinner,31.2,35.8,49.1,4.7,40.0,976,792,217,11.29
Grains,Snack,7.2,34.1,6.9,7.0,24.5,992,150,97,1.33
Snacks,Dinner,18.2,82.8,39.0,10.0,21.6,66,708,417,7.63
Beverages,Breakfast,9.8,5.6,37.2,8.1,47.8,273,127,538,9.27
Meat,Breakfast,10.3,69.2,22.4,6.6,48.6,716,704,290,4.0
Dairy,Lunch,26.5,58.1,13.9,3.2,31.1,16,835,428,2.92
Fruits,Lunch,37.5,17.8,2.4,5.0,48.5,441,479,521,0.62
Fruits,Dinner,47.9,60.0,5.6,5.5,31.1,464,367,176,1.29
Fruits,Dinner,44.3,97.1,23.2,6.6,31.8,212,166,547,4.88
Meat,Lunch,23.0,14.0,16.3,4.1,34.9,936,219,455,4.13
Dairy,Lunch,38.1,26.2,14.4,6.5,28.5,21,447,469,3.64
Dairy,Breakfast,21.6,20.8,48.2,5.6,38.6,294,787,237,11.38
Grains,Snack,26.7,5.3,33.5,6.5,5.2,400,810,493,10.73
Fruits,Lunch,9.9,78.4,28.7,0.5,40.7,507,375,279,5.1
Snacks,Dinner,37.3,86.6,23.3,2.7,23.1,707,776,217,4.95
Snacks,Lunch,14.7,95.7,18.3,7.8,25.0,748,319,53,3.41
Snacks,Breakfast,44.6,58.9,30.2,7.1,42.3,721,686,535,6.78
Dairy,Snack,45.7,19.0,48.5,6.9,18.2,460,201,144,13.38
Dairy,Lunch,8.5,45.2,49.3,1.2,44.0,182,717,450,9.05
Snacks,Lunch,23.6,94.1,35.1,3.1,32.3,162,603,381,6.78
Beverages,Lunch,15.8,85.0,19.4,5.7,39.5,690,310,283,3.58
Grains,Lunch,12.6,28.4,8.9,5.3,30.4,952,442,75,1.86
Dairy,Breakfast,24.1,7.6,13.1,5.1,30.7,336,657,395,3.6
Grains,Lunch,31.9,32.8,9.6,5.6,19.3,978,324,148,2.34
Dairy,Breakfast,19.6,88.7,27.2,3.7,9.3,209,205,396,5.76
Snacks,Breakfast,31.1,47.6,38.5,1.2,16.5,356,890,154,8.92
Dairy,Dinner,30.4,44.9,18.0,5.5,26.2,241,274,267,4.06
Dairy,Breakfast,11.4,54.0,24.4,8.6,25.1,676,217,547,4.69
Meat,Breakfast,3.8,70.1,32.8,0.6,30.8,192,911,375,5.63
Dairy,Breakfast,22.5,55.1,22.7,6.9,1.1,443,338,64,6.24
Dairy,Snack,17.6,5.8,42.8,7.6,18.6,983,373,430,11.96
Snacks,Snack,11.8,95.0,3.8,4.4,45.8,284,843,352,0.67
Meat,Dinner,18.9,10.4,5.0,1.1,17.5,509,236,381,1.33
Meat,Breakfast,5.0,18.8,5.3,4.0,43.9,610,207,240,1.01
Meat,Breakfast,15.3,20.9,4.9,0.7,32.6,219,729,582,1.1
Dairy,Dinner,34.6,32.4,46.9,7.1,0.8,381,855,579,14.66
Beverages,Snack,1.7,73.5,42.6,3.1,25.6,842,369,351,7.23
Grains,Snack,11.4,69.7,28.2,6.6,14.4,801,657,480,5.54
Vegetables,Lunch,28.0,89.4,1.3,1.0,45.1,146,466,147,0.25
Vegetables,Dinner,18.8,28.4,37.4,8.7,13.5,732,294,562,8.81
Beverages,Dinner,40.4,50.1,45.9,5.7,13.5,765,177,278,11.17
Vegetables,Dinner,41.0,70.2,13.4,8.2,10.8,610,258,460,3.17
Snacks,Snack,27.6,61.1,12.3,2.2,31.8,568,363,355,2.58
Snacks,Dinner,41.0,54.3,17.8,8.8,34.5,518,505,197,4.03
Grains,Snack,45.8,29.1,34.2,5.7,4.6,148,780,100,10.01
Beverages,Dinner,46.2,85.2,20.8,0.0,34.5,497,479,166,4.47
Vegetables,Breakfast,34.0,89.5,29.1,5.4,47.0,828,485,447,5.84
Snacks,Lunch,15.1,85.1,36.6,4.0,7.9,33,187,489,7.73
Vegetables,Snack,49.2,25.1,19.7,0.6,15.5,893,211,162,5.37
Snacks,Dinner,28.4,49.2,12.8,3.3,0.5,413,411,89,3.78
Fruits,Dinner,38.0,43.9,39.0,4.5,12.9,163,204,556,9.62
Grains,Lunch,24.3,97.9,46.9,1.0,5.4,482,963,227,10.68
Grains,Dinner,39.2,82.4,24.6,3.8,12.4,343,382,80,5.58
Fruits,Breakfast,25.4,6.8,35.6,1.4,42.9,557,908,284,9.8
Grains,Breakfast,38.6,43.9,20.0,6.6,29.5,46,379,147,4.68
Fruits,Lunch,24.1,98.2,4.0,0.3,36.9,454,528,153,0.77
Vegetables,Lunch,36.6,52.3,22.4,3.1,7.2,871,410,136,5.65
Grains,Snack,10.4,63.3,13.7,4.0,42.5,533,478,518,2.49
Meat,Lunch,1.2,27.7,17.9,8.2,42.7,310,873,565,2.98
Grains,Breakfast,8.5,15.1,11.5,1.0,6.2,887,889,376,2.83
Fruits,Dinner,12.6,57.7,36.7,4.5,41.5,842,833,401,6.87
Snacks,Snack,2.2,56.4,22.6,0.7,49.7,938,338,137,3.72
Fruits,Snack,6.8,10.2,41.2,3.1,15.6,142,489,281,9.51
Snacks,Lunch,3.1,63.0,41.5,6.0,37.2,534,733,261,7.0
Grains,Lunch,22.1,5.6,19.4,3.6,26.8,977,898,476,5.46
Beverages,Lunch,33.4,81.4,9.8,4.1,13.6,166,559,535,2.16
Vegetables,Breakfast,46.4,82.2,25.3,3.8,49.5,359,367,391,5.39
Dairy,Snack,9.1,84.6,14.0,2.9,9.6,74,438,207,2.78
Grains,Lunch,29.2,50.0,36.3,0.8,34.9,732,890,320,7.88
Fruits,Snack,42.9,72.7,43.0,8.1,4.2,266,515,383,11.16
Dairy,Lunch,3.9,36.1,39.2,0.6,44.2,134,605,257,6.84
Meat,Dinner,29.4,58.3,7.6,6.0,30.3,899,563,69,1.63
Meat,Breakfast,16.1,21.9,47.5,3.3,22.7,628,934,130,10.92
Beverages,Breakfast,25.9,82.0,16.3,5.6,30.4,177,495,210,3.26
Dairy,Lunch,17.0,48.4,34.1,6.6,9.4,770,265,353,7.61
Fruits,Breakfast,8.7,78.8,32.4,3.8,44.9,380,724,179,5.66
Grains,Lunch,16.5,69.0,20.7,2.3,2.9,883,462,529,5.01
Vegetables,Dinner,24.3,35.2,29.2,6.8,45.0,515,237,222,6.43
Meat,Snack,43.4,8.4,1.3,2.5,46.5,230,829,537,0.37
Beverages,Dinner,9.7,45.0,6.0,6.4,41.2,593,117,481,1.12
Grains,Lunch,37.2,32.1,6.2,0.7,10.6,878,704,340,1.62
Dairy,Snack,21.3,83.4,29.2,5.3,16.8,878,441,289,5.93
Snacks,Breakfast,8.7,25.6,32.8,9.9,0.5,114,316,466,9.11
Grains,Lunch,14.1,10.3,43.7,9.5,10.6,770,183,524,11.59
Beverages,Snack,16.3,29.6,24.8,7.0,38.0,479,264,276,5.3
Meat,Breakfast,38.1,24.6,31.1,6.4,5.0,147,960,190,9.01
Fruits,Lunch,43.9,44.4,1.1,4.6,7.6,689,362,61,0.29
Beverages,Dinner,45.9,80.4,21.7,1.5,16.1,995,175,276,4.94
Beverages,Lunch,17.9,39.3,18.3,4.5,26.7,163,936,61,3.88
Beverages,Lunch,13.6,14.8,48.7,4.8,48.8,411,180,208,11.14
Grains,Lunch,21.8,65.4,14.5,7.9,11.1,944,481,515,3.16
Grains,Breakfast,16.1,81.6,20.7,0.2,19.3,22,698,490,4.04
Vegetables,Lunch,44.1,89.3,11.3,0.9,26.2,425,780,236,2.43
Dairy,Breakfast,11.3,6.8,16.3,9.3,8.7,927,222,455,4.49
Grains,Lunch,30.8,11.4,26.0,6.9,45.8,897,485,120,6.94
Meat,Snack,16.3,23.6,1.5,0.5,3.4,221,959,391,0.4
Meat,Snack,8.0,59.2,36.8,2.1,30.9,951,754,165,6.68
Meat,Lunch,5.0,80.2,40.1,1.7,1.1,537,771,405,9.65
Dairy,Dinner,40.0,90.4,18.0,0.0,26.1,26,732,459,3.81
Grains,Snack,16.6,89.0,24.2,5.3,40.5,146,858,576,4.46
Fruits,Breakfast,19.9,24.7,14.2,3.7,43.3,137,305,452,3.21
Fruits,Dinner,8.7,61.2,45.2,1.4,6.7,930,830,592,9.54
Fruits,Lunch,10.0,75.7,16.4,8.6,42.2,549,861,393,2.92
Beverages,Dinner,3.9,56.3,39.1,5.2,40.7,273,623,594,6.67
Snacks,Dinner,13.2,32.4,37.2,1.7,8.9,363,691,361,8.5
Beverages,Breakfast,9.3,13.8,5.9,7.9,27.1,441,795,384,1.32
Meat,Snack,37.3,44.0,37.9,4.6,35.1,421,529,585,8.73
Grains,Snack,19.3,46.5,42.6,2.1,47.6,411,634,98,8.64
Grains,Lunch,48.4,71.3,42.2,3.1,39.8,416,870,227,9.34
Beverages,Dinner,25.5,20.8,45.5,2.5,27.4,864,303,215,11.21
Fruits,Lunch,12.2,73.3,10.7,1.5,17.3,6,378,456,2.07
Grains,Dinner,33.2,99.1,41.7,2.3,25.0,175,957,145,8.51
Meat,Snack,12.7,46.0,12.6,1.5,44.2,342,664,195,2.42
Vegetables,Breakfast,11.2,42.4,23.0,1.8,9.2,414,167,266,4.97
Meat,Dinner,28.3,62.7,11.0,2.2,22.7,87,669,452,2.36
Beverages,Dinner,26.8,78.4,21.9,8.8,43.5,194,985,438,4.34
Grains,Breakfast,25.1,92.0,14.0,1.0,1.5,791,161,309,3.62
Grains,Lunch,38.1,31.0,4.6,5.6,46.7,320,208,51,1.11
Fruits,Breakfast,5.9,93.9,8.9,1.9,47.3,955,919,495,1.5
Vegetables,Lunch,39.8,52.7,37.9,0.6,2.8,671,306,518,10.53
Grains,Lunch,18.3,81.6,16.5,1.2,42.5,817,292,558,3.1
Grains,Lunch,33.0,64.8,36.3,5.1,46.5,767,470,502,7.62
Meat,Dinner,16.8,85.1,46.8,0.1,11.8,531,572,510,9.56
Snacks,Breakfast,7.3,92.0,11.1,6.4,49.8,971,538,597,1.89
Grains,Snack,10.3,93.7,37.6,5.9,45.8,464,165,50,6.56
Vegetables,Lunch,46.3,19.1,17.5,6.4,13.2,451,722,540,4.94
Grains,Snack,42.3,29.3,9.4,6.7,21.7,328,429,531,2.41
Vegetables,Breakfast,15.3,22.1,48.4,0.2,16.7,850,284,478,11.27
Snacks,Dinner,24.1,75.5,3.3,0.2,33.2,419,180,577,0.66
Fruits,Lunch,41.0,19.6,45.2,8.8,10.5,743,968,380,12.75
Snacks,Lunch,6.2,8.0,30.5,5.2,24.0,621,359,383,6.97
Meat,Lunch,37.2,79.3,44.7,9.4,15.6,470,941,343,9.91
Snacks,Lunch,22.5,88.0,13.3,9.2,41.4,395,942,72,2.54
Fruits,Breakfast,3.3,49.3,27.5,0.1,23.6,544,150,290,4.86
Beverages,Lunch,40.1,29.1,20.9,4.2,18.2,960,275,219,5.38
Dairy,Breakfast,2.0,97.4,32.8,2.1,4.4,913,586,203,6.76
Meat,Breakfast,24.9,82.5,30.9,4.7,48.9,348,703,456,5.99
Snacks,Dinner,16.0,97.7,2.8,2.6,47.5,519,988,253,0.51
Grains,Lunch,44.9,67.7,8.9,6.3,44.9,802,815,141,1.95
Vegetables,Breakfast,31.9,33.5,27.7,1.8,33.4,692,568,216,6.51
Meat,Breakfast,24.2,93.2,30.6,3.4,18.2,604,714,320,6.19
Fruits,Breakfast,1.4,65.8,18.4,1.5,30.3,808,305,403,3.08
Vegetables,Breakfast,6.5,89.2,29.2,7.5,20.1,341,982,564,5.26
Snacks,Dinner,39.6,61.1,37.9,6.3,49.3,96,278,159,8.25
Fruits,Snack,17.3,58.2,12.6,6.9,16.1,995,768,307,2.62
Beverages,Dinner,46.4,49.7,32.9,4.8,48.8,570,377,405,7.6
Meat,Snack,18.3,84.3,18.6,2.7,50.0,938,742,130,3.45
Dairy,Lunch,23.7,98.7,21.2,2.1,12.1,696,440,384,4.41
Dairy,Breakfast,36.5,70.8,28.9,6.8,15.6,886,526,599,6.5
Beverages,Lunch,13.7,31.8,20.1,1.1,29.5,605,314,403,4.19
Beverages,Snack,34.0,34.1,26.8,7.8,32.5,47,720,445,6.36
Snacks,Breakfast,25.4,74.9,1.8,3.1,19.5,280,427,543,0.37
Vegetables,Lunch,5.8,8.2,6.8,6.5,13.8,285,486,538,1.6
Meat,Snack,27.9,93.1,26.2,5.4,10.8,639,962,512,5.66
Beverages,Dinner,47.0,91.5,1.5,5.7,45.8,481,553,446,0.32
Beverages,Dinner,21.3,20.2,43.3,6.9,47.0,709,640,332,10.17
Beverages,Breakfast,10.1,75.1,26.9,7.2,2.7,205,420,208,6.25
Dairy,Dinner,21.9,53.6,45.8,2.3,8.0,49,655,528,10.6
Beverages,Breakfast,21.9,56.6,47.1,5.4,8.6,192,582,146,10.74
Dairy,Snack,7.4,95.6,31.2,6.9,5.6,595,421,141,6.48
Vegetables,Breakfast,45.6,57.9,6.8,3.1,15.8,320,650,376,1.63
Meat,Snack,19.0,81.5,24.0,9.3,11.0,116,136,79,5.02
Dairy,Snack,8.6,97.1,4.9,5.7,0.6,681,307,499,1.23
Vegetables,Breakfast,16.3,41.8,15.2,3.5,43.1,716,903,289,3.07
Dairy,Dinner,41.7,30.4,24.6,0.1,27.1,136,101,66,6.18
Beverages,Lunch,2.3,90.7,7.1,6.7,15.8,42,268,188,1.26
Fruits,Breakfast,2.7,43.6,46.5,6.5,26.0,314,639,199,8.12
Grains,Dinner,22.7,75.6,46.8,9.3,0.1,186,338,270,13.21
Dairy,Lunch,26.6,73.0,3.9,7.6,14.0,56,188,353,0.84
Vegetables,Breakfast,40.9,72.2,47.5,5.7,10.0,490,427,576,11.26
Fruits,Dinner,36.3,53.5,2.1,5.8,43.1,241,102,371,0.46
Vegetables,Lunch,49.1,5.9,21.5,4.4,14.4,105,862,183,6.61
Snacks,Dinner,42.3,82.7,5.2,9.2,22.6,605,154,441,1.14
Beverages,Lunch,2.0,89.3,2.9,5.0,46.9,645,346,209,0.47
Beverages,Dinner,3.8,73.1,8.5,9.2,24.1,855,312,57,1.48
Dairy,Lunch,3.5,40.9,33.8,1.3,10.8,605,943,125,6.53
Grains,Dinner,46.8,90.4,10.4,3.9,32.1,282,193,553,2.23
Dairy,Snack,48.0,13.8,36.5,2.6,45.3,647,360,509,10.02
Fruits,Breakfast,12.4,51.7,4.8,4.3,30.1,445,532,292,0.93
Meat,Breakfast,24.5,99.3,19.6,6.0,47.3,506,932,293,3.7
Dairy,Snack,42.5,42.5,10.7,5.4,48.8,675,310,594,2.5
Grains,Dinner,29.8,49.6,22.7,1.4,44.3,498,347,345,4.9
Meat,Snack,22.7,87.4,10.1,2.8,25.7,527,317,226,1.99
Fruits,Snack,20.9,30.4,11.2,6.9,36.9,984,470,117,2.49
Beverages,Breakfast,2.9,81.9,44.3,8.6,40.3,57,488,314,7.36
Snacks,Snack,43.4,23.0,26.8,3.7,47.1,445,432,79,6.87
Beverages,Dinner,24.3,98.2,2.1,2.4,30.1,511,640,427,0.41
Fruits,Snack,29.6,89.4,2.6,2.9,37.7,865,463,267,0.52
Snacks,Dinner,48.0,32.2,32.8,6.6,27.8,470,974,422,8.33
Beverages,Lunch,49.5,72.7,21.5,5.1,44.1,869,518,362,4.74
Dairy,Snack,6.7,72.1,24.6,2.0,49.8,342,866,318,4.22
Snacks,Lunch,44.8,35.8,27.9,9.4,25.9,60,722,350,6.93
Fruits,Lunch,35.8,54.2,42.5,6.5,11.6,79,168,294,10.16
Fruits,Lunch,46.4,50.3,47.7,1.2,20.3,136,467,353,11.5
Vegetables,Snack,37.2,25.5,26.2,1.3,7.7,102,266,416,7.26
Grains,Breakfast,15.2,29.2,30.6,3.2,47.3,567,293,227,6.42
Meat,Breakfast,4.6,8.6,38.8,3.8,30.1,0,557,538,8.26
Grains,Snack,23.6,57.9,18.0,6.2,29.3,620,450,416,3.73
Snacks,Lunch,20.1,87.8,26.7,7.9,20.3,103,808,327,5.27
Meat,Dinner,10.3,70.0,11.6,1.6,13.8,999,672,582,2.27
Beverages,Dinner,43.6,65.5,31.6,5.1,46.6,655,579,505,6.92
Grains,Snack,20.6,70.7,39.7,1.5,29.1,956,948,280,7.87
Meat,Snack,11.1,60.8,38.7,2.9,16.1,662,603,522,7.61
Dairy,Lunch,28.1,94.0,2.4,3.2,17.0,876,604,296,0.5
Grains,Dinner,45.2,15.1,42.7,3.1,30.6,902,427,587,11.73
Dairy,Snack,38.3,64.5,3.3,5.0,6.0,216,982,228,0.83
Beverages,Snack,40.0,35.0,49.7,1.3,17.5,624,253,150,12.48
Vegetables,Breakfast,45.6,42.9,17.6,5.9,1.4,649,827,259,5.36
Beverages,Dinner,46.0,61.6,18.6,10.0,33.5,95,799,548,4.21
Snacks,Snack,34.3,99.5,3.4,0.7,48.7,600,510,50,0.67
Beverages,Lunch,26.0,78.1,28.9,2.7,45.5,585,534,154,5.69
Meat,Dinner,23.7,11.0,37.1,8.9,41.4,246,578,316,9.66
Meat,Breakfast,33.8,88.6,8.6,8.0,29.8,843,270,364,1.77
Dairy,Lunch,7.7,33.6,27.6,4.1,10.8,160,907,221,5.77
Vegetables,Dinner,29.0,79.0,19.6,3.2,1.4,812,600,166,5.25
Beverages,Breakfast,47.4,58.8,24.4,5.0,29.4,715,195,551,5.63
Snacks,Lunch,44.7,20.6,7.2,6.0,27.5,519,253,567,1.92
Meat,Breakfast,31.3,92.7,8.9,9.4,47.2,350,474,295,1.75
Grains,Snack,11.9,16.4,7.7,6.5,19.8,809,767,320,1.78
Beverages,Lunch,24.4,42.2,22.5,2.5,5.6,60,411,91,5.65
Fruits,Lunch,20.9,11.1,25.1,7.9,46.7,657,299,378,6.39
Beverages,Lunch,46.2,63.0,16.2,3.0,30.7,41,419,453,3.68
Dairy,Dinner,43.3,25.9,47.2,9.3,2.7,523,584,106,14.51
Snacks,Dinner,15.7,61.9,38.1,3.7,23.3,836,349,153,7.53
Fruits,Snack,42.0,36.4,43.8,4.4,2.1,489,751,158,13.13
Snacks,Dinner,33.8,67.9,26.9,3.4,25.5,115,192,509,5.8
Meat,Snack,1.8,39.8,7.1,4.3,48.0,409,225,328,1.18
Beverages,Dinner,31.4,10.8,21.3,9.2,35.2,664,671,70,5.78
Snacks,Lunch,1.2,6.4,32.0,2.2,21.4,495,577,373,6.08
Fruits,Dinner,9.7,39.8,30.2,4.6,2.9,763,551,131,7.31
Fruits,Snack,12.2,42.4,10.9,7.3,40.0,282,422,136,2.11
Vegetables,Breakfast,34.2,30.8,19.6,6.3,15.4,652,671,534,4.94
Vegetables,Snack,17.3,42.5,6.6,6.5,13.7,818,141,75,1.45
Beverages,Lunch,24.9,38.4,17.0,6.5,18.4,892,389,593,3.9
Vegetables,Snack,36.5,31.8,46.8,0.4,47.1,571,293,218,11.17
Meat,Lunch,48.4,11.9,26.9,4.7,47.1,32,526,182,7.48
Snacks,Lunch,37.1,24.9,13.7,5.4,14.1,950,802,127,3.62
Snacks,Dinner,1.1,68.5,25.3,0.7,4.3,610,515,345,5.21
Meat,Snack,34.3,32.8,2.9,6.0,14.6,435,241,391,0.73
Beverages,Breakfast,19.0,10.1,8.4,5.3,33.7,754,472,439,2.16
Fruits,Lunch,10.4,96.8,42.6,4.5,7.0,616,940,124,8.78
Dairy,Dinner,17.6,58.7,45.3,7.3,34.3,594,613,600,8.92
Snacks,Snack,2.5,45.6,5.3,7.7,28.2,253,408,260,0.92
Grains,Snack,31.6,67.7,20.5,2.7,10.5,793,870,237,4.71
Vegetables,Breakfast,24.4,27.5,25.2,0.5,28.6,922,699,388,5.9
Meat,Snack,37.1,22.1,35.5,3.9,27.5,220,964,259,9.15
Grains,Breakfast,40.7,98.9,33.0,6.5,3.2,412,609,194,8.4
Vegetables,Snack,4.2,81.3,22.9,0.9,13.6,172,353,167,4.22
Beverages,Lunch,11.8,93.8,4.1,5.4,15.1,641,972,348,0.79
Dairy,Dinner,4.0,14.1,15.6,6.1,13.3,787,866,424,3.26
Grains,Breakfast,12.1,64.0,10.4,2.9,19.1,182,955,185,2.02
Fruits,Snack,44.0,6.4,12.6,3.9,5.9,360,328,301,4.09
Snacks,Lunch,27.2,6.5,32.3,0.2,9.9,945,337,406,9.73
Dairy,Breakfast,47.0,93.0,34.7,7.9,0.7,830,721,84,9.98
Beverages,Dinner,45.5,14.6,36.8,0.8,25.6,832,694,470,10.23
Fruits,Lunch,25.7,35.7,6.3,7.7,16.8,207,200,162,1.48
Vegetables,Snack,29.9,45.9,18.2,2.1,2.6,247,276,547,4.99
Grains,Lunch,2.5,87.1,23.5,5.5,34.1,519,254,122,3.92
Vegetables,Snack,13.9,12.8,26.7,0.4,22.2,187,194,507,6.51
Grains,Breakfast,3.2,68.7,36.2,8.9,36.6,841,823,199,6.1
Meat,Breakfast,35.7,28.1,34.7,5.2,30.1,903,656,269,8.57
Snacks,Dinner,28.8,75.8,20.4,9.5,31.4,957,860,420,4.17
Beverages,Snack,44.2,25.2,9.7,6.2,14.5,362,344,576,2.62
Snacks,Dinner,43.2,59.4,14.7,8.8,5.9,256,179,141,3.8
Vegetables,Breakfast,12.5,52.3,8.8,8.2,33.2,848,106,180,1.69
Snacks,Breakfast,36.8,90.9,49.6,2.6,21.9,445,398,362,10.49
Meat,Lunch,31.4,38.8,24.4,5.5,30.0,951,146,306,5.62
Snacks,Breakfast,22.6,67.0,5.1,3.3,13.4,244,764,117,1.09
Vegetables,Lunch,31.6,90.3,29.7,7.1,9.9,254,605,561,6.6
Snacks,Snack,11.1,8.4,3.2,2.3,13.2,744,395,516,0.83
Beverages,Breakfast,42.9,19.4,25.6,3.8,4.8,303,379,357,7.75
Beverages,Snack,24.4,79.3,5.7,6.0,45.3,590,744,600,1.11
Dairy,Lunch,23.1,46.7,27.0,3.9,22.3,43,235,502,5.87
Beverages,Breakfast,27.9,32.1,7.9,6.3,48.6,514,770,341,1.8
Vegetables,Breakfast,31.7,19.1,25.4,3.9,17.1,455,444,323,6.72
Beverages,Breakfast,31.5,15.9,19.7,0.7,19.7,795,146,173,5.28
Grains,Breakfast,31.1,12.9,19.0,2.0,33.1,606,109,450,5.07
Fruits,Dinner,17.8,17.0,11.2,7.3,10.8,654,132,391,2.87
Meat,Lunch,2.3,77.6,39.0,0.3,23.9,725,832,50,6.69
Dairy,Dinner,44.1,91.8,7.2,9.2,8.7,507,573,478,1.69
Vegetables,Lunch,37.3,88.8,42.0,4.3,21.5,218,581,285,8.94
Meat,Snack,47.3,58.6,49.5,7.6,33.0,273,494,166,11.36
Dairy,Breakfast,3.5,66.2,23.6,4.6,3.5,223,930,461,5.1
Grains,Dinner,38.2,15.8,6.0,5.0,29.3,805,701,426,1.61
Meat,Dinner,48.7,79.3,27.7,3.9,17.5,957,457,460,6.34
Beverages,Snack,1.6,44.1,30.8,1.7,47.2,685,859,70,5.07
Snacks,Snack,3.1,99.3,12.7,6.0,12.5,664,296,596,2.32
Vegetables,Breakfast,23.2,21.0,20.4,3.3,25.6,287,246,403,4.96
Grains,Snack,38.2,68.6,48.1,7.0,1.5,980,565,75,13.47
Snacks,Breakfast,22.1,63.0,1.5,3.3,39.9,99,990,576,0.3
Dairy,Snack,21.0,49.7,47.8,4.6,33.3,395,399,225,9.89
Grains,Lunch,16.5,43.2,23.9,3.4,2.9,212,674,240,6.07
Snacks,Snack,14.5,37.3,20.4,6.0,0.2,727,643,595,5.86
Meat,Dinner,12.0,27.2,18.2,4.6,43.8,47,355,54,3.73
Dairy,Snack,18.6,52.1,43.7,7.8,47.6,428,366,72,8.67
Beverages,Lunch,44.4,63.7,49.3,8.2,32.0,711,578,465,11.07
Meat,Snack,36.5,66.2,25.5,0.6,31.4,370,305,567,5.52
Snacks,Snack,18.0,89.2,15.9,6.6,32.5,412,425,215,2.99
Fruits,Lunch,33.5,45.0,46.4,9.5,33.5,483,583,567,10.5
Beverages,Snack,23.7,11.2,4.8,7.7,34.6,614,608,502,1.26
Snacks,Breakfast,14.0,7.9,33.3,9.5,33.1,218,954,474,8.49
Snacks,Lunch,38.9,99.4,13.6,6.0,28.2,468,561,303,2.81
Dairy,Breakfast,48.5,74.7,46.8,5.0,0.7,151,596,397,13.87
Grains,Breakfast,8.8,34.9,37.2,1.9,39.1,294,385,101,7.1
Fruits,Breakfast,35.9,19.8,18.3,2.9,31.9,574,720,338,4.73
Meat,Snack,18.6,74.3,20.3,6.9,19.2,845,227,541,4.07
Beverages,Dinner,8.6,66.9,38.6,4.6,30.1,127,763,502,6.99
Beverages,Lunch,31.0,69.0,46.3,1.0,22.3,77,204,293,9.92
Beverages,Breakfast,41.8,23.9,38.6,5.2,5.1,168,645,164,11.33
Grains,Lunch,18.1,72.8,35.4,2.4,30.2,760,748,161,6.86
Meat,Breakfast,4.5,54.8,23.9,3.8,45.9,558,317,263,4.09
Vegetables,Snack,9.9,10.6,30.0,4.6,1.6,714,565,86,8.84
Fruits,Dinner,16.4,87.9,7.8,6.1,11.0,573,453,564,1.6
Vegetables,Snack,36.7,69.9,10.3,0.1,28.2,607,764,53,2.23
Beverages,Dinner,16.1,57.6,34.7,9.2,41.9,234,859,389,6.7
Dairy,Dinner,9.1,16.6,2.1,3.8,46.7,837,650,594,0.44
Fruits,Breakfast,34.1,17.4,20.9,9.4,42.4,825,405,198,5.39
Dairy,Lunch,42.7,31.9,30.5,7.5,17.1,270,623,494,7.85
Beverages,Dinner,35.6,63.5,6.2,5.0,49.6,629,951,84,1.32
Vegetables,Dinner,3.8,64.3,44.4,4.9,45.6,486,546,525,7.46
Snacks,Lunch,36.3,60.5,34.4,7.9,37.2,870,631,499,7.48
Fruits,Lunch,38.0,58.1,37.5,1.0,17.2,237,958,549,8.67
Beverages,Dinner,27.1,33.6,28.9,2.7,7.1,983,202,371,7.43
Fruits,Lunch,45.5,26.9,5.5,9.5,30.9,202,157,436,1.41
Fruits,Snack,17.5,73.8,19.5,7.9,17.2,21,931,298,3.92
Meat,Lunch,15.1,71.4,13.2,8.7,39.6,233,689,424,2.47
Snacks,Snack,5.2,41.0,23.5,6.9,11.1,151,263,202,4.64
Fruits,Snack,47.6,68.4,1.7,1.7,3.6,646,827,406,0.46
Vegetables,Breakfast,45.7,8.6,19.0,5.7,27.9,221,217,499,5.49
Fruits,Snack,42.4,75.7,3.8,6.5,2.4,697,760,120,1.03
Grains,Snack,25.9,98.5,44.6,6.4,9.8,780,288,259,9.58
Meat,Breakfast,2.9,67.5,20.1,2.0,16.3,866,388,452,3.61
Meat,Snack,38.9,80.6,37.9,7.6,14.4,916,860,366,8.5
Grains,Dinner,17.6,40.8,40.4,0.7,16.2,456,622,167,8.81
Vegetables,Snack,48.0,87.1,23.4,9.4,21.2,27,638,316,5.19
Beverages,Snack,35.1,74.3,34.4,9.1,27.5,669,464,334,7.33
Meat,Lunch,13.8,36.3,27.9,6.2,35.7,686,919,426,5.66
Beverages,Breakfast,10.8,72.3,11.0,4.6,15.1,631,872,218,2.14
Fruits,Snack,35.5,77.3,10.9,1.0,5.3,430,542,422,2.67
Beverages,Lunch,4.7,41.9,5.0,6.3,2.5,651,463,244,1.16
Meat,Lunch,39.5,7.7,36.7,4.4,27.8,86,728,592,10.58
Grains,Snack,30.1,20.9,20.6,1.0,13.0,754,192,184,5.45
Beverages,Breakfast,38.5,29.9,11.4,0.1,31.6,749,923,291,2.81
Vegetables,Dinner,31.8,90.3,7.4,8.4,24.7,89,620,557,1.52
Dairy,Breakfast,2.3,24.4,32.9,7.3,43.5,517,114,413,5.68
Meat,Breakfast,6.8,38.8,16.7,5.0,13.7,236,101,275,3.32
Fruits,Breakfast,20.3,46.5,32.0,3.2,2.1,964,386,239,8.49
Vegetables,Dinner,32.9,85.6,3.3,5.3,26.9,308,502,326,0.68
Snacks,Snack,33.6,46.1,26.0,7.7,5.1,932,140,535,6.81
Grains,Lunch,28.7,95.1,25.4,1.0,24.1,231,461,401,5.12
Beverages,Snack,46.9,57.0,44.9,4.6,6.2,890,554,425,11.75
Fruits,Snack,16.8,11.9,45.2,0.1,48.5,182,786,103,11.04
Meat,Dinner,40.9,91.6,10.2,4.4,5.2,675,707,579,2.5
Beverages,Lunch,17.9,65.1,4.7,2.5,16.1,589,395,407,0.97
Snacks,Snack,30.6,29.8,12.6,6.1,9.6,614,432,385,3.26
Beverages,Lunch,29.9,99.6,47.1,2.0,4.1,158,369,459,11.27
Dairy,Breakfast,2.3,99.8,26.3,3.2,12.9,193,333,230,4.77
Dairy,Snack,48.4,15.1,33.2,5.1,40.4,583,806,298,9.08
Beverages,Breakfast,43.6,80.6,48.2,8.7,46.5,622,820,316,10.22
Meat,Dinner,26.0,87.2,25.6,4.7,41.1,683,571,562,4.99
Meat,Snack,22.0,78.0,20.1,6.7,39.2,142,500,547,3.9
Vegetables,Snack,20.5,17.6,23.4,2.1,11.0,400,276,166,6.08
Vegetables,Snack,20.0,47.3,41.6,8.7,6.6,833,251,215,9.86
Grains,Breakfast,37.6,46.0,15.6,0.3,45.7,470,550,101,3.53
Dairy,Breakfast,5.6,68.6,1.6,2.9,18.5,340,821,437,0.29
Grains,Dinner,15.6,65.5,8.1,0.2,38.2,483,960,522,1.54
Grains,Breakfast,20.6,72.3,26.6,0.5,31.2,256,190,68,5.23
Grains,Snack,1.9,69.2,8.6,5.9,5.2,594,687,555,1.75
Beverages,Dinner,22.2,26.9,3.5,9.1,42.3,188,145,561,0.79
Fruits,Breakfast,21.4,95.7,37.7,4.4,18.6,232,619,233,7.48
Snacks,Lunch,32.4,71.9,22.5,4.6,49.8,664,539,588,4.62
Meat,Dinner,26.7,48.7,20.3,7.7,30.3,173,878,470,4.4
Meat,Breakfast,33.0,63.6,15.8,5.5,15.2,157,189,340,3.56
Dairy,Breakfast,25.9,29.7,8.7,0.3,5.5,625,690,303,2.32
Dairy,Snack,47.9,33.5,49.5,0.9,8.8,762,816,136,13.53
Beverages,Snack,27.9,89.5,46.4,8.7,39.3,154,142,189,9.12
Snacks,Dinner,3.1,15.6,31.7,8.3,18.7,607,704,243,6.17
Meat,Snack,2.4,56.5,16.4,1.7,23.4,971,103,89,2.85
Meat,Breakfast,10.7,25.2,38.6,9.2,48.9,235,622,326,7.83
Snacks,Snack,3.7,49.4,16.7,0.3,19.8,48,314,191,3.01
Dairy,Breakfast,1.9,24.8,32.9,1.9,20.0,343,844,71,5.93
Beverages,Lunch,38.4,43.1,38.2,2.1,27.3,85,650,313,8.99
Meat,Snack,20.3,86.7,1.3,5.7,27.8,924,793,339,0.25
Dairy,Breakfast,14.4,6.9,25.2,5.5,20.3,293,241,219,6.72
Fruits,Lunch,37.6,51.8,43.0,2.9,23.3,328,795,357,9.89
Meat,Snack,34.9,6.4,26.9,6.5,7.7,349,876,178,8.42
Vegetables,Lunch,47.0,92.4,47.7,7.1,18.4,152,356,457,10.57
Fruits,Breakfast,9.6,12.6,28.1,3.8,14.0,930,858,244,6.7
Fruits,Lunch,28.5,27.0,22.7,5.7,10.6,126,354,470,5.85
Dairy,Dinner,10.6,27.1,39.7,9.5,38.6,567,383,490,8.04
Beverages,Lunch,36.8,73.1,19.7,3.7,30.4,907,735,259,4.21
Beverages,Dinner,10.1,84.0,7.1,0.1,37.8,362,940,303,1.26
Fruits,Dinner,20.1,76.7,22.9,9.3,31.1,683,800,58,4.46
Vegetables,Snack,40.7,38.1,10.9,7.5,20.4,0,364,592,2.68
Dairy,Dinner,35.0,41.2,3.7,4.4,10.8,697,591,155,0.92
Grains,Snack,48.2,29.0,49.4,7.0,20.1,456,133,526,12.96
Fruits,Dinner,22.8,35.3,22.7,1.9,29.6,555,430,537,5.05
Beverages,Lunch,49.6,31.9,19.0,7.2,34.7,579,474,180,4.8
Meat,Snack,45.2,5.7,24.4,7.6,47.5,566,666,376,7.08
Meat,Snack,43.2,39.8,2.3,2.5,41.3,723,828,356,0.55
Snacks,Breakfast,36.4,76.5,21.6,9.9,3.9,538,507,258,5.49
Fruits,Lunch,45.2,63.3,43.4,6.5,30.8,297,789,78,9.8
Beverages,Lunch,21.7,84.9,40.8,8.1,15.8,22,833,566,8.34
Snacks,Breakfast,23.8,55.9,47.7,7.9,2.8,786,364,88,12.32
Fruits,Snack,16.3,21.7,9.1,2.3,46.8,27,366,484,2.02
Beverages,Dinner,17.7,96.4,29.0,3.2,0.2,676,344,425,7.81
Dairy,Snack,41.0,51.5,7.0,4.7,20.6,54,378,588,1.65
Fruits,Lunch,45.7,50.2,12.3,7.4,28.2,270,446,209,2.9
Dairy,Lunch,11.2,48.9,29.7,9.8,38.3,763,334,416,5.61
Fruits,Lunch,40.6,87.5,24.4,8.9,11.1,223,726,538,5.57
Vegetables,Breakfast,24.4,65.5,12.2,4.3,29.3,642,234,270,2.5
Fruits,Breakfast,6.1,82.3,27.8,0.8,7.4,49,406,292,5.58
Meat,Lunch,23.5,47.3,21.7,2.2,35.0,320,378,522,4.59
Fruits,Breakfast,8.6,17.6,31.0,0.6,0.6,252,225,61,8.89
Vegetables,Snack,20.7,41.8,25.0,8.1,0.8,561,224,575,7.13
Beverages,Breakfast,1.9,21.6,15.6,4.2,1.0,670,723,160,3.82
Snacks,Lunch,22.0,27.5,40.2,8.3,32.4,459,541,570,9.19
Snacks,Lunch,15.1,61.8,30.2,1.2,25.9,38,855,585,5.9
Dairy,Snack,39.6,77.3,15.5,9.6,43.9,893,899,495,3.26
Dairy,Dinner,18.6,74.5,20.6,8.1,12.7,703,696,72,4.28
Dairy,Lunch,8.6,5.9,16.6,6.8,35.6,323,116,404,4.08
Beverages,Snack,40.4,72.8,39.0,8.7,47.9,817,930,204,8.29
Snacks,Dinner,24.3,58.3,9.1,5.5,39.6,7,287,426,1.86
Dairy,Lunch,19.3,88.7,6.2,0.3,12.1,878,492,165,1.28
Meat,Lunch,9.9,88.5,27.4,5.0,17.1,273,569,574,5.14
Beverages,Lunch,36.0,50.6,32.9,6.6,17.8,919,226,549,7.68
Grains,Snack,34.5,10.0,11.5,9.2,19.7,105,333,239,3.27
Dairy,Snack,10.2,38.5,37.3,4.3,25.8,602,948,80,7.35
Fruits,Dinner,3.8,26.5,33.0,7.3,10.3,601,734,368,6.63
Grains,Snack,7.7,49.7,34.7,8.9,46.7,770,888,561,6.23
Snacks,Dinner,16.3,68.3,9.4,2.5,30.6,72,314,276,1.81
Grains,Snack,46.2,73.4,16.1,2.0,24.7,274,930,78,3.61
Fruits,Dinner,22.2,94.7,15.5,5.8,33.6,72,134,467,2.96
Grains,Snack,22.7,9.5,42.1,6.3,43.4,880,410,573,11.07
Beverages,Dinner,46.7,5.1,17.7,6.5,9.2,910,458,459,5.63
Snacks,Snack,46.2,20.2,48.3,9.9,36.5,941,491,449,12.79
Vegetables,Dinner,28.6,10.8,23.6,1.3,33.2,824,940,248,6.35
Grains,Snack,27.3,50.7,31.2,8.2,39.3,527,946,581,6.65
Snacks,Breakfast,40.4,75.5,20.0,7.1,33.6,301,404,457,4.3
Fruits,Lunch,28.6,89.8,43.2,8.6,12.5,726,956,333,9.27
Vegetables,Dinner,9.1,46.5,6.8,0.4,7.4,329,812,311,1.46
Beverages,Lunch,14.1,72.2,44.9,9.2,41.8,36,500,447,8.3
Dairy,Dinner,22.9,28.5,46.4,10.0,10.3,137,275,260,11.52
Beverages,Lunch,10.5,80.2,23.3,1.6,0.0,998,489,163,6.23
Vegetables,Breakfast,44.1,43.5,43.2,0.1,5.3,416,606,370,11.8
Beverages,Breakfast,4.8,9.2,36.4,3.2,11.2,31,404,581,8.33
Beverages,Breakfast,9.9,61.1,24.7,6.4,28.3,281,864,164,4.59
Grains,Breakfast,47.9,54.6,44.4,4.9,41.1,195,423,512,10.22
Beverages,Snack,16.9,60.4,33.7,9.2,15.5,256,437,108,6.97
Dairy,Lunch,17.8,40.5,11.5,7.4,34.3,444,832,133,2.39
Meat,Breakfast,4.8,34.0,37.1,5.1,40.4,207,644,279,6.64
Snacks,Lunch,28.6,71.4,45.6,6.6,41.8,182,325,545,9.26
Dairy,Breakfast,30.8,13.5,47.3,7.5,19.6,871,765,68,12.88
Snacks,Lunch,24.1,37.7,35.4,0.6,20.8,889,366,258,8.03
Snacks,Dinner,7.4,70.3,33.3,9.6,18.7,510,328,535,6.17
Fruits,Dinner,9.2,65.6,9.9,4.2,46.7,800,313,265,1.76
Snacks,Snack,6.0,32.1,30.8,1.7,20.1,91,313,303,5.94
Snacks,Snack,18.8,19.0,25.4,5.1,5.1,723,685,507,6.91
Grains,Snack,14.3,19.1,16.0,5.0,41.1,166,904,269,3.57
Grains,Dinner,24.1,34.3,20.7,2.1,32.3,920,736,154,4.64
Vegetables,Lunch,49.5,60.5,32.8,7.8,4.4,94,125,587,8.86
Dairy,Dinner,11.8,52.5,29.0,6.2,46.8,136,424,235,5.42
Fruits,Snack,44.6,5.7,18.6,9.3,42.0,358,950,116,5.41
Grains,Snack,9.0,80.4,7.0,8.1,47.4,94,978,320,1.22
Meat,Snack,36.0,53.6,31.4,7.4,23.4,682,622,147,7.13
Vegetables,Snack,18.2,72.4,3.0,8.1,29.4,835,342,181,0.58
Grains,Snack,44.0,49.5,31.4,7.5,6.9,393,520,139,8.22
Fruits,Snack,10.9,32.5,15.3,4.2,11.9,46,450,363,3.31
Snacks,Dinner,25.2,63.9,39.1,7.0,13.1,648,217,348,8.59
Vegetables,Breakfast,26.8,9.1,34.3,1.4,41.2,856,255,374,9.25
Beverages,Breakfast,4.1,13.9,33.5,8.4,39.5,979,876,399,6.49
Beverages,Lunch,1.4,27.9,11.0,0.5,26.1,223,554,320,1.9
Dairy,Breakfast,11.1,41.7,3.3,0.1,7.0,602,846,477,0.73
Grains,Snack,7.0,34.6,19.9,7.7,45.9,217,313,502,3.67
Grains,Snack,11.2,15.0,36.1,0.4,21.0,562,972,204,8.34
Vegetables,Snack,41.7,41.9,12.8,6.1,24.4,583,690,130,3.08
Vegetables,Snack,16.9,11.3,41.2,3.5,25.8,448,987,544,10.43
Dairy,Breakfast,47.6,94.8,21.2,9.6,7.0,466,935,332,5.12
Beverages,Snack,32.2,94.3,35.6,8.8,15.4,200,660,190,7.56
Snacks,Snack,23.2,97.1,30.0,1.6,38.0,408,271,432,5.71
Meat,Dinner,47.1,98.9,30.0,2.7,41.1,781,568,368,6.27
Snacks,Lunch,20.9,92.6,7.8,8.0,3.2,524,196,251,1.86
Fruits,Breakfast,23.2,24.7,18.2,4.8,37.5,833,858,458,4.24
Fruits,Snack,44.3,12.6,14.6,5.4,20.8,313,500,296,4.15
Beverages,Dinner,23.0,80.1,31.0,6.8,30.2,21,871,266,6.12
Fruits,Breakfast,25.6,25.7,44.2,7.6,14.4,316,151,64,11.01
Grains,Breakfast,38.9,42.6,30.8,5.0,21.5,558,658,87,7.38
Beverages,Snack,8.8,78.3,16.0,0.5,39.6,980,808,310,2.82
Snacks,Dinner,45.9,38.8,38.4,3.0,8.7,576,188,161,10.25
Vegetables,Lunch,39.8,67.2,22.3,1.1,6.8,304,515,149,5.52
Fruits,Breakfast,47.8,23.3,24.2,10.0,25.0,941,603,208,6.44
Snacks,Dinner,40.6,85.0,20.4,2.0,37.4,2,542,462,4.28
Beverages,Breakfast,34.0,73.2,19.3,0.5,24.6,622,100,279,4.13
Meat,Breakfast,11.7,33.2,31.6,9.6,35.3,204,599,89,6.34
Snacks,Dinner,29.0,84.7,15.7,5.4,15.9,493,233,436,3.33
Grains,Lunch,39.7,44.2,21.8,5.2,7.9,506,349,235,5.64
Vegetables,Dinner,17.8,14.1,38.1,6.9,4.8,447,689,426,10.75
Vegetables,Lunch,8.2,41.9,16.0,1.7,6.3,918,849,75,3.49
Vegetables,Snack,36.1,39.0,31.6,7.0,1.2,371,688,529,9.54
Snacks,Snack,19.5,41.6,25.8,3.9,18.1,446,805,76,5.64
Dairy,Snack,2.5,48.7,17.0,3.7,18.5,475,420,144,3.03
Snacks,Lunch,47.5,84.8,16.3,6.9,40.6,10,703,149,3.49
Snacks,Breakfast,23.8,16.5,16.1,2.9,48.3,189,880,377,3.96
Dairy,Dinner,43.6,72.1,23.4,2.3,32.0,439,292,345,5.14
Beverages,Dinner,31.3,66.2,11.9,2.1,23.8,263,700,356,2.56
Snacks,Lunch,13.8,20.2,11.4,5.3,26.7,764,113,506,2.56
Fruits,Dinner,28.3,60.6,20.9,0.8,31.4,218,451,156,4.41
Vegetables,Lunch,36.4,11.6,39.5,4.3,37.0,638,352,352,10.8
Meat,Dinner,48.0,17.7,26.2,3.4,43.0,219,220,467,7.03
Grains,Breakfast,46.9,29.3,46.4,5.5,1.7,428,992,213,14.65
Snacks,Lunch,25.2,50.1,26.9,6.5,35.3,253,989,137,5.7
Fruits,Breakfast,29.6,56.7,45.0,5.8,36.1,608,607,57,9.59
Beverages,Lunch,9.3,9.6,36.2,0.9,16.6,711,915,268,8.81
Dairy,Snack,32.3,29.9,21.6,2.6,27.1,258,886,221,5.23
Grains,Lunch,7.3,53.0,38.7,1.6,48.8,299,656,554,6.86
Dairy,Breakfast,30.5,28.7,13.3,6.9,1.6,905,189,504,4.01
Beverages,Snack,7.5,14.6,34.4,9.0,35.4,350,594,374,7.26
Fruits,Snack,19.7,63.6,41.6,0.6,2.7,996,199,395,10.4
Meat,Breakfast,6.4,50.7,44.1,5.6,50.0,255,941,372,7.74
Fruits,Lunch,10.6,26.3,11.6,3.5,12.2,652,216,50,2.56
Vegetables,Lunch,16.5,100.0,20.1,7.7,48.8,864,130,283,3.63
Beverages,Dinner,24.0,55.6,8.3,5.4,16.4,37,433,216,1.81
Beverages,Snack,3.9,74.2,31.3,9.3,39.5,933,605,93,5.28
Dairy,Dinner,13.0,98.3,17.5,3.9,25.3,962,133,161,3.22
Snacks,Breakfast,39.4,21.2,8.1,7.3,33.1,419,904,363,2.1
Dairy,Lunch,14.5,88.1,38.7,7.5,28.2,339,419,357,7.2
Snacks,Lunch,17.2,94.2,42.8,8.5,21.7,581,266,59,8.2
Vegetables,Breakfast,18.9,87.7,17.5,9.7,2.0,355,682,452,4.34
Vegetables,Breakfast,9.6,53.5,14.2,5.7,21.0,507,964,440,2.72
Grains,Dinner,31.0,28.9,19.2,1.6,13.0,254,555,173,4.88
Beverages,Lunch,11.5,29.3,4.9,1.5,6.6,848,765,274,1.15
Meat,Snack,36.3,80.4,9.3,1.4,27.3,876,934,126,1.97
Dairy,Snack,40.0,82.9,19.6,1.6,18.9,777,824,353,4.3
Beverages,Dinner,48.8,5.0,38.1,3.9,50.0,54,594,556,11.15
Meat,Lunch,35.3,63.0,47.3,8.3,12.2,253,433,308,10.99
Snacks,Dinner,4.1,61.5,34.7,0.6,15.4,625,533,216,6.38
Grains,Dinner,24.6,67.9,5.4,3.8,13.5,334,314,67,1.17
Meat,Lunch,12.3,52.3,44.1,5.8,35.4,213,487,237,8.4
Meat,Breakfast,28.3,75.1,49.5,3.8,47.9,226,576,286,9.91
Dairy,Snack,24.7,91.1,2.9,5.3,49.2,583,920,147,0.55
Meat,Snack,28.2,92.5,23.6,2.0,48.3,46,463,137,4.58
Beverages,Dinner,27.1,70.7,43.5,5.3,12.3,805,192,350,9.57
Dairy,Dinner,44.4,12.6,18.5,2.9,19.3,48,172,196,5.28
Vegetables,Dinner,34.6,70.9,18.0,9.5,12.4,354,180,584,4.09
Snacks,Dinner,9.5,84.1,17.9,7.2,14.6,371,517,200,3.41
Dairy,Snack,17.8,5.9,22.3,3.2,29.1,964,995,92,6.08
Dairy,Lunch,37.4,55.8,10.8,1.7,37.6,306,123,423,2.39
Meat,Dinner,26.1,31.2,49.0,8.5,31.3,394,181,572,11.32
Dairy,Dinner,30.5,67.7,2.1,5.8,27.1,397,272,165,0.44
Snacks,Lunch,22.3,69.2,25.0,4.6,12.2,817,634,352,5.38
Vegetables,Dinner,12.9,10.0,27.1,8.9,31.1,122,694,363,6.63
Beverages,Breakfast,11.1,42.3,15.4,2.4,3.8,964,925,148,3.66
Dairy,Dinner,41.0,17.9,34.9,5.3,31.6,860,371,130,9.29
Fruits,Dinner,44.2,24.6,45.6,6.1,20.0,525,381,83,12.08
Grains,Breakfast,27.0,74.1,3.9,9.5,26.0,120,488,186,0.8
Grains,Lunch,44.4,88.8,45.7,1.3,7.9,739,836,531,10.89
Meat,Snack,5.4,6.5,31.9,7.1,26.0,626,959,141,7.3
Meat,Dinner,16.0,60.4,24.1,4.9,18.9,71,614,521,4.87
Vegetables,Breakfast,35.6,33.7,15.5,8.1,12.6,740,441,510,3.94
Beverages,Dinner,15.5,66.0,15.7,8.1,35.4,107,361,117,2.99
Beverages,Snack,8.7,55.3,13.2,7.6,27.0,447,174,240,2.45
Grains,Snack,33.0,77.6,24.4,4.7,3.4,538,450,96,6.19
Vegetables,Lunch,31.0,45.0,41.4,3.2,5.9,991,766,528,10.61
Snacks,Snack,48.9,74.0,23.0,1.2,33.1,632,467,81,5.11
Dairy,Lunch,32.0,86.2,29.2,3.0,33.8,423,730,299,5.93
Fruits,Dinner,9.1,29.5,15.5,2.3,33.4,996,556,205,3.06
Vegetables,Dinner,4.4,90.3,15.1,4.4,40.3,277,682,313,2.54
Dairy,Dinner,35.0,48.7,29.8,5.7,18.3,397,160,335,6.96
Grains,Snack,19.1,64.6,1.3,6.4,9.4,717,363,571,0.28
Meat,Lunch,4.8,36.9,49.2,2.3,28.1,306,813,160,8.95
Meat,Lunch,28.9,69.6,5.8,0.3,1.6,211,703,286,1.56
Vegetables,Snack,1.2,47.2,16.7,8.8,43.3,444,266,62,2.74
Beverages,Breakfast,32.3,51.2,37.7,3.5,27.9,759,296,538,8.39
Dairy,Dinner,45.4,66.8,29.1,4.6,14.6,100,886,175,6.86
Meat,Snack,18.7,96.6,41.2,6.3,0.2,323,262,64,11.14
Dairy,Dinner,13.3,91.7,15.2,1.1,32.2,86,897,310,2.77
Fruits,Breakfast,18.7,25.6,32.5,3.3,35.5,194,431,301,7.29
Snacks,Breakfast,42.4,77.8,19.8,1.1,34.8,597,515,213,4.26
Dairy,Dinner,22.3,43.0,39.8,2.4,49.3,547,692,179,8.34
Beverages,Lunch,20.3,85.2,17.3,6.5,46.3,674,733,202,3.26
Vegetables,Breakfast,17.8,28.9,20.2,3.2,8.5,971,822,53,4.91
Beverages,Breakfast,39.0,57.1,6.9,1.7,20.6,118,767,215,1.59
Dairy,Dinner,36.9,84.6,27.7,1.9,36.3,339,278,390,5.74
Meat,Dinner,17.9,35.6,36.8,5.1,31.8,844,520,142,7.83
Dairy,Breakfast,26.5,50.3,40.3,8.5,26.4,130,841,358,8.75
Vegetables,Breakfast,18.2,8.4,14.0,3.4,5.5,563,394,317,4.15
Meat,Snack,33.1,51.3,6.4,5.9,46.1,701,364,310,1.39
Vegetables,Breakfast,6.1,69.1,11.4,6.0,39.4,338,735,529,1.98
Dairy,Dinner,31.0,33.1,34.3,2.2,11.9,136,856,525,8.61
Meat,Lunch,9.2,27.6,36.7,1.0,9.2,863,375,227,8.14
Fruits,Dinner,17.0,38.6,33.6,0.2,14.8,709,332,192,7.4
Meat,Lunch,21.6,32.0,12.5,1.7,7.2,613,851,354,3.13
Dairy,Dinner,43.9,24.7,23.9,8.4,2.3,357,203,149,7.48
Fruits,Dinner,46.0,12.9,33.6,3.6,48.4,297,584,391,9.23
Grains,Snack,5.6,23.9,46.9,7.2,13.0,205,112,409,9.63
Snacks,Breakfast,46.2,17.5,6.2,9.8,0.8,212,942,214,2.13
Dairy,Breakfast,6.1,52.3,24.8,8.6,32.5,685,848,100,4.43
Fruits,Dinner,43.0,53.0,38.0,0.0,16.9,346,319,401,9.09
Grains,Lunch,43.2,82.2,23.9,2.5,33.6,717,304,428,5.12
Meat,Breakfast,27.5,32.3,2.8,1.7,42.6,723,225,484,0.64
Dairy,Snack,31.0,99.3,40.9,2.6,32.5,677,919,569,8.13
Beverages,Snack,2.9,23.6,2.3,2.3,15.9,99,550,265,0.44
Fruits,Lunch,43.1,95.7,19.8,7.2,14.4,39,542,322,4.4
Vegetables,Breakfast,5.7,61.6,35.0,8.8,44.0,403,298,210,6.05
Beverages,Dinner,2.5,64.3,18.6,9.4,45.9,237,498,198,3.08
Fruits,Lunch,45.5,72.7,38.2,1.4,45.4,867,404,124,8.3
Beverages,Snack,35.0,59.0,3.8,6.7,39.1,201,411,292,0.82
Dairy,Snack,17.4,78.8,1.6,7.8,26.3,451,717,584,0.31
Dairy,Lunch,18.6,52.9,41.1,6.0,48.9,781,671,196,8.13
Snacks,Breakfast,4.6,59.2,5.3,4.6,48.4,669,170,468,0.9
Meat,Snack,48.7,38.7,32.3,6.9,35.1,482,842,74,7.92
Grains,Breakfast,31.7,82.3,5.4,6.2,5.9,624,116,208,1.28
Fruits,Dinner,32.0,43.0,41.0,3.9,32.2,564,392,316,9.29
Fruits,Lunch,5.7,28.0,20.9,7.3,26.6,412,846,531,3.98
Snacks,Dinner,8.6,90.5,28.6,7.1,30.1,877,364,382,5.07
Dairy,Lunch,32.7,47.6,16.8,4.4,48.7,594,919,280,3.69
Beverages,Breakfast,42.2,25.5,44.8,0.2,48.9,358,770,410,11.26
Snacks,Snack,5.2,97.3,34.9,6.7,12.9,84,502,435,6.47
Dairy,Snack,22.9,41.0,19.2,3.6,7.4,521,118,464,4.67
Beverages,Snack,12.3,87.3,21.6,8.8,19.4,444,398,576,4.08
Beverages,Breakfast,43.0,30.9,1.5,4.4,41.0,538,948,101,0.37
Dairy,Lunch,20.9,45.5,29.7,2.7,2.0,535,803,488,7.96
Snacks,Dinner,12.8,37.2,43.2,6.8,36.7,735,197,183,8.62
Dairy,Breakfast,18.7,18.4,46.5,0.8,12.6,423,172,181,11.72
Fruits,Snack,42.7,83.0,32.8,0.2,8.1,390,161,570,7.83
Beverages,Snack,31.2,26.5,12.4,8.8,49.6,960,976,255,2.96
Fruits,Breakfast,15.6,31.9,45.0,8.7,17.0,59,875,525,9.94
Beverages,Snack,12.5,90.1,26.8,6.7,1.2,497,687,202,6.67
Grains,Lunch,40.2,33.6,43.9,5.2,43.1,636,253,289,10.58
Dairy,Snack,21.3,14.7,19.9,1.7,26.3,894,401,488,5.02
Beverages,Breakfast,35.6,50.8,47.2,0.7,6.3,153,498,102,12.05
Fruits,Dinner,11.0,94.2,29.4,6.9,0.2,486,334,556,7.69
Fruits,Dinner,45.3,38.9,34.7,2.0,33.6,756,108,247,8.42
Snacks,Lunch,46.3,93.5,44.9,6.8,43.9,367,129,188,9.41
Grains,Dinner,47.4,19.4,35.6,7.0,41.1,453,897,372,9.46
Dairy,Dinner,7.6,9.3,10.0,2.0,31.4,576,953,94,2.27
Meat,Lunch,38.8,72.7,37.6,4.6,0.1,610,977,145,11.27
Snacks,Dinner,30.8,37.2,25.2,5.1,17.9,232,828,294,6.02
Beverages,Snack,37.0,22.3,35.2,7.9,9.8,947,761,234,9.71
Vegetables,Dinner,17.9,24.7,38.7,7.2,26.1,356,215,258,8.81
Beverages,Snack,48.3,66.1,33.1,4.2,30.1,435,702,166,7.51
Grains,Breakfast,45.2,42.2,24.4,6.3,16.7,490,813,109,6.09
Meat,Snack,26.9,65.1,18.5,2.8,3.4,405,968,119,4.68
Snacks,Lunch,41.5,55.9,7.8,9.4,12.3,838,454,452,1.89
Meat,Dinner,45.6,17.3,46.8,6.8,43.6,664,759,590,12.51
Grains,Snack,24.4,75.2,18.0,5.0,10.9,436,263,324,3.92
Grains,Dinner,44.0,42.2,46.8,5.0,24.6,128,234,172,11.35
Fruits,Breakfast,16.6,24.9,49.2,4.6,42.7,130,132,272,10.78
Dairy,Breakfast,42.3,66.7,7.9,6.0,45.7,479,395,501,1.72
Fruits,Breakfast,46.7,51.8,33.9,8.4,46.8,685,432,291,7.8
Meat,Breakfast,27.7,50.9,28.0,0.8,4.3,862,185,405,7.17
Fruits,Lunch,14.3,25.8,29.5,2.7,23.3,6,670,372,6.49
Beverages,Lunch,11.1,35.2,25.2,0.6,26.6,304,910,170,5.07
Grains,Dinner,45.0,76.1,5.1,9.3,45.3,230,517,422,1.1
Beverages,Breakfast,12.8,48.7,4.0,5.0,11.7,258,577,320,0.84
Snacks,Dinner,40.8,47.7,6.6,6.1,36.9,463,667,268,1.52
Meat,Snack,7.7,77.7,34.9,9.9,10.5,590,781,223,6.83
Grains,Snack,32.0,39.9,10.6,1.6,15.4,27,871,344,2.55
Dairy,Breakfast,36.1,71.4,21.4,4.8,30.1,208,940,432,4.58
Grains,Breakfast,31.6,83.0,18.9,7.5,15.7,120,562,360,4.07
Fruits,Breakfast,26.6,80.2,33.5,5.2,13.7,131,564,61,7.16
Dairy,Dinner,29.8,38.3,4.1,7.9,49.2,988,752,542,0.92
Beverages,Dinner,43.3,71.2,13.5,6.4,41.7,298,821,333,2.93
Meat,Lunch,3.4,79.9,24.2,7.2,22.3,59,834,190,4.22
Meat,Breakfast,30.3,70.0,33.4,7.5,19.0,350,496,201,7.2
Grains,Breakfast,3.2,46.4,35.0,4.6,20.4,347,114,375,6.27
Fruits,Dinner,31.8,87.9,29.7,6.6,4.2,681,192,277,7.24
Beverages,Breakfast,10.7,77.0,38.0,8.7,2.3,224,675,320,8.99
Vegetables,Snack,31.4,11.7,33.5,0.4,28.8,408,879,557,9.1
Meat,Lunch,46.5,95.8,43.2,0.9,32.1,372,438,73,9.16
Dairy,Lunch,9.2,15.9,12.3,2.1,41.8,272,164,383,2.63
Grains,Lunch,45.7,82.3,20.2,0.5,8.3,621,891,557,4.86
Dairy,Snack,49.0,86.6,30.1,0.8,3.5,640,472,258,7.91
Meat,Snack,37.3,66.3,2.2,5.9,5.2,376,903,428,0.56
Meat,Breakfast,20.0,78.4,45.7,1.7,31.6,199,999,547,8.86
Fruits,Dinner,26.4,21.6,19.2,1.8,45.1,244,702,293,4.62
Beverages,Dinner,34.5,7.4,8.9,1.0,29.8,902,853,570,2.54
Fruits,Dinner,1.0,70.2,1.7,4.0,14.0,361,580,181,0.3
Beverages,Lunch,23.0,22.9,38.3,4.9,37.0,332,722,161,9.02
Grains,Snack,16.0,63.7,32.5,7.8,11.0,399,890,158,6.86
Vegetables,Snack,9.7,30.7,35.5,6.8,32.4,306,460,380,7.05
Dairy,Snack,46.2,80.7,9.6,2.9,22.9,844,608,504,2.13
Dairy,Dinner,37.0,5.5,1.5,8.8,4.3,264,716,279,0.5
Fruits,Dinner,17.2,66.4,21.9,7.6,45.2,891,708,310,4.17
Vegetables,Breakfast,42.6,64.2,5.6,4.0,3.1,222,762,79,1.52
Fruits,Dinner,26.3,82.7,46.8,1.6,48.3,666,434,224,9.14
Beverages,Snack,38.1,11.8,45.0,2.1,26.5,373,899,326,12.52
Grains,Snack,30.4,50.5,13.5,7.3,20.3,988,667,433,3.04
Beverages,Lunch,2.0,70.1,48.0,9.2,28.1,616,918,279,8.12
Vegetables,Breakfast,6.1,37.4,11.0,4.6,47.7,230,919,105,1.98
Vegetables,Snack,38.6,20.2,1.4,2.1,0.3,427,255,445,0.48
Beverages,Lunch,8.9,98.2,10.1,6.0,27.5,898,284,422,1.8
Dairy,Breakfast,31.7,95.3,19.7,3.3,38.0,334,768,381,3.92
Meat,Dinner,22.5,95.5,10.0,1.8,7.7,59,680,434,2.18
Snacks,Lunch,30.8,90.2,18.1,5.5,16.6,707,195,450,3.82
Beverages,Dinner,32.4,35.3,19.6,5.8,23.7,978,892,446,4.67
Beverages,Breakfast,10.6,99.4,29.5,4.6,43.0,476,731,335,5.15
Grains,Breakfast,25.0,29.2,39.4,0.4,44.4,972,981,391,8.99
Fruits,Snack,47.8,8.1,43.8,9.6,42.4,614,301,514,12.55
Vegetables,Snack,31.4,94.8,8.0,4.0,15.4,910,851,263,1.69
Fruits,Snack,18.4,35.0,22.3,9.6,33.9,509,125,92,4.76
Beverages,Dinner,10.9,7.3,47.3,7.7,26.4,506,802,273,11.88
Grains,Breakfast,28.0,61.7,17.3,7.3,10.3,727,119,304,3.96
Dairy,Breakfast,41.6,17.2,6.6,8.5,47.7,768,759,467,1.74
Fruits,Lunch,14.6,97.3,43.8,4.7,26.4,222,512,483,8.12
Beverages,Breakfast,48.9,34.5,42.2,9.5,31.6,537,542,84,10.57
Grains,Breakfast,30.0,80.7,43.3,7.0,9.4,573,673,522,9.74
Fruits,Breakfast,28.2,86.2,8.8,1.5,42.9,187,133,145,1.73
Beverages,Snack,44.3,21.4,38.5,2.1,10.9,0,285,443,10.82
Beverages,Snack,21.8,12.9,17.1,1.7,16.9,687,443,415,4.52
Fruits,Snack,15.9,19.4,21.4,4.8,45.8,252,342,575,4.83
Beverages,Snack,42.7,93.8,3.9,0.6,24.8,300,830,364,0.83
Vegetables,Snack,44.3,24.7,46.2,4.7,15.5,482,933,574,12.44
Meat,Dinner,4.4,33.9,7.2,7.1,31.4,160,442,574,1.3
Meat,Snack,4.8,96.3,6.2,8.8,2.8,707,562,482,1.37
Snacks,Breakfast,32.0,21.5,45.7,8.7,49.0,987,594,149,11.3
Grains,Breakfast,25.0,13.6,16.7,9.4,6.5,416,596,438,4.81
Fruits,Dinner,38.0,63.6,32.1,4.0,23.8,685,751,58,7.16
Fruits,Snack,2.4,77.7,40.6,3.5,47.9,973,640,400,6.65
Vegetables,Lunch,16.3,85.8,33.1,6.3,2.4,995,210,262,7.99
Vegetables,Snack,23.5,40.0,47.6,3.7,23.3,49,283,86,10.58
Fruits,Lunch,14.0,49.1,45.4,9.6,35.3,493,638,475,8.86
Fruits,Lunch,39.8,84.9,43.5,9.3,42.3,982,954,101,9.05
Grains,Dinner,36.3,85.9,8.1,7.0,1.2,91,701,522,2.23
Grains,Dinner,35.3,14.6,44.7,1.3,28.8,895,733,137,12.02
Vegetables,Lunch,4.5,86.6,22.2,8.5,24.9,876,321,436,3.86
Dairy,Lunch,23.3,63.3,19.6,2.2,15.1,445,391,168,4.21
Fruits,Snack,19.6,81.2,20.9,0.9,13.5,415,915,184,4.3
Grains,Dinner,33.2,51.9,3.5,9.3,9.5,119,167,576,0.85
Dairy,Snack,4.6,78.8,27.8,5.1,40.3,205,780,318,4.7
Vegetables,Breakfast,22.1,57.6,48.3,6.0,42.9,544,899,517,9.73
Beverages,Dinner,7.7,61.3,11.1,6.1,0.7,441,525,149,2.82
Dairy,Breakfast,26.1,79.8,28.4,5.8,20.8,718,226,147,5.85
Fruits,Snack,13.2,81.3,38.0,1.5,44.6,845,365,282,6.87
Dairy,Lunch,40.2,46.0,34.1,5.7,15.4,231,197,96,8.31
Snacks,Dinner,42.3,78.5,12.6,1.5,7.4,818,442,90,3.05
Meat,Breakfast,19.5,41.2,21.2,3.6,25.0,637,682,540,4.54
Fruits,Breakfast,36.5,82.6,44.5,4.4,7.7,284,809,327,10.46
Fruits,Snack,19.4,47.5,8.8,0.2,34.9,586,661,266,1.81
Vegetables,Breakfast,23.6,75.2,43.4,9.6,16.1,391,384,415,9.08
Fruits,Dinner,16.6,65.7,46.8,4.2,23.0,948,485,332,9.25
Vegetables,Snack,22.8,57.8,19.0,8.1,8.0,541,423,91,4.38
Dairy,Snack,38.7,72.0,32.3,4.6,11.3,626,335,158,7.51
Dairy,Dinner,18.4,65.1,30.3,1.4,32.9,136,736,347,5.93
Snacks,Dinner,17.7,54.2,35.2,6.2,31.9,921,334,169,7.04
Vegetables,Snack,33.2,81.2,42.9,5.4,22.4,168,178,480,9.07
Vegetables,Snack,9.6,93.6,26.4,0.4,2.6,361,723,286,6.06
Vegetables,Snack,32.1,83.5,13.9,9.8,12.0,323,168,499,3.07
Grains,Dinner,42.3,92.8,35.0,6.3,38.1,228,638,349,7.29
Snacks,Dinner,1.3,78.3,11.4,9.9,5.3,309,297,244,2.29
Vegetables,Dinner,30.4,64.7,7.0,7.3,42.9,553,541,580,1.46
Grains,Snack,33.5,29.3,41.0,7.1,12.8,129,237,65,10.53
Fruits,Lunch,15.8,80.5,32.5,4.2,13.2,276,428,175,6.56
Grains,Snack,29.8,44.6,10.0,3.4,7.5,574,369,566,2.49
Meat,Breakfast,37.8,83.7,37.5,0.6,43.5,238,809,102,7.75
Snacks,Dinner,28.4,96.7,10.2,0.9,23.2,345,990,220,2.06
Snacks,Snack,1.3,15.2,37.2,4.1,11.9,482,999,121,7.1
Fruits,Lunch,23.2,35.8,24.2,7.6,34.8,771,715,402,5.34
Vegetables,Breakfast,5.6,86.1,18.0,5.4,0.1,924,928,192,4.63
Grains,Lunch,34.6,49.2,42.1,1.4,40.8,140,569,152,9.35
Beverages,Breakfast,34.3,18.0,33.8,0.2,40.4,850,276,269,8.7
Snacks,Breakfast,42.6,15.3,17.3,5.5,22.1,616,326,430,4.79
Snacks,Dinner,47.0,31.9,11.0,4.2,35.2,543,496,154,2.76
Dairy,Lunch,5.1,89.4,20.8,2.6,13.8,749,146,428,3.84
Beverages,Lunch,7.3,57.1,28.8,3.5,1.2,816,811,333,7.12
Dairy,Snack,1.7,64.7,48.7,0.9,22.8,592,941,180,8.37
Vegetables,Dinner,20.2,17.0,3.7,8.1,10.0,819,936,274,0.97
Dairy,Breakfast,32.1,79.9,29.4,3.8,20.7,86,133,176,6.23
Snacks,Snack,7.5,56.3,13.3,6.8,13.5,298,192,136,2.59
Beverages,Snack,49.1,24.9,22.1,3.5,1.9,853,821,96,7.09
Dairy,Dinner,44.2,60.4,27.5,3.2,29.9,443,209,148,6.25
Vegetables,Snack,25.6,74.2,24.5,1.5,18.7,230,977,499,5.13
Meat,Breakfast,29.5,80.1,9.2,6.7,49.9,625,554,473,1.83
Snacks,Snack,22.6,83.4,37.8,8.2,22.4,59,186,284,7.56
Grains,Dinner,44.1,72.3,10.2,3.6,3.1,363,164,374,2.73
Snacks,Dinner,23.2,67.5,37.9,8.4,44.6,709,788,128,7.51
Dairy,Breakfast,5.3,77.6,40.8,5.1,41.1,83,293,426,6.95
Fruits,Lunch,16.2,19.9,28.0,8.9,24.4,543,248,464,6.51
Fruits,Lunch,13.7,97.2,8.5,2.5,6.8,929,247,297,1.79
Snacks,Breakfast,41.7,88.0,29.3,1.6,26.9,853,618,154,6.26
Fruits,Snack,16.9,14.6,20.5,6.2,12.4,700,563,510,5.26
Beverages,Snack,8.9,84.1,15.3,3.7,33.8,536,814,511,2.71
Snacks,Dinner,46.3,95.8,44.8,9.1,14.1,438,177,495,10.07
Vegetables,Breakfast,4.2,40.8,38.5,3.8,41.2,734,181,583,6.72
Vegetables,Snack,10.9,6.9,43.4,8.3,42.8,793,109,88,10.74
Dairy,Dinner,8.1,85.2,26.2,7.7,23.1,597,658,97,4.73
Grains,Dinner,21.6,81.5,23.0,5.8,32.0,106,364,441,4.48
Grains,Breakfast,41.5,8.2,28.2,7.6,34.3,333,954,80,8.05
Beverages,Dinner,9.0,60.9,44.2,5.1,48.3,315,771,64,7.89
Meat,Snack,42.3,36.4,19.0,5.8,31.8,257,750,196,4.62
Meat,Lunch,44.1,12.4,44.2,4.8,8.1,788,485,545,13.4
Fruits,Snack,18.0,28.4,13.3,0.6,2.6,315,744,589,3.63
Vegetables,Dinner,19.3,62.5,16.4,8.2,48.4,531,958,334,3.19
Meat,Lunch,7.2,93.2,24.8,3.1,20.5,752,640,370,4.47
Fruits,Dinner,37.5,8.3,12.4,8.9,28.9,242,987,583,3.53
Snacks,Lunch,3.8,46.9,47.4,7.5,46.5,373,611,186,8.09
Meat,Lunch,21.4,20.9,26.9,8.7,8.1,282,655,186,7.06
Fruits,Lunch,48.8,30.7,27.5,4.5,34.8,613,879,591,6.97
Fruits,Breakfast,23.2,83.3,8.5,4.1,16.4,731,118,547,1.75
Grains,Lunch,9.5,33.2,30.2,5.1,44.4,595,401,169,5.82
Dairy,Breakfast,49.5,28.4,37.4,5.2,40.9,385,960,180,9.54
Meat,Breakfast,33.2,84.0,14.1,6.3,38.6,601,465,346,2.87
Dairy,Lunch,17.6,48.3,29.8,2.8,0.9,345,918,397,8.17
Meat,Breakfast,36.6,94.5,9.0,1.4,21.4,547,699,448,1.89
Fruits,Snack,1.2,15.4,39.1,10.0,10.3,479,183,119,7.54
Snacks,Snack,40.0,88.2,28.2,2.4,33.1,147,566,115,5.91
Snacks,Snack,42.1,8.3,11.8,6.8,21.6,641,344,51,3.44
Meat,Snack,7.9,90.9,25.4,0.2,49.0,455,708,257,4.35
Meat,Dinner,22.2,34.6,47.4,9.1,1.9,325,726,337,13.28
Dairy,Breakfast,47.6,21.6,16.7,6.4,40.7,58,193,439,4.39
Dairy,Snack,14.1,75.5,27.6,5.3,5.2,177,996,429,6.14
Grains,Breakfast,10.6,45.8,4.1,9.6,30.3,420,412,68,0.79
Beverages,Breakfast,15.3,65.8,6.4,1.4,18.9,664,976,115,1.27
Dairy,Breakfast,12.5,19.1,9.9,4.4,15.0,11,666,218,2.3
Meat,Breakfast,32.7,53.7,32.7,5.9,35.4,301,685,352,7.14
Dairy,Snack,3.3,48.9,1.2,1.0,9.6,413,591,223,0.23
Dairy,Dinner,4.6,63.1,22.4,2.8,24.2,352,767,425,3.97
Fruits,Dinner,27.5,86.1,19.3,7.6,13.4,390,828,187,4.11
Beverages,Snack,23.6,38.4,3.0,7.5,22.7,528,532,450,0.67
Grains,Lunch,21.4,87.1,16.0,3.3,23.1,136,547,134,3.15
Snacks,Dinner,2.3,8.1,18.7,4.9,39.3,394,968,548,3.58
Meat,Dinner,35.4,82.8,46.0,0.3,41.5,759,931,472,9.44
Vegetables,Lunch,19.0,45.0,19.8,5.9,42.3,748,131,432,4.05
Dairy,Dinner,14.8,14.6,12.1,2.9,34.5,39,230,487,2.85
Dairy,Dinner,20.1,77.5,4.6,8.2,42.3,597,410,200,0.88
Beverages,Lunch,10.4,9.4,25.7,8.8,25.1,811,698,474,6.21
Beverages,Dinner,3.1,45.0,21.6,9.3,24.6,807,384,384,3.81
Snacks,Breakfast,26.4,6.3,7.2,0.6,47.4,422,915,284,1.99
Beverages,Dinner,48.7,22.9,14.6,3.2,11.5,18,907,148,4.1
Meat,Dinner,15.0,31.5,49.0,2.6,32.2,635,906,452,10.33
Beverages,Snack,40.6,25.3,32.7,2.6,11.0,816,214,58,8.9
Vegetables,Lunch,22.1,61.1,36.3,5.5,34.0,705,751,418,7.34
Meat,Snack,46.3,66.2,1.9,7.9,0.6,377,978,336,0.57
Fruits,Dinner,36.1,7.8,9.3,1.8,25.8,750,989,537,2.67
Snacks,Dinner,22.8,86.9,20.5,0.4,45.8,175,325,309,3.91
Fruits,Dinner,13.8,45.0,37.0,7.5,20.1,617,168,381,7.57
Fruits,Lunch,2.9,62.3,41.6,2.3,15.6,782,549,509,7.52
Grains,Dinner,20.7,68.4,24.8,8.3,45.1,332,248,379,4.82
Beverages,Dinner,15.3,90.4,24.2,4.3,4.7,971,439,351,5.4
Meat,Breakfast,8.0,10.3,14.7,3.7,12.3,878,665,88,3.54
Grains,Breakfast,42.2,41.7,25.7,5.3,47.2,763,489,247,6.02
Meat,Breakfast,32.7,96.0,46.8,0.5,0.5,327,589,535,13.04
Vegetables,Snack,10.5,96.0,6.2,9.1,3.3,363,487,269,1.39
Grains,Dinner,32.9,5.9,8.6,5.5,32.7,121,427,417,2.47
Grains,Snack,13.2,87.0,49.0,6.2,36.9,650,860,474,8.89
Beverages,Lunch,1.8,92.8,28.7,9.5,26.0,249,633,571,4.85
Vegetables,Snack,12.4,29.8,32.9,8.1,39.3,608,167,184,6.72
Grains,Snack,37.7,48.0,34.3,4.5,48.3,646,812,201,7.7
Fruits,Lunch,30.5,69.5,12.9,0.6,29.6,704,320,257,2.71
Beverages,Breakfast,31.4,34.5,18.9,7.5,48.5,330,852,223,4.34
Vegetables,Lunch,12.4,12.2,2.5,1.1,40.7,616,740,121,0.58
Meat,Dinner,6.5,71.9,28.4,7.8,28.8,954,255,502,5.03
Beverages,Lunch,27.0,41.3,23.1,6.3,27.8,999,791,398,5.17
Snacks,Lunch,16.1,29.4,47.5,4.8,15.4,206,814,255,10.76
Fruits,Breakfast,30.1,37.3,49.8,7.7,19.4,126,999,247,11.78
Vegetables,Dinner,22.4,60.3,24.8,6.6,8.6,203,112,281,5.63
Dairy,Snack,44.4,12.5,36.2,2.2,23.2,565,732,370,10.24
Snacks,Snack,37.2,60.0,41.9,5.2,7.5,965,403,440,10.34
Vegetables,Snack,43.1,18.8,46.3,4.4,7.6,310,248,435,13.54
Snacks,Lunch,24.6,74.7,33.0,7.9,27.8,346,603,107,6.67
Dairy,Snack,14.1,69.4,39.7,5.6,18.2,557,785,335,7.8
Fruits,Breakfast,25.8,84.7,28.3,8.3,4.0,836,383,439,6.8
Dairy,Dinner,28.1,61.6,32.3,6.6,17.6,635,627,150,7.06
Beverages,Lunch,9.4,23.1,27.8,2.7,19.1,434,707,428,5.92
Grains,Snack,7.4,13.4,7.6,5.8,34.6,462,443,297,1.62
Fruits,Dinner,15.3,15.4,25.4,5.0,14.2,860,682,511,6.31
Snacks,Snack,32.2,10.3,40.6,4.2,26.1,78,123,369,11.25
Grains,Dinner,36.0,83.2,5.8,4.7,44.2,923,457,307,1.19
Vegetables,Breakfast,33.4,43.3,6.8,5.3,39.8,455,622,598,1.53
Beverages,Dinner,36.7,53.1,27.9,3.3,17.7,282,556,597,6.49
Dairy,Dinner,23.9,40.9,45.3,0.6,27.0,737,621,406,9.97
Grains,Breakfast,30.1,44.0,37.3,1.9,2.0,220,515,133,10.5
Meat,Dinner,19.7,26.5,18.6,5.3,27.5,802,888,277,4.24
Snacks,Lunch,32.8,47.6,5.5,9.7,5.8,830,560,93,1.41
Snacks,Breakfast,40.8,40.5,38.3,1.7,34.0,353,328,293,9.08
Fruits,Dinner,26.3,44.9,21.8,7.9,25.3,559,280,107,4.82
Vegetables,Breakfast,42.7,75.4,7.5,1.9,0.8,110,132,78,2.17
Snacks,Dinner,22.4,15.3,48.3,4.3,17.4,337,646,170,12.52
Vegetables,Dinner,41.5,20.5,41.0,5.8,32.7,578,912,486,10.74
Beverages,Breakfast,40.4,17.9,39.8,7.0,29.4,421,407,559,10.62
Beverages,Lunch,47.6,89.1,32.3,9.9,40.1,900,871,276,6.88
Vegetables,Dinner,10.9,45.9,48.0,4.2,0.6,541,337,171,12.84
Fruits,Dinner,3.5,46.3,22.9,7.6,4.5,183,664,565,4.88
Fruits,Lunch,32.4,69.5,28.9,3.2,47.0,881,838,288,5.98
Beverages,Snack,14.0,49.9,1.8,2.2,2.1,299,523,472,0.46
Grains,Breakfast,47.1,22.5,4.8,0.6,0.2,716,726,380,1.66
Dairy,Dinner,21.8,59.0,46.2,3.6,44.6,565,973,149,9.24
Snacks,Breakfast,16.4,97.7,32.1,8.8,44.5,658,990,487,5.83
Beverages,Lunch,33.1,42.7,48.6,0.2,35.7,768,941,569,11.03
Meat,Breakfast,19.5,63.0,5.7,10.0,1.9,784,705,268,1.47
Meat,Snack,40.2,41.5,2.0,6.5,10.4,54,897,278,0.51
Snacks,Snack,5.3,42.2,7.9,5.0,39.6,376,851,313,1.4
Snacks,Dinner,45.6,76.9,5.0,5.7,30.6,982,152,263,1.1
Grains,Snack,17.0,97.7,9.9,0.9,8.9,827,293,453,2.06
Fruits,Breakfast,47.6,32.4,41.8,4.5,15.1,482,386,355,10.99
Beverages,Lunch,29.3,32.5,12.0,9.9,10.3,100,259,592,3.03
Grains,Snack,22.8,86.5,14.1,0.0,40.4,105,258,470,2.71
Fruits,Dinner,11.7,57.3,9.9,2.4,25.2,256,896,573,1.9
Snacks,Breakfast,2.0,15.5,17.2,4.9,47.1,866,162,418,3.02
Meat,Lunch,15.4,84.4,39.1,0.2,35.7,850,986,154,7.24
Dairy,Lunch,31.5,13.1,34.9,8.6,49.0,171,455,520,9.17
Vegetables,Snack,46.3,37.6,13.8,0.0,10.7,928,218,373,3.64
Fruits,Lunch,46.0,81.9,37.5,7.7,36.0,170,573,425,8.09
Meat,Lunch,19.8,48.8,18.8,0.3,7.8,0,248,445,4.36
Beverages,Breakfast,49.5,52.2,16.2,3.4,7.1,731,298,333,4.27
Fruits,Dinner,36.8,12.7,41.7,7.1,2.1,987,257,453,13.75
Fruits,Snack,8.8,14.7,20.2,0.1,2.1,178,681,149,5.54
Meat,Snack,48.8,5.5,11.7,1.2,5.8,355,448,524,3.85
Meat,Breakfast,35.1,44.3,23.8,2.8,25.9,31,503,161,5.51
Snacks,Breakfast,46.7,22.7,10.6,4.3,32.9,774,854,557,2.78
Meat,Lunch,6.9,68.9,23.2,6.6,27.5,80,267,86,4.15
Fruits,Breakfast,36.5,75.5,20.2,1.5,4.9,257,191,265,5.03
Grains,Lunch,1.2,47.3,1.7,1.6,9.4,558,477,292,0.32
Fruits,Snack,27.7,77.0,44.9,0.8,36.9,910,512,475,9.04
Dairy,Snack,18.4,97.8,41.2,1.2,20.4,151,396,330,7.96
Dairy,Dinner,10.1,61.7,27.8,7.0,43.7,699,525,600,5.03
Dairy,Breakfast,28.0,28.1,18.8,7.8,38.6,377,769,322,4.42
Fruits,Lunch,7.4,32.3,47.8,9.5,0.8,351,938,223,12.59
Fruits,Breakfast,5.7,18.8,2.5,9.4,48.0,144,116,337,0.48
Snacks,Dinner,11.4,37.2,47.4,4.9,19.9,324,735,209,9.7
Meat,Dinner,35.2,26.8,24.9,4.4,3.9,881,117,587,7.22
Meat,Breakfast,14.4,44.8,8.0,5.6,5.3,936,810,334,1.88
Meat,Dinner,49.3,66.8,39.3,7.3,3.4,638,530,334,10.72
Snacks,Lunch,27.2,48.6,35.6,5.5,15.8,733,543,390,8.09
Fruits,Breakfast,33.3,36.5,13.6,4.9,35.2,104,868,487,3.17
Vegetables,Breakfast,32.5,44.5,40.5,4.0,13.0,620,931,377,9.73
Dairy,Dinner,47.4,58.2,48.3,7.9,36.3,886,875,60,11.05
Dairy,Breakfast,27.5,96.5,43.1,4.2,34.8,779,117,60,8.43
Meat,Dinner,42.8,5.3,5.2,2.6,47.9,679,822,219,1.51
Fruits,Snack,3.3,23.9,31.7,2.2,39.4,913,175,463,5.67
Fruits,Dinner,12.3,64.9,38.2,4.2,24.0,877,405,492,7.29
Vegetables,Breakfast,19.6,11.7,13.8,5.3,6.4,129,241,112,3.93
Dairy,Breakfast,8.3,98.9,22.5,1.0,18.8,309,547,448,4.11
Meat,Dinner,15.9,15.7,41.2,8.8,9.8,666,573,241,10.59
Dairy,Snack,23.9,47.7,31.1,8.5,9.1,767,966,84,7.3
Dairy,Dinner,20.6,18.6,8.4,4.3,12.8,776,810,141,2.14
Dairy,Dinner,45.4,14.7,14.6,7.8,32.5,590,456,371,4.01
Snacks,Breakfast,7.5,26.2,31.4,8.0,3.6,580,935,97,7.55
Vegetables,Lunch,47.3,39.5,15.0,4.1,17.0,974,896,499,3.8
Dairy,Snack,15.4,51.3,43.2,8.2,5.6,153,346,463,9.99
Vegetables,Snack,18.7,74.4,32.4,2.7,13.1,576,858,432,6.72
Fruits,Dinner,42.0,98.9,43.9,5.6,29.1,445,471,176,9.18
Vegetables,Snack,46.2,84.8,45.7,2.8,8.0,902,646,283,11.01
Fruits,Breakfast,14.4,24.2,36.1,1.5,3.6,202,245,224,9.48
Fruits,Breakfast,23.2,48.2,12.0,7.7,16.2,895,146,78,2.66
Snacks,Dinner,3.1,61.4,27.4,7.6,30.9,361,506,302,4.69
Meat,Dinner,24.5,34.5,36.1,5.4,18.4,48,132,552,8.4
Beverages,Dinner,7.7,52.7,1.6,0.3,48.8,378,473,166,0.28
Vegetables,Breakfast,38.5,67.3,18.9,7.3,37.7,236,746,582,4.08
Grains,Dinner,19.4,57.4,11.9,7.9,36.1,331,282,167,2.37
Vegetables,Dinner,18.9,8.5,5.0,1.2,28.9,647,740,355,1.32
Beverages,Breakfast,2.4,5.8,25.9,3.8,18.7,624,910,377,5.44
Grains,Breakfast,6.7,37.1,3.4,8.0,27.9,765,321,414,0.64
Meat,Lunch,9.3,59.7,49.8,6.0,22.3,908,514,429,9.37
Snacks,Lunch,25.5,45.7,47.6,8.3,11.2,726,967,496,11.13
Grains,Breakfast,17.9,67.9,14.0,2.4,39.5,534,626,258,2.69
Dairy,Breakfast,49.5,74.5,28.8,5.9,49.5,445,981,220,6.29
Vegetables,Snack,4.8,47.6,12.2,3.7,19.8,127,683,282,2.24
Beverages,Snack,17.9,61.0,12.5,2.7,38.4,498,670,358,2.44
Beverages,Lunch,12.0,36.9,34.4,7.8,29.5,648,302,128,6.9
Fruits,Breakfast,23.7,36.8,42.3,3.5,20.7,593,931,188,9.61
Snacks,Breakfast,40.5,69.0,6.4,1.7,8.8,748,627,312,1.54
Fruits,Dinner,13.8,19.8,21.6,8.2,15.2,628,682,360,5.07
Vegetables,Dinner,44.6,13.5,36.3,1.1,0.2,798,196,100,13.04
Dairy,Breakfast,35.8,8.1,16.5,5.1,46.5,954,318,376,4.61
Meat,Snack,1.5,74.6,14.0,0.3,43.5,544,841,461,2.29
Beverages,Snack,42.8,86.9,45.4,4.6,33.5,100,873,148,9.63
Grains,Lunch,42.2,58.1,6.2,8.5,40.8,779,908,530,1.39
Grains,Dinner,27.1,30.0,46.4,4.4,11.1,566,278,221,11.65
Beverages,Lunch,20.7,79.8,11.2,3.5,2.8,671,442,187,2.74
Vegetables,Dinner,40.8,79.9,37.5,9.1,46.9,931,308,467,7.87
Meat,Dinner,39.6,93.7,3.9,3.6,15.4,902,603,301,0.85
Vegetables,Dinner,27.5,39.6,10.2,6.4,35.6,846,849,290,2.27
Fruits,Snack,13.7,63.0,44.4,3.4,35.3,80,904,346,8.39
Snacks,Breakfast,30.7,52.1,44.8,8.5,5.0,542,336,434,11.42
Grains,Dinner,31.6,12.4,20.4,8.4,17.9,265,438,59,5.65
Meat,Lunch,26.8,90.3,39.0,3.6,24.3,259,367,448,7.84
Meat,Snack,44.6,45.0,34.6,2.8,4.7,675,605,162,9.53
Grains,Lunch,37.6,79.7,30.3,10.0,32.6,798,496,352,6.39
Beverages,Snack,48.5,70.0,48.5,6.7,18.3,486,417,286,11.27
Dairy,Snack,27.8,34.0,15.2,2.1,29.1,19,488,222,3.51
Dairy,Dinner,43.2,93.0,23.4,5.6,41.2,779,574,75,4.87
Vegetables,Breakfast,15.0,59.8,22.4,6.9,28.8,831,775,203,4.36
Vegetables,Lunch,26.6,23.1,13.9,7.5,23.4,637,470,132,3.42
Fruits,Dinner,17.0,82.4,41.9,0.5,12.6,738,850,327,8.54
Dairy,Breakfast,25.6,98.8,26.0,2.8,15.2,937,864,140,5.34
Grains,Dinner,22.4,73.7,10.2,4.0,23.9,460,926,54,2.06
Grains,Lunch,20.1,92.7,11.0,3.8,40.5,267,653,500,2.06
Grains,Snack,9.1,6.4,34.1,6.4,36.6,505,331,467,8.35
Grains,Dinner,47.0,56.0,46.3,1.1,39.5,56,271,317,10.6
Snacks,Snack,7.7,68.9,6.6,2.5,43.9,397,191,384,1.16
Beverages,Breakfast,9.3,85.0,2.2,7.4,43.0,279,558,544,0.39
Snacks,Breakfast,23.4,67.4,25.2,7.1,23.3,273,251,379,5.19
Beverages,Snack,39.5,23.7,10.1,3.4,32.7,846,985,473,2.58
Vegetables,Lunch,21.6,12.8,49.9,6.4,0.5,248,423,458,16.59
Grains,Breakfast,46.6,55.5,34.0,8.0,28.6,474,180,263,7.91
Meat,Lunch,44.5,46.3,4.0,7.7,22.2,352,341,267,0.96
Grains,Breakfast,39.2,70.9,5.3,2.2,15.9,665,590,295,1.2
Fruits,Breakfast,39.8,58.7,23.3,3.8,20.4,342,562,131,5.35
Snacks,Lunch,39.5,26.9,5.9,4.5,17.8,839,290,173,1.53
Dairy,Lunch,33.8,78.7,1.3,8.6,20.3,154,1000,566,0.28
Beverages,Lunch,33.9,40.0,5.1,0.5,17.2,210,208,472,1.23
Snacks,Dinner,8.9,87.1,48.1,4.3,38.8,103,298,444,8.43
Fruits,Dinner,46.5,40.6,11.0,1.2,15.1,621,963,546,2.79
Beverages,Dinner,32.8,55.7,18.2,8.3,7.1,293,362,576,4.48
Fruits,Lunch,8.8,32.6,48.0,5.5,21.1,450,453,500,9.61
Snacks,Breakfast,21.6,93.9,15.8,1.2,15.9,186,538,518,3.19
Snacks,Lunch,24.5,16.7,35.5,1.9,0.2,545,785,201,11.83
Vegetables,Dinner,15.0,77.4,24.6,7.0,17.5,34,210,459,4.83
Snacks,Lunch,9.9,6.9,46.2,9.3,49.5,306,993,169,11.21
Grains,Breakfast,49.9,47.8,28.3,5.6,2.2,830,153,558,8.36
Dairy,Lunch,31.3,24.2,6.8,9.3,31.7,880,864,594,1.68
Fruits,Dinner,40.7,22.8,23.0,0.3,46.1,850,520,289,5.85
Vegetables,Lunch,23.5,42.5,41.7,0.1,8.9,725,115,63,9.95
Beverages,Snack,23.2,33.6,22.1,0.3,23.8,432,220,596,5.03
Fruits,Breakfast,45.3,8.7,41.6,7.9,44.6,719,520,298,11.8
Grains,Dinner,26.8,9.7,35.0,8.9,43.2,577,200,67,9.37
Dairy,Breakfast,40.6,23.2,47.0,1.7,41.2,106,894,196,11.98
Dairy,Dinner,28.1,23.4,9.3,2.7,34.1,423,694,123,2.26
Beverages,Snack,8.2,43.9,12.6,4.4,30.8,980,404,567,2.36
Beverages,Snack,33.5,86.2,26.1,3.7,46.1,144,521,485,5.26
Beverages,Breakfast,5.6,36.6,42.7,5.1,14.2,32,912,287,8.35
Vegetables,Lunch,1.5,27.8,25.5,4.0,29.1,298,857,281,4.39
Dairy,Breakfast,37.9,79.5,28.1,5.6,23.2,9,129,165,6.06
Beverages,Breakfast,46.4,35.2,42.2,5.1,41.2,918,515,166,10.34
Beverages,Snack,45.3,90.8,6.7,6.8,1.5,826,593,234,1.85
Fruits,Breakfast,36.6,39.1,7.9,9.2,13.1,28,705,161,1.97
Meat,Lunch,34.4,88.0,4.4,6.2,45.9,307,881,540,0.89
Snacks,Lunch,14.6,48.5,9.0,7.6,2.8,674,716,254,2.23
Dairy,Dinner,34.3,57.0,44.2,9.2,26.1,845,258,128,9.8
Fruits,Dinner,47.3,22.4,25.1,4.2,14.4,813,930,213,6.93
Snacks,Dinner,20.6,60.1,37.8,7.5,33.0,288,206,431,7.6
Snacks,Dinner,23.7,99.8,13.2,6.8,3.2,265,871,135,3.16
Dairy,Lunch,24.9,84.8,32.9,9.2,46.2,869,995,194,6.37
Snacks,Lunch,26.8,57.2,24.7,2.5,34.5,451,707,513,5.19
Grains,Snack,25.1,92.2,29.6,3.8,22.7,982,838,108,5.92
Snacks,Lunch,38.8,12.2,13.9,9.3,3.1,210,353,456,4.5
Meat,Snack,12.9,17.8,47.8,8.2,3.1,837,166,370,13.04
Fruits,Dinner,8.2,60.6,20.9,7.8,14.8,854,581,69,4.03
Snacks,Lunch,42.4,20.1,25.9,6.6,36.4,121,576,264,6.79
Meat,Breakfast,9.2,35.4,14.7,5.0,39.1,909,819,183,2.82
Snacks,Breakfast,12.4,22.2,23.7,0.8,23.7,982,876,113,5.21
Dairy,Breakfast,33.1,29.1,19.2,9.9,44.0,787,936,57,4.58
Snacks,Dinner,33.7,74.5,2.0,2.3,0.6,93,316,421,0.57
Dairy,Breakfast,20.2,80.3,25.5,6.8,10.3,831,641,328,5.42
Snacks,Dinner,7.6,77.1,46.0,7.0,30.8,380,603,453,8.15
Vegetables,Snack,36.7,33.8,17.9,3.6,32.2,116,543,71,4.3
Grains,Breakfast,19.1,53.5,22.9,7.1,18.1,599,104,434,4.82
Snacks,Snack,11.5,28.3,46.2,6.2,32.9,368,773,111,9.49
Grains,Dinner,22.3,14.2,40.2,5.4,31.9,993,841,441,10.16
Grains,Snack,17.1,20.9,33.5,2.1,20.7,825,849,100,7.88
Vegetables,Lunch,5.9,90.9,26.8,5.7,0.7,239,490,50,6.61
Fruits,Lunch,16.8,77.8,7.3,4.8,27.3,601,741,344,1.4
Fruits,Breakfast,6.3,76.9,1.7,5.9,24.1,68,606,571,0.3
Beverages,Breakfast,40.5,55.9,33.6,4.1,41.7,714,387,519,7.5
Snacks,Lunch,40.7,66.2,21.0,9.6,24.8,879,282,102,4.69
Meat,Lunch,43.2,66.7,13.6,8.1,24.8,552,101,252,3.06
Vegetables,Dinner,2.7,14.2,17.9,4.7,44.7,955,908,528,3.27
Vegetables,Snack,21.3,72.4,15.7,7.0,13.6,919,484,234,3.31
Beverages,Snack,31.2,42.9,15.3,1.4,8.0,831,751,490,3.84
Meat,Snack,22.5,51.3,26.1,5.4,31.8,409,394,343,5.45
Meat,Snack,17.2,32.6,10.7,0.3,42.1,320,684,577,2.26
Beverages,Breakfast,37.5,11.2,25.0,1.3,36.6,410,672,108,6.88
Grains,Lunch,19.5,70.9,39.2,4.1,32.4,998,957,466,7.66
Fruits,Snack,35.3,98.5,33.2,3.1,19.1,499,335,549,6.97
Fruits,Dinner,20.8,74.1,37.9,8.6,20.3,79,133,312,7.67
Dairy,Breakfast,23.7,84.3,13.1,4.2,38.3,133,523,510,2.54
Snacks,Lunch,36.4,49.3,48.7,1.9,49.4,701,866,403,10.82
Dairy,Lunch,10.4,43.0,21.6,4.4,42.8,632,153,127,4.09
Meat,Breakfast,5.2,63.9,47.9,7.7,6.1,257,280,250,9.88
Dairy,Snack,14.2,54.8,30.3,5.4,48.3,219,716,334,5.75
Grains,Breakfast,30.4,34.0,11.0,2.4,29.5,178,819,164,2.58
Vegetables,Snack,15.3,42.6,37.2,0.5,7.7,381,161,572,8.49
Dairy,Breakfast,45.7,12.2,25.6,0.6,33.5,371,723,585,7.15
Grains,Breakfast,14.8,55.0,31.5,4.9,38.1,617,587,241,6.08
Dairy,Snack,5.4,74.9,36.5,7.9,39.7,408,508,260,6.25
Dairy,Dinner,32.8,29.3,35.9,2.3,5.9,176,774,464,9.83
Fruits,Dinner,1.3,7.3,31.8,7.3,35.6,556,280,533,5.81
Beverages,Dinner,11.7,85.5,46.5,5.2,32.8,965,772,309,8.42
Dairy,Dinner,6.1,56.8,41.2,3.8,10.2,507,250,427,8.13
Vegetables,Lunch,49.1,14.1,41.3,4.7,8.4,806,344,207,12.47
Beverages,Dinner,11.7,64.4,14.0,9.4,44.6,354,283,366,2.56
Snacks,Snack,47.9,12.2,30.2,6.4,28.2,296,151,363,8.54
Vegetables,Dinner,2.0,53.5,24.0,6.1,5.2,965,360,462,4.9
Dairy,Snack,19.0,40.8,1.9,9.4,0.4,981,124,599,0.55
Meat,Snack,17.2,72.1,27.8,1.4,38.4,353,923,365,5.28
Vegetables,Breakfast,33.2,14.5,40.4,5.1,6.9,78,661,505,11.89
Fruits,Snack,9.7,89.0,26.6,8.1,46.1,202,847,153,4.64
Fruits,Breakfast,35.6,8.2,35.9,2.7,44.7,314,673,127,10.03
Snacks,Dinner,7.2,34.6,19.5,2.4,16.8,292,985,563,3.86
Fruits,Dinner,5.4,75.2,3.5,6.5,3.5,189,774,318,0.77
Meat,Lunch,32.5,61.4,38.9,0.3,5.6,938,211,406,9.67
Grains,Breakfast,30.3,80.3,18.2,9.8,2.6,83,287,484,4.67
Beverages,Dinner,42.8,84.0,35.5,6.5,34.3,24,921,317,7.56
Fruits,Dinner,30.5,92.5,14.9,2.2,38.7,668,794,453,2.96
Dairy,Dinner,18.4,9.0,40.2,5.2,42.9,505,107,263,10.36
Snacks,Breakfast,7.7,79.9,28.8,7.5,46.5,930,892,563,4.98
Fruits,Dinner,35.7,50.3,12.1,7.0,33.6,776,332,321,2.72
Fruits,Dinner,44.8,56.5,49.3,1.2,0.3,289,589,80,15.28
Meat,Lunch,13.2,57.1,35.0,4.5,36.1,535,173,179,6.65
Vegetables,Dinner,41.8,70.2,19.6,5.1,11.4,385,314,428,4.63
Fruits,Snack,11.6,17.7,27.7,8.4,21.8,38,538,552,6.26
Grains,Snack,2.3,51.8,47.5,1.1,8.5,773,980,562,9.18
Vegetables,Lunch,12.2,98.1,42.5,9.1,19.6,164,922,116,7.94
Fruits,Dinner,47.9,52.0,1.6,5.3,11.2,719,139,148,0.4
Beverages,Snack,1.8,32.3,31.5,7.4,31.3,70,412,125,5.4
Beverages,Snack,14.1,80.5,45.5,7.9,30.4,414,459,177,8.47
Vegetables,Lunch,34.2,66.8,35.7,7.9,8.6,421,543,452,8.46
Beverages,Breakfast,15.9,49.6,2.2,9.9,10.5,364,174,547,0.48
Vegetables,Breakfast,24.5,97.2,48.6,9.2,38.6,825,514,57,9.3
Beverages,Breakfast,49.3,57.4,40.3,4.0,27.5,392,823,531,9.43
Grains,Snack,11.7,58.3,7.2,7.6,41.8,602,558,138,1.33
Beverages,Breakfast,24.6,86.5,37.1,8.5,14.4,229,582,364,7.74
Grains,Lunch,18.0,73.5,22.5,0.6,8.4,980,315,97,4.87
Meat,Dinner,38.0,20.3,45.5,7.4,10.7,895,766,246,12.65
Vegetables,Snack,16.6,89.6,25.0,0.3,10.1,294,120,268,5.16
Grains,Lunch,11.8,77.4,8.5,3.2,14.3,98,273,143,1.66
Dairy,Breakfast,37.3,64.0,36.2,0.7,21.2,223,880,460,8.1
Vegetables,Lunch,49.3,60.1,45.8,1.6,15.5,153,595,425,11.05
Dairy,Dinner,39.4,10.0,21.9,3.3,10.3,228,808,177,6.57
Meat,Snack,4.6,9.3,13.0,9.2,18.7,846,452,431,2.83
Vegetables,Lunch,39.6,19.5,30.0,2.5,11.3,327,403,280,8.39
Grains,Breakfast,4.2,60.5,29.0,3.8,32.2,69,936,367,5.02
Vegetables,Snack,22.4,90.0,2.6,6.7,10.0,775,310,581,0.55
Beverages,Snack,12.7,78.7,8.4,6.1,35.1,669,378,381,1.54
Meat,Breakfast,5.2,6.8,20.9,3.4,8.7,671,848,493,5.15
Snacks,Dinner,12.9,66.8,25.3,4.6,12.7,350,419,470,5.12
Dairy,Dinner,42.0,13.7,8.3,6.7,27.4,499,951,245,2.3
Beverages,Snack,5.4,79.2,23.9,8.1,11.8,172,645,147,4.52
Beverages,Lunch,24.9,6.0,39.3,1.3,17.5,793,840,466,11.37
Snacks,Dinner,17.9,58.1,23.0,8.7,47.9,771,571,54,4.47
Vegetables,Lunch,6.5,83.3,40.4,7.0,20.2,410,167,498,7.3
Grains,Snack,40.1,19.2,34.2,2.8,6.2,584,339,90,10.07
Grains,Lunch,7.3,19.3,30.9,1.4,9.2,865,889,172,6.95
Dairy,Dinner,9.6,27.2,29.1,6.0,19.7,400,965,255,6.06
Snacks,Snack,31.9,34.1,48.5,4.7,34.9,482,840,311,11.35
Fruits,Dinner,37.0,70.2,47.7,9.5,24.4,242,642,334,10.41
Snacks,Breakfast,15.4,12.0,39.6,0.2,43.6,950,285,94,9.57
Dairy,Dinner,48.8,57.5,38.4,2.0,2.5,226,101,422,10.94
Grains,Dinner,25.3,43.1,46.9,7.8,26.1,443,667,540,10.35
Fruits,Lunch,14.0,26.5,1.0,2.2,27.0,87,567,253,0.22
Fruits,Snack,4.9,50.8,3.5,3.7,7.2,951,479,269,0.71
Dairy,Lunch,23.0,71.8,13.4,5.3,46.8,984,360,309,2.62
Vegetables,Snack,4.1,57.0,35.6,1.7,7.9,742,590,442,7.07
Fruits,Breakfast,1.9,11.4,18.9,2.2,37.3,319,332,161,3.44
Fruits,Snack,14.2,14.4,45.6,5.3,15.7,358,404,322,11.22
Dairy,Dinner,24.0,30.8,14.5,9.3,15.6,606,191,115,3.46
Dairy,Breakfast,39.2,11.4,40.8,2.3,20.1,833,247,68,11.58
Fruits,Dinner,23.5,69.7,8.7,8.5,14.0,235,703,156,1.86
Meat,Snack,17.5,88.1,33.8,10.0,39.6,582,139,234,6.28
Snacks,Lunch,9.0,63.2,24.2,9.3,47.5,612,634,348,4.31
Meat,Dinner,3.4,73.0,49.6,9.3,31.0,677,883,296,8.46
Snacks,Dinner,10.4,17.9,10.6,9.3,49.1,179,469,164,2.25
Meat,Snack,25.1,40.5,11.8,6.4,0.9,990,848,308,3.44
Snacks,Dinner,46.1,25.0,18.7,0.4,43.2,428,533,436,4.79
Grains,Lunch,2.7,67.5,14.2,3.6,33.9,430,859,95,2.39
Vegetables,Snack,46.5,84.3,29.6,8.1,20.7,911,314,480,6.58
Dairy,Dinner,11.0,50.2,16.4,5.4,45.2,391,922,151,3.06
Grains,Lunch,32.8,29.4,16.9,2.8,39.4,326,253,394,4.04
Vegetables,Dinner,32.6,87.0,24.5,1.1,47.3,58,117,545,4.9
Meat,Snack,1.3,61.5,34.8,8.3,4.5,889,772,165,7.16
Vegetables,Breakfast,3.4,72.4,19.2,1.6,42.2,92,744,461,3.21
Grains,Dinner,22.6,33.7,30.0,3.8,10.2,691,120,72,7.26
Grains,Snack,25.1,74.2,14.0,2.7,6.2,902,571,223,3.25
Dairy,Lunch,34.5,9.8,4.8,3.1,24.9,920,105,282,1.35
Grains,Snack,40.1,5.2,27.0,1.9,19.0,30,715,86,8.12
Dairy,Dinner,4.3,15.2,10.7,3.5,49.6,198,499,233,2.04
Snacks,Lunch,34.0,24.4,20.6,5.9,23.2,819,816,298,5.22
Meat,Snack,26.9,80.9,29.2,9.8,42.2,515,866,571,5.77
Vegetables,Lunch,12.0,60.6,29.1,7.9,9.9,118,334,168,6.05
Dairy,Snack,39.3,37.1,45.1,7.9,4.5,982,102,458,12.57
Snacks,Breakfast,19.3,36.8,45.6,6.9,9.0,332,799,345,10.78
Grains,Snack,25.1,53.1,31.1,1.1,45.6,513,327,309,6.45
Dairy,Dinner,11.8,60.9,36.7,3.8,34.1,578,702,388,6.86
Fruits,Breakfast,14.9,73.8,27.6,2.3,46.4,868,636,60,5.1
Meat,Dinner,12.1,84.9,38.9,8.8,12.7,913,206,561,7.65
Grains,Breakfast,9.8,9.1,5.1,2.2,2.7,825,158,376,1.47
Beverages,Snack,3.3,80.0,17.7,2.2,40.8,198,489,180,2.95
Dairy,Lunch,29.0,80.6,39.1,7.0,36.4,636,695,347,7.88
Beverages,Dinner,22.0,38.1,30.0,4.9,16.5,923,571,350,6.82
Beverages,Lunch,15.6,64.2,14.1,5.4,20.4,711,796,245,2.8
Fruits,Lunch,37.8,21.5,34.9,2.1,45.8,270,747,388,8.86
Snacks,Lunch,38.7,95.2,20.9,1.3,16.3,897,417,204,4.52
Fruits,Snack,14.2,49.0,19.7,7.2,29.4,515,730,180,3.89
Snacks,Breakfast,31.9,92.1,5.4,2.6,23.8,292,188,519,1.11
Snacks,Dinner,25.8,47.5,43.4,3.3,11.0,915,562,248,10.13
Snacks,Dinner,29.6,8.8,2.5,4.7,48.2,507,962,485,0.68
Meat,Dinner,45.0,17.6,2.0,4.2,19.2,522,575,342,0.55
Vegetables,Dinner,44.7,8.6,22.1,1.7,38.7,291,474,507,6.3
Vegetables,Breakfast,40.9,46.1,14.0,7.6,20.4,798,974,304,3.35
Fruits,Snack,19.5,43.4,10.9,2.7,42.2,153,147,77,2.25
Beverages,Snack,41.5,93.5,28.7,8.0,47.8,366,345,87,5.89
Snacks,Lunch,49.3,96.6,45.4,4.7,22.5,844,293,184,9.92
Meat,Dinner,22.7,97.1,11.7,3.4,40.6,434,500,134,2.21
Vegetables,Breakfast,48.2,13.3,18.9,5.6,7.7,308,779,353,5.77
Beverages,Snack,17.2,59.1,19.2,6.3,30.6,555,401,555,3.79
Snacks,Snack,26.3,26.0,40.4,1.6,24.9,62,274,168,9.73
Dairy,Lunch,1.5,76.1,13.3,0.7,45.3,814,837,185,2.17
Grains,Breakfast,10.8,36.6,15.3,2.0,47.2,863,197,363,2.95
Fruits,Snack,27.1,21.6,29.2,4.1,20.0,17,286,389,7.35
Snacks,Breakfast,3.4,93.9,31.3,8.5,10.7,901,953,293,5.85
Beverages,Dinner,11.3,29.7,7.8,0.6,42.0,190,914,527,1.57
Snacks,Dinner,36.0,95.1,30.1,7.7,39.3,461,687,153,6.09
Beverages,Dinner,5.2,35.8,49.5,9.7,33.5,414,192,342,8.99
Dairy,Lunch,40.9,72.1,38.4,2.7,13.3,162,213,292,8.88
Vegetables,Snack,28.5,89.0,38.1,3.0,8.2,790,802,424,8.53
Vegetables,Breakfast,33.4,71.2,13.0,1.5,0.5,577,931,169,3.75
Beverages,Snack,37.8,82.9,26.4,8.9,35.2,932,476,257,5.52
Beverages,Breakfast,3.3,13.0,31.3,5.0,41.5,313,340,347,5.93
Beverages,Breakfast,19.3,8.6,41.8,2.2,8.4,178,642,127,12.02
Beverages,Breakfast,39.3,77.2,40.3,5.2,46.7,330,588,556,8.46
Vegetables,Dinner,46.9,36.9,42.2,7.8,12.7,202,115,425,11.02
Grains,Breakfast,37.3,22.5,23.5,6.6,40.5,921,589,152,5.95
Vegetables,Lunch,18.8,59.5,2.7,1.5,17.1,812,283,310,0.56
Grains,Snack,17.5,18.6,49.8,3.7,48.3,584,702,318,11.46
Fruits,Dinner,42.3,61.5,46.3,0.1,21.9,849,910,480,10.61
Meat,Breakfast,24.5,21.4,10.2,2.8,6.2,188,707,526,2.78
Grains,Dinner,5.5,51.8,33.0,6.5,12.2,615,449,595,6.38
Dairy,Snack,38.9,78.5,6.3,2.7,44.1,657,594,388,1.32
Dairy,Dinner,38.4,47.1,42.8,1.5,31.6,438,615,101,9.85
Grains,Dinner,33.6,12.2,25.9,0.4,16.8,448,605,497,7.27
Snacks,Breakfast,43.1,65.0,42.6,4.7,22.1,814,669,580,9.7
Dairy,Snack,10.1,50.3,43.1,6.4,39.0,53,315,110,8.02
Dairy,Snack,11.5,55.1,30.2,7.6,49.2,201,528,400,5.58
Fruits,Snack,28.5,78.8,11.9,4.6,22.9,811,535,490,2.47
Vegetables,Lunch,38.7,44.3,29.0,0.9,37.6,234,174,201,6.69
Beverages,Dinner,10.7,84.5,27.9,9.5,5.7,847,226,168,5.95
Fruits,Dinner,19.6,64.4,3.7,1.0,39.8,763,548,187,0.72
Fruits,Lunch,22.6,21.4,23.3,5.9,43.2,30,699,128,5.49
Fruits,Breakfast,22.7,27.8,26.6,1.3,25.8,678,862,260,6.18
Vegetables,Breakfast,48.5,88.2,15.6,8.1,32.5,420,442,436,3.37
Beverages,Breakfast,38.4,34.9,15.1,5.0,29.3,171,689,90,3.66
Beverages,Snack,17.9,51.8,28.5,2.4,41.7,700,124,102,5.66
Meat,Breakfast,47.5,43.6,17.2,2.4,19.4,286,463,580,4.26
Vegetables,Snack,6.1,27.3,27.3,2.9,29.7,368,308,177,5.21
Fruits,Breakfast,45.5,65.9,32.8,3.0,16.2,978,738,121,7.69
Grains,Snack,36.1,81.6,49.3,8.7,0.8,290,637,599,13.89
Meat,Lunch,1.6,8.0,3.3,1.7,28.0,386,617,73,0.62
Fruits,Lunch,21.0,28.0,43.6,9.9,26.2,40,511,243,9.99
Snacks,Dinner,31.0,78.3,9.0,6.2,1.8,152,831,159,2.39
Grains,Breakfast,4.0,39.2,41.4,0.3,46.8,913,452,285,7.17
Fruits,Dinner,30.9,25.3,31.6,9.4,41.1,147,440,325,7.64
Snacks,Snack,48.9,13.5,46.1,7.0,40.7,439,795,289,12.75
Beverages,Dinner,14.2,21.6,48.3,3.6,42.4,547,484,355,10.55
Grains,Breakfast,28.3,73.6,43.1,6.6,14.1,112,536,182,9.37
Snacks,Breakfast,19.3,17.8,18.0,4.0,35.2,314,439,426,4.29
Beverages,Lunch,39.0,41.1,41.4,4.9,14.1,621,647,354,10.28
Beverages,Lunch,42.0,79.1,17.3,6.0,21.0,222,186,334,3.82
Beverages,Breakfast,45.7,16.9,17.8,4.9,30.8,84,453,105,4.84
Vegetables,Lunch,12.5,65.4,1.3,3.3,28.8,402,338,411,0.25
Snacks,Dinner,22.1,75.8,36.1,7.2,5.1,223,134,264,8.41
Snacks,Breakfast,18.8,81.5,48.9,0.1,18.2,882,727,71,9.75
Vegetables,Dinner,27.6,72.2,28.6,1.7,19.9,570,494,154,6.04
Meat,Lunch,23.1,13.8,6.5,3.9,6.7,337,222,242,1.85
Meat,Dinner,40.4,25.6,18.4,5.1,33.7,52,355,272,4.66
Snacks,Lunch,12.1,20.4,40.2,5.3,13.7,16,245,429,9.28
Vegetables,Lunch,25.6,28.4,28.4,2.8,29.2,140,993,231,6.66
Snacks,Dinner,32.6,82.2,40.2,4.5,22.6,236,254,440,8.46
Dairy,Snack,46.7,11.4,48.9,3.7,10.5,812,990,140,14.71
Meat,Snack,2.0,98.3,35.8,7.0,12.2,136,356,296,6.52
Vegetables,Dinner,17.9,5.1,17.1,6.3,6.4,533,194,335,5.23
Fruits,Breakfast,24.2,76.2,15.8,1.8,39.2,335,572,373,3.11
Beverages,Breakfast,34.0,57.7,9.5,7.8,33.5,841,447,500,2.07
Dairy,Dinner,14.0,8.6,18.9,7.0,40.0,99,384,516,4.73
Meat,Lunch,47.9,48.4,45.1,3.9,43.1,281,367,487,10.56
Snacks,Breakfast,49.1,82.8,14.8,2.8,33.3,824,281,153,3.23
Grains,Snack,8.6,71.4,17.3,9.6,25.1,218,815,212,3.16
Fruits,Breakfast,7.5,89.1,9.2,7.6,29.2,240,792,516,1.62
Fruits,Lunch,47.5,60.1,22.6,1.8,4.5,475,739,459,6.06
Snacks,Dinner,18.5,64.5,27.7,3.4,17.6,157,553,313,5.68
Snacks,Snack,10.3,93.5,1.2,0.4,23.7,402,535,382,0.22
Beverages,Snack,8.8,74.3,49.0,7.5,30.0,600,539,355,8.82
Meat,Breakfast,43.9,18.9,29.1,9.8,34.1,574,800,218,7.74
Dairy,Dinner,40.6,40.3,16.6,1.5,49.0,420,641,255,3.88
Vegetables,Dinner,38.9,15.2,18.8,8.0,9.3,145,289,171,5.47
Fruits,Snack,32.4,49.0,24.6,2.2,5.6,757,386,353,6.3
Dairy,Lunch,40.9,14.7,12.0,1.5,33.7,40,663,438,3.26
Dairy,Dinner,5.1,32.0,36.1,5.4,41.0,329,870,300,6.53
Fruits,Lunch,36.4,16.9,30.6,8.6,45.0,582,135,562,7.97
Dairy,Lunch,44.3,16.1,35.4,2.9,39.9,582,496,269,9.54
Beverages,Lunch,28.2,18.3,47.4,7.9,34.9,618,417,80,11.93
Meat,Snack,26.7,34.5,28.0,2.1,22.6,797,399,465,6.51
Beverages,Lunch,27.4,92.3,46.4,5.6,33.3,758,584,85,9.15
Beverages,Dinner,40.6,41.1,39.5,3.7,35.8,978,812,404,9.32
Vegetables,Snack,47.5,67.1,29.2,5.6,43.4,165,451,548,6.48
Grains,Lunch,28.5,42.0,19.2,0.4,31.7,271,410,134,4.29
Dairy,Breakfast,28.4,63.9,27.0,8.4,45.5,843,710,332,5.55
Fruits,Dinner,24.1,51.9,39.8,1.3,4.4,757,726,480,9.96
Dairy,Lunch,40.2,43.3,48.1,2.3,16.1,192,104,372,11.79
Dairy,Lunch,4.8,13.9,18.5,9.4,36.7,749,972,306,3.67
Meat,Dinner,47.2,57.6,42.8,4.1,48.5,809,535,412,9.68
Snacks,Breakfast,21.0,92.4,7.8,5.6,33.7,645,373,107,1.49
Vegetables,Lunch,46.3,94.9,34.3,4.4,47.9,147,235,505,7.14
Dairy,Lunch,42.9,64.1,45.3,3.0,41.6,539,815,52,9.98
Dairy,Breakfast,23.8,6.9,30.5,7.9,15.8,636,815,288,8.74
Vegetables,Lunch,38.3,79.7,15.7,2.5,32.6,203,722,223,3.32
Vegetables,Dinner,16.3,91.2,41.2,9.0,31.1,835,586,160,7.68
Vegetables,Snack,15.3,85.5,8.5,1.7,31.2,639,240,561,1.58
Dairy,Breakfast,2.0,48.5,14.1,9.3,18.1,217,670,515,2.5
Fruits,Lunch,42.7,90.9,32.6,3.2,46.3,118,705,524,6.76
Fruits,Snack,33.1,96.6,32.5,5.6,37.8,499,882,184,6.49
Meat,Dinner,2.1,21.1,8.2,7.0,22.7,256,982,480,1.48
Snacks,Breakfast,20.9,72.6,3.8,1.1,43.9,602,119,358,0.73
Fruits,Snack,20.1,75.5,23.3,2.6,16.3,192,975,154,4.77
Vegetables,Dinner,6.1,86.5,36.8,9.4,30.7,564,748,384,6.4
Meat,Lunch,2.0,17.7,14.2,5.6,42.9,177,802,544,2.48
Grains,Snack,49.2,30.3,17.0,2.8,16.3,255,641,141,4.51
Meat,Snack,47.5,47.1,10.1,9.0,8.6,568,928,378,2.64
Snacks,Lunch,12.3,12.1,7.9,7.7,15.1,188,651,95,1.96
Grains,Dinner,15.9,40.0,43.6,8.3,36.6,542,193,492,8.89
Fruits,Lunch,18.7,57.1,41.0,2.4,25.4,657,539,450,8.32
Meat,Dinner,41.5,11.7,28.0,4.7,46.3,265,408,415,7.69
Snacks,Lunch,14.1,64.5,9.6,7.1,0.1,353,296,290,2.64
Fruits,Snack,22.8,97.5,24.0,5.7,15.6,628,749,299,4.86
Dairy,Snack,6.5,75.7,38.3,1.7,47.7,389,349,306,6.56
Fruits,Lunch,29.9,28.5,39.1,1.6,10.1,500,890,479,10.11
Grains,Breakfast,22.9,92.0,44.6,9.5,16.6,869,934,503,9.04
Grains,Dinner,32.4,26.3,11.9,9.1,12.4,23,745,94,3.1
Grains,Lunch,20.4,42.9,19.0,2.9,21.2,536,632,276,4.12
Dairy,Dinner,26.1,81.1,11.6,3.1,6.8,128,739,315,2.65
Vegetables,Snack,30.0,58.9,18.0,4.3,3.4,831,273,344,4.67
Snacks,Lunch,46.8,24.7,4.1,4.4,25.3,81,151,410,1.08
Dairy,Breakfast,26.4,86.3,47.8,1.9,37.8,886,271,574,9.39
Snacks,Lunch,41.3,54.7,39.5,1.8,27.6,860,658,314,9.05
Fruits,Breakfast,7.9,11.9,31.0,7.7,16.4,265,315,224,7.14
Meat,Lunch,26.5,57.3,39.2,6.3,0.6,85,692,379,11.22
Meat,Breakfast,43.8,26.9,38.6,6.2,3.2,140,890,480,11.68
Vegetables,Dinner,33.9,95.2,42.8,5.0,29.4,935,172,318,8.71
Meat,Snack,20.3,80.1,8.7,2.6,10.3,160,281,504,1.85
Snacks,Lunch,26.1,38.0,29.0,4.1,21.0,712,811,263,6.65
Snacks,Lunch,29.2,84.1,12.2,3.0,35.2,383,534,202,2.45
Grains,Lunch,4.0,68.9,32.2,6.2,44.4,80,145,65,5.42
Meat,Breakfast,39.6,37.0,31.9,6.4,42.6,247,247,220,7.56
Snacks,Lunch,36.5,71.6,7.0,2.7,24.3,608,612,495,1.52
Snacks,Breakfast,46.0,7.0,17.8,7.8,16.5,605,607,80,5.36
Grains,Dinner,1.8,42.6,1.2,5.0,36.0,995,748,284,0.2
Beverages,Lunch,32.5,85.9,6.5,7.6,7.7,752,942,173,1.5
Beverages,Dinner,6.7,51.9,5.1,2.4,29.8,661,153,324,0.92
Snacks,Snack,46.1,50.7,22.2,4.4,20.0,644,434,574,5.34
Dairy,Breakfast,30.3,62.3,29.9,7.0,3.9,42,151,60,7.62
Vegetables,Lunch,12.9,93.8,17.5,2.5,28.9,931,477,169,3.2
Snacks,Breakfast,18.4,34.8,40.8,3.8,12.1,675,238,202,9.39
Beverages,Breakfast,8.4,90.8,9.4,8.4,36.9,218,403,558,1.64
Meat,Dinner,26.3,24.1,41.8,6.9,24.2,760,448,182,10.19
Meat,Breakfast,4.6,48.9,27.3,3.1,27.8,964,778,461,4.86
Beverages,Breakfast,20.2,92.3,46.0,4.9,23.7,442,272,180,8.93
Dairy,Snack,3.9,89.2,17.6,8.9,33.7,124,418,257,2.98
Snacks,Dinner,19.5,92.6,3.2,5.3,19.5,238,346,182,0.63
Snacks,Lunch,17.1,44.0,30.5,7.7,36.9,82,156,429,6.2
Snacks,Lunch,23.0,76.3,4.3,7.1,6.7,14,846,521,0.98
Snacks,Breakfast,1.5,32.1,27.6,4.1,26.8,123,869,326,4.75
Snacks,Dinner,24.9,91.2,37.7,1.5,21.7,26,189,148,7.56
Meat,Lunch,46.6,29.7,47.8,6.8,47.2,145,126,410,11.95
Meat,Breakfast,27.4,45.6,17.5,0.2,11.2,673,898,210,4.14
Vegetables,Lunch,8.4,12.4,46.2,5.1,44.9,826,299,89,10.06
Grains,Dinner,15.9,72.3,11.2,0.9,9.5,306,889,275,2.37
Vegetables,Dinner,32.7,77.9,45.9,6.0,20.8,500,276,309,9.79
Vegetables,Snack,22.5,42.7,42.5,1.3,22.1,961,766,220,9.33
Fruits,Snack,45.4,45.8,38.9,4.5,7.9,429,993,349,10.22
Beverages,Breakfast,16.9,14.9,31.4,9.7,27.6,247,892,304,7.62
Beverages,Dinner,35.1,83.9,19.3,3.2,18.4,847,542,241,4.15
Dairy,Lunch,16.8,15.3,37.9,4.3,15.6,434,577,549,9.49
Fruits,Dinner,16.9,50.1,35.5,6.6,15.7,125,851,80,7.51
Fruits,Snack,34.7,36.5,6.3,6.3,5.9,336,385,52,1.69
Grains,Snack,4.1,89.4,33.6,0.2,44.8,109,198,462,5.6
Dairy,Snack,1.2,48.7,14.2,7.6,49.2,618,590,552,2.31
Dairy,Lunch,39.5,49.8,7.5,6.4,9.7,136,323,326,1.87
Dairy,Snack,41.1,83.5,19.5,3.1,9.1,995,423,536,4.57
Grains,Dinner,37.6,41.2,16.4,1.2,32.7,785,770,439,3.84
Dairy,Breakfast,49.5,14.8,26.5,2.9,0.9,849,529,442,9.23
Dairy,Lunch,11.7,64.1,29.9,5.8,47.1,55,948,94,5.46
Fruits,Snack,28.1,84.0,23.0,3.0,12.1,738,117,251,4.98
Vegetables,Breakfast,23.7,26.7,47.5,0.6,18.2,89,599,394,11.43
Grains,Lunch,10.7,72.5,8.5,1.6,3.3,39,716,166,1.95
Dairy,Lunch,34.7,90.0,18.4,7.6,14.2,441,573,55,4.0
Fruits,Dinner,10.9,74.2,9.1,1.9,42.3,81,810,581,1.63
Meat,Dinner,10.4,37.3,10.2,8.3,24.7,873,810,293,2.03
Grains,Snack,35.2,84.3,42.3,4.9,25.4,629,403,407,8.89
Dairy,Snack,1.1,71.0,12.9,0.1,5.1,704,495,307,2.6
Beverages,Dinner,20.9,46.4,47.6,0.6,24.8,333,673,330,10.12
Snacks,Snack,10.3,39.7,32.1,2.6,49.3,561,500,242,6.08
Meat,Dinner,45.6,44.9,4.3,9.1,1.6,391,772,53,1.29
Meat,Snack,9.4,86.7,2.2,2.7,39.9,934,943,331,0.39
Meat,Lunch,46.0,29.0,4.3,1.1,24.8,305,842,419,1.11
Beverages,Snack,24.3,57.4,12.5,3.8,34.8,76,568,434,2.58
Grains,Breakfast,10.5,87.5,28.9,2.4,10.0,925,445,257,5.76
Beverages,Breakfast,8.2,38.4,4.0,9.5,27.6,620,340,479,0.76
Beverages,Breakfast,45.8,19.4,14.1,0.6,29.9,908,129,552,3.78
Fruits,Snack,3.8,19.8,18.3,5.4,2.8,557,194,375,4.34
Vegetables,Breakfast,8.1,17.3,11.4,4.8,20.6,749,353,311,2.46
Snacks,Lunch,4.4,69.3,13.5,0.4,18.3,83,606,496,2.43
Fruits,Snack,17.6,38.6,12.9,1.2,6.5,998,995,180,3.09
Snacks,Lunch,13.6,90.9,26.0,4.9,20.2,156,631,162,4.92
Vegetables,Snack,8.0,12.3,1.3,4.7,46.1,286,846,234,0.28
Dairy,Breakfast,3.9,63.6,19.2,6.3,18.2,495,417,538,3.46
Vegetables,Snack,40.9,52.9,44.8,3.2,2.6,520,221,444,12.57
Grains,Lunch,10.3,65.0,31.8,5.8,0.6,943,314,412,8.25
Meat,Snack,4.3,47.7,1.4,1.1,7.8,91,360,193,0.28
Vegetables,Snack,31.0,10.5,31.0,3.1,18.3,729,327,556,8.71
Snacks,Snack,34.7,88.0,16.9,9.4,13.7,344,126,292,3.7
Fruits,Breakfast,35.4,23.3,43.6,8.1,23.6,159,609,286,11.18
Fruits,Dinner,29.3,48.0,39.9,0.8,38.9,644,855,582,8.68
Fruits,Lunch,19.3,68.6,29.2,0.8,40.2,953,994,69,5.65
Meat,Lunch,1.7,92.6,25.2,5.5,43.8,772,934,251,4.11
Dairy,Snack,41.5,86.0,26.1,4.0,34.6,387,332,78,5.51
Fruits,Breakfast,6.2,92.8,47.1,7.7,44.7,473,164,545,7.98
Grains,Breakfast,35.0,67.7,32.9,7.4,22.4,718,362,309,7.2
Snacks,Dinner,7.0,14.0,45.7,3.3,48.1,48,984,397,9.47
Beverages,Dinner,31.5,14.4,4.3,0.6,33.7,98,866,233,1.13
Snacks,Snack,37.0,77.0,46.4,2.0,24.4,667,309,134,9.99
Fruits,Lunch,42.0,56.6,47.8,0.6,5.3,794,647,467,12.51
Vegetables,Dinner,32.1,55.0,27.0,4.9,22.7,580,916,493,6.01
Fruits,Snack,35.8,44.3,49.7,5.6,49.4,355,494,510,11.2
Vegetables,Dinner,29.7,17.5,21.0,2.1,47.5,636,548,531,5.29
Vegetables,Lunch,32.9,93.1,43.4,6.0,18.4,369,347,107,9.12
Beverages,Lunch,49.0,79.4,39.8,1.3,42.8,623,119,423,8.65
Vegetables,Lunch,5.6,62.9,6.6,6.8,34.3,641,574,500,1.15
Vegetables,Lunch,9.7,54.8,45.5,5.6,47.8,815,379,518,8.27
Meat,Snack,36.1,68.5,47.1,7.1,33.4,96,981,145,10.09
Vegetables,Breakfast,21.0,85.3,13.8,0.9,43.6,207,625,345,2.62
Grains,Lunch,1.0,13.9,45.0,1.2,7.1,225,651,339,9.03
Grains,Breakfast,11.5,63.5,22.1,3.1,41.3,212,220,322,4.06
Dairy,Snack,9.2,5.4,34.9,1.7,30.5,824,139,301,8.81
Snacks,Snack,7.1,97.2,19.9,5.8,29.5,967,802,599,3.47
Fruits,Snack,28.0,75.2,38.8,8.4,33.5,317,408,51,7.89
Beverages,Lunch,4.1,43.1,14.2,7.4,11.0,317,995,73,2.75
Dairy,Dinner,18.8,47.9,19.2,8.1,6.9,218,506,520,4.49
Grains,Breakfast,12.8,27.5,37.2,2.4,25.7,572,771,435,7.92
Vegetables,Dinner,30.6,98.3,13.2,0.9,47.3,700,875,217,2.57
Dairy,Snack,46.1,14.5,15.1,0.3,30.9,77,665,427,4.17
Dairy,Breakfast,47.6,61.2,14.9,3.0,33.1,411,982,100,3.4
Dairy,Snack,11.8,73.6,24.3,8.5,24.3,70,852,413,4.56
Grains,Dinner,9.7,30.4,38.6,7.5,12.3,321,382,64,8.27
Meat,Lunch,7.2,28.4,20.2,8.0,35.3,63,638,508,3.88
Meat,Breakfast,35.6,58.0,1.2,9.3,22.7,524,643,162,0.27
Beverages,Snack,28.7,39.0,5.8,2.5,26.5,977,883,416,1.33
Grains,Breakfast,39.9,61.0,21.7,5.0,10.7,346,863,502,5.22
Dairy,Breakfast,9.1,23.8,26.9,6.7,34.7,601,576,412,5.46
Snacks,Dinner,2.4,48.2,11.4,8.1,40.9,313,333,54,1.91
Dairy,Dinner,29.9,13.6,11.3,6.9,42.0,824,901,418,2.95
Meat,Snack,46.0,42.5,39.6,1.6,7.1,11,765,251,10.63
Snacks,Breakfast,23.1,34.9,49.2,7.6,3.3,42,257,544,13.23
Beverages,Snack,39.1,96.8,44.7,8.8,1.4,694,917,134,12.11
Meat,Lunch,7.4,17.8,38.2,9.7,22.8,359,381,426,8.04
Snacks,Snack,5.6,60.1,46.7,9.4,40.8,876,596,291,8.1
Snacks,Lunch,27.1,88.7,35.0,1.2,34.8,778,292,243,6.91
Meat,Dinner,41.1,77.2,49.2,8.5,3.6,692,117,309,12.78
Vegetables,Dinner,14.5,12.5,4.9,7.9,33.3,26,412,441,1.18
Grains,Breakfast,36.8,50.4,43.5,8.9,16.7,369,648,264,10.25
Snacks,Snack,47.6,26.9,20.1,2.4,23.0,110,628,172,5.27
Dairy,Dinner,7.8,41.3,47.4,6.0,27.8,791,181,192,8.94
Meat,Lunch,40.9,20.7,2.3,3.6,6.2,438,468,92,0.67
Meat,Breakfast,19.4,54.6,27.6,2.9,4.2,931,923,107,6.71
Vegetables,Breakfast,11.2,25.9,26.0,2.5,39.1,306,723,252,5.34
Snacks,Snack,48.3,35.2,39.2,0.5,19.7,269,517,521,10.03
Snacks,Dinner,11.6,24.3,46.4,2.8,10.8,414,352,450,10.62
Vegetables,Snack,41.7,60.6,29.2,1.3,3.2,783,475,63,7.93
Meat,Dinner,46.1,51.7,11.6,4.0,47.9,175,723,453,2.66
Dairy,Dinner,1.2,13.2,20.9,6.1,40.6,729,490,196,3.61
Fruits,Lunch,14.0,77.4,38.1,3.6,14.6,641,142,69,7.55
Vegetables,Dinner,26.6,29.1,27.1,4.6,27.6,123,496,405,6.39
Snacks,Lunch,49.5,72.6,44.8,6.7,37.1,166,287,279,9.95
Snacks,Lunch,43.1,16.8,17.5,2.2,22.9,483,838,262,4.8
Beverages,Lunch,29.5,85.4,2.4,8.2,44.8,581,139,109,0.48
Snacks,Lunch,29.7,46.3,2.3,3.1,28.2,608,283,79,0.51
Grains,Snack,18.9,51.1,42.2,5.8,33.0,290,742,223,8.57
Dairy,Snack,7.5,49.1,9.4,8.6,28.4,95,422,472,1.73
Grains,Breakfast,1.3,96.8,28.9,5.4,42.4,693,489,552,4.7
Vegetables,Breakfast,25.5,15.2,20.2,7.0,17.2,542,382,485,5.34
Meat,Dinner,29.3,8.3,42.2,5.7,43.0,453,670,510,11.57
Beverages,Lunch,44.5,15.7,36.6,0.3,31.3,81,813,223,9.99
Grains,Breakfast,22.8,39.3,39.4,3.2,44.3,572,751,577,8.45
Grains,Breakfast,12.8,15.2,22.8,5.5,17.9,526,441,213,5.43
Beverages,Dinner,22.5,35.6,21.6,2.6,47.4,792,112,166,4.68
Beverages,Lunch,29.5,93.8,30.0,8.1,39.6,361,399,520,5.9
Grains,Lunch,5.1,97.0,10.7,7.0,15.8,577,221,429,1.94
Vegetables,Snack,19.1,21.9,47.8,8.9,20.7,587,369,244,11.36
Beverages,Dinner,13.5,25.9,24.7,0.6,2.9,745,231,131,6.51
Grains,Snack,41.1,59.8,18.7,6.5,19.5,271,946,537,4.32
Grains,Dinner,33.9,29.7,42.3,8.1,48.8,926,541,153,10.07
Snacks,Dinner,31.4,71.7,12.4,6.2,22.1,379,827,312,2.65
Grains,Lunch,47.0,96.2,4.6,4.9,16.8,668,646,125,1.02
Grains,Snack,3.7,19.8,45.7,6.8,39.6,352,208,206,8.4
Dairy,Breakfast,42.6,23.4,6.4,3.2,16.8,250,746,342,1.72
Fruits,Snack,7.7,53.8,8.1,3.6,47.1,561,615,375,1.44
Fruits,Snack,4.5,36.7,22.4,4.2,48.7,828,620,592,3.93
Vegetables,Dinner,11.1,48.7,46.2,7.1,18.0,499,838,490,9.2
Grains,Snack,40.3,16.1,2.7,8.8,18.0,121,101,205,0.75
Grains,Snack,5.0,20.4,46.0,8.6,3.7,513,981,60,10.85
Dairy,Lunch,7.1,41.8,6.8,6.6,37.7,992,742,298,1.24
Snacks,Dinner,9.1,90.1,29.0,6.0,8.2,389,989,83,5.84
Grains,Snack,19.6,8.1,49.9,5.1,41.6,655,976,527,13.13
Vegetables,Lunch,35.4,32.4,49.8,2.6,12.1,944,692,141,12.77
Beverages,Lunch,6.1,29.6,30.3,9.0,29.1,557,430,178,5.74
Dairy,Snack,2.8,81.0,41.9,7.8,46.2,670,169,265,6.9
Grains,Lunch,9.2,82.2,46.7,6.7,5.1,481,447,169,10.01
Grains,Lunch,48.6,51.4,13.5,2.0,19.0,517,548,554,3.28
Beverages,Snack,4.1,75.6,9.2,4.9,34.3,91,523,496,1.57
Vegetables,Snack,49.2,15.1,31.8,9.8,16.2,458,865,458,9.11
Beverages,Snack,25.9,38.9,24.8,5.2,10.2,281,595,535,6.0
Vegetables,Breakfast,19.2,51.0,15.5,0.0,31.5,734,554,304,3.16
Meat,Dinner,7.0,94.4,4.7,9.7,27.0,279,519,273,0.83
Beverages,Dinner,23.4,82.0,34.9,8.4,44.5,629,642,419,6.74
Fruits,Lunch,39.7,66.0,25.4,8.1,42.3,43,602,523,5.5
Dairy,Lunch,6.2,59.1,20.5,2.3,16.8,358,683,371,3.83
Beverages,Snack,26.1,77.0,40.0,3.4,18.2,45,629,316,8.37
Meat,Dinner,43.4,14.8,33.4,3.9,26.5,538,241,592,9.21
Meat,Dinner,49.3,31.2,30.1,7.6,28.1,679,797,423,7.7
Vegetables,Lunch,8.4,26.3,49.0,6.3,24.2,652,859,432,9.92
Beverages,Snack,46.8,72.3,7.1,9.1,8.2,974,190,540,1.75
Grains,Dinner,43.8,22.5,2.9,2.1,27.0,991,914,486,0.76
Fruits,Breakfast,44.1,61.0,46.5,0.6,10.3,359,798,121,11.39
Dairy,Breakfast,12.0,76.5,16.5,8.3,13.7,82,461,275,3.25
Vegetables,Snack,2.7,78.7,39.4,2.1,46.1,267,181,65,6.49
Snacks,Breakfast,6.1,54.4,28.8,5.9,44.3,531,742,593,5.04
Snacks,Snack,28.8,24.7,17.4,2.6,26.0,913,602,67,4.27
Fruits,Lunch,46.5,6.6,33.7,4.0,35.1,966,444,227,9.82
Beverages,Dinner,21.1,12.6,45.2,8.8,6.6,784,645,481,12.85
Beverages,Breakfast,44.2,75.8,29.7,6.6,2.4,25,250,342,8.09
Snacks,Dinner,48.7,50.7,2.1,1.1,36.5,1,971,513,0.49
Meat,Lunch,7.3,61.1,21.1,10.0,5.7,666,577,346,4.48
Fruits,Breakfast,42.0,73.3,29.1,3.8,34.3,76,655,227,6.31
Snacks,Dinner,33.8,12.9,6.9,6.7,43.6,873,106,587,1.84
Meat,Snack,37.7,76.5,20.9,7.9,10.6,684,293,369,4.83
Grains,Snack,6.5,82.0,49.9,1.6,30.0,540,291,364,8.74
Dairy,Snack,15.0,97.1,26.5,3.1,35.0,245,862,107,4.83
Beverages,Dinner,10.9,11.6,44.7,2.8,46.0,353,179,480,10.25
Snacks,Lunch,24.7,15.3,2.3,7.0,28.3,291,995,128,0.59
Dairy,Dinner,22.0,50.7,8.1,9.0,16.4,64,267,275,1.77
Vegetables,Lunch,49.3,85.1,18.4,7.3,35.5,543,803,192,3.99
Fruits,Dinner,13.0,37.9,28.4,9.7,15.6,829,175,74,6.02
Dairy,Lunch,24.5,83.6,14.5,5.6,17.5,753,102,72,2.99
Grains,Breakfast,44.3,57.5,24.7,5.9,48.5,12,559,502,5.53
Vegetables,Dinner,18.1,96.7,5.5,9.9,48.7,778,822,448,1.01
Snacks,Breakfast,36.8,97.5,8.4,8.4,24.6,555,917,74,1.74
Fruits,Lunch,29.4,84.5,19.2,3.6,23.3,842,483,233,3.96
Fruits,Breakfast,34.2,91.4,5.2,3.6,33.2,281,364,491,1.06
Beverages,Dinner,47.1,47.5,38.7,6.4,21.8,637,959,297,9.39
Meat,Snack,30.0,46.1,40.5,6.5,35.8,461,571,129,8.94
Vegetables,Breakfast,21.9,14.5,3.5,6.3,20.4,165,772,488,0.9
Snacks,Lunch,11.9,99.5,40.7,1.0,29.5,566,582,510,7.34
Meat,Dinner,46.5,23.4,15.0,9.3,21.6,101,683,517,4.01
Vegetables,Dinner,29.0,48.8,5.5,0.7,19.7,766,472,292,1.24
Dairy,Breakfast,39.7,51.5,50.0,8.1,1.6,792,406,428,14.52
Meat,Dinner,40.6,60.8,48.3,9.4,24.7,675,743,91,10.93
Vegetables,Dinner,41.7,16.5,22.3,7.8,35.8,519,726,200,5.97
Beverages,Snack,13.7,68.6,37.2,0.7,16.5,738,106,120,7.36
Snacks,Lunch,38.4,95.3,27.7,7.5,3.4,870,239,463,6.99
Beverages,Lunch,30.5,44.2,40.8,3.1,48.5,365,883,358,8.97
Dairy,Dinner,17.1,77.9,35.0,1.2,16.7,257,306,442,6.99
Snacks,Dinner,45.4,31.1,12.2,8.1,8.0,589,888,328,3.37
Vegetables,Breakfast,7.7,21.6,43.9,4.8,16.4,608,520,445,9.28
Fruits,Snack,11.6,45.2,47.6,4.0,1.4,642,633,584,12.29
Dairy,Dinner,1.4,12.0,9.8,0.2,9.3,587,831,336,1.96
Grains,Snack,40.0,73.5,11.8,0.1,29.7,770,973,81,2.56
Fruits,Breakfast,4.6,62.8,12.0,3.1,10.6,683,843,55,2.31
Snacks,Breakfast,30.2,56.4,34.3,2.4,39.5,183,244,468,7.3
Fruits,Lunch,33.5,90.1,49.7,9.5,41.2,136,776,453,10.0
Vegetables,Lunch,42.0,52.2,34.2,1.4,45.3,681,679,121,7.73
Beverages,Dinner,3.3,16.7,9.6,3.8,37.9,333,354,569,1.78
Beverages,Breakfast,3.2,92.0,17.0,0.6,43.2,859,122,401,2.81
Meat,Breakfast,41.8,22.4,44.0,9.9,33.0,889,384,398,11.41
Grains,Snack,24.7,74.8,45.1,3.8,16.3,706,939,556,9.49
Vegetables,Breakfast,44.3,11.1,40.7,3.0,18.0,948,718,76,11.79
Snacks,Dinner,8.4,79.6,36.3,7.4,37.6,922,128,596,6.38
Grains,Snack,14.8,87.0,6.4,4.2,5.2,815,269,139,1.41
Beverages,Lunch,29.1,20.2,39.4,2.2,16.7,847,311,434,10.24
Beverages,Dinner,4.9,52.1,14.6,6.4,15.2,170,647,466,2.74
Snacks,Dinner,24.2,88.7,40.6,4.2,24.0,657,359,522,8.08
Meat,Lunch,49.2,87.4,22.9,3.9,0.3,260,664,553,6.82
Snacks,Lunch,24.2,32.2,6.4,0.0,48.0,812,627,86,1.43
Fruits,Breakfast,39.3,31.0,20.2,8.8,23.3,378,871,365,5.06
Vegetables,Snack,6.4,15.0,34.2,7.5,10.9,841,217,488,7.67
Dairy,Lunch,8.8,13.6,46.9,9.0,6.1,593,814,496,11.79
Fruits,Lunch,11.2,56.6,9.3,4.2,49.5,361,592,359,1.71
Fruits,Snack,5.3,20.7,25.3,7.0,9.3,382,134,332,5.42
Dairy,Dinner,21.7,18.5,1.6,7.9,34.5,205,313,339,0.39
Snacks,Lunch,16.2,83.4,17.2,7.7,22.4,318,359,439,3.31
Meat,Lunch,30.0,27.2,18.5,9.2,14.0,801,853,385,4.69
Beverages,Snack,38.0,40.8,36.1,0.2,14.1,49,787,292,8.94
Vegetables,Snack,18.6,32.4,2.6,7.0,42.0,415,395,544,0.56
Snacks,Breakfast,36.5,56.4,31.5,0.2,6.0,120,979,554,7.99
Dairy,Dinner,13.0,76.2,48.3,1.1,15.1,778,217,85,9.49
Fruits,Lunch,10.8,44.0,44.5,3.9,7.0,390,920,96,9.82
Grains,Breakfast,41.5,62.7,39.5,1.9,6.4,697,740,352,9.99
Dairy,Lunch,18.1,71.3,37.4,0.5,33.1,485,244,105,7.22
Dairy,Lunch,20.6,42.8,48.6,9.3,1.7,112,745,497,13.25
Beverages,Breakfast,25.4,99.8,44.9,6.7,6.8,484,944,129,9.99
Meat,Dinner,44.6,92.3,9.6,8.8,4.5,404,803,125,2.41
Meat,Dinner,7.4,44.1,24.2,2.0,38.4,263,443,360,4.42
Dairy,Snack,23.6,57.0,32.5,6.6,42.5,797,998,143,6.63
Vegetables,Breakfast,5.7,41.3,39.9,4.3,23.5,837,710,223,7.4
Dairy,Dinner,25.6,33.1,18.5,5.9,44.4,9,812,596,4.15
Meat,Dinner,33.8,64.7,41.7,7.4,11.9,110,268,63,9.61
Beverages,Breakfast,39.2,20.9,21.3,8.3,32.4,998,261,296,5.53
Beverages,Snack,41.7,92.7,13.4,5.9,4.3,977,547,72,3.35
Vegetables,Breakfast,22.7,60.7,14.4,9.3,47.3,302,976,217,2.88
Meat,Lunch,35.7,19.4,11.8,1.5,0.8,547,583,439,3.91
Vegetables,Lunch,35.4,32.3,38.6,5.8,29.2,174,749,236,9.34
Dairy,Snack,9.8,95.6,5.4,4.6,27.6,783,131,512,0.97
Grains,Snack,28.6,67.6,26.6,2.9,24.7,28,917,105,5.61
Beverages,Lunch,17.5,23.6,36.4,8.6,24.6,861,759,150,8.34
Vegetables,Breakfast,32.9,96.5,39.6,0.6,39.9,817,708,244,7.88
Meat,Lunch,1.2,52.9,41.8,8.1,43.3,536,318,196,6.84
Snacks,Snack,33.3,46.6,15.1,1.4,44.1,63,570,575,3.35
Fruits,Dinner,5.7,17.6,29.4,4.1,30.3,993,726,105,5.86
Vegetables,Snack,48.5,34.8,4.8,1.4,39.9,592,216,246,1.19
Dairy,Snack,16.8,76.0,17.1,1.1,23.2,950,541,414,3.33
Grains,Snack,45.5,59.1,7.9,8.2,48.6,890,961,538,1.77
Snacks,Lunch,19.9,45.2,15.1,9.3,28.3,93,248,404,3.17
Beverages,Breakfast,40.4,48.3,41.2,9.5,9.5,327,161,560,10.38
Grains,Dinner,5.9,71.6,41.7,0.1,7.9,769,994,109,8.34
Meat,Lunch,11.1,53.0,39.0,7.8,44.1,697,279,588,7.24
Snacks,Lunch,17.1,61.2,2.9,8.5,11.9,459,214,276,0.61
Snacks,Breakfast,16.1,28.2,10.3,5.4,34.7,680,842,460,2.22
Dairy,Lunch,24.5,10.0,35.7,3.7,1.1,974,113,442,11.98
Snacks,Breakfast,47.0,58.4,29.7,6.9,23.5,24,500,498,6.94
Dairy,Lunch,7.3,49.6,3.4,2.2,34.4,705,277,180,0.62
Fruits,Lunch,40.8,23.1,8.6,2.7,40.5,506,501,181,2.2
Vegetables,Lunch,29.8,42.6,3.0,4.7,31.3,142,188,450,0.67
Meat,Breakfast,28.1,46.6,25.2,7.5,49.3,498,481,292,5.42
Snacks,Snack,1.9,6.5,43.6,1.2,39.6,146,928,295,8.35
Snacks,Lunch,16.1,93.5,22.0,2.3,2.4,418,950,216,5.27
Beverages,Lunch,11.8,18.8,1.5,1.5,39.5,333,662,356,0.33
Vegetables,Lunch,38.4,95.2,29.1,1.4,21.7,282,772,510,6.16
Snacks,Snack,31.6,39.2,30.7,5.1,49.7,229,230,95,6.91
Snacks,Dinner,9.9,97.0,46.0,5.3,8.2,323,123,291,9.28
Fruits,Lunch,18.4,20.4,17.3,5.6,36.3,770,739,355,4.0
Fruits,Lunch,1.8,85.3,27.2,6.3,11.7,590,994,143,4.98
Fruits,Snack,16.5,10.4,9.9,3.3,29.2,724,700,136,2.51
Fruits,Dinner,48.6,78.9,12.2,3.0,35.9,976,167,433,2.67
Beverages,Snack,6.8,35.4,18.8,9.6,25.9,699,976,151,3.57
Meat,Breakfast,7.4,9.5,20.7,6.0,7.7,214,169,119,5.2
Meat,Snack,41.4,33.0,49.6,4.5,29.8,252,842,226,12.24
Dairy,Lunch,49.2,66.7,9.4,9.2,43.3,899,416,328,2.1
Fruits,Dinner,1.2,41.3,2.1,1.8,41.0,460,528,382,0.35
Vegetables,Breakfast,24.2,99.3,41.9,6.7,40.0,272,296,148,7.97
Meat,Breakfast,44.4,55.2,24.8,7.1,17.4,310,271,137,5.92
Beverages,Snack,11.0,48.3,40.7,0.7,47.0,412,235,417,7.61
Dairy,Breakfast,41.4,20.3,41.8,8.1,4.4,505,282,494,12.63
Fruits,Dinner,16.3,7.7,37.2,1.4,5.4,217,988,591,11.01
Grains,Breakfast,5.3,18.2,18.6,3.6,12.9,704,118,178,3.91
Dairy,Dinner,12.7,69.1,37.2,3.4,8.3,133,809,567,7.83
Snacks,Lunch,18.4,93.3,10.1,1.0,32.4,873,628,597,1.9
Grains,Snack,11.0,19.6,16.3,1.6,8.6,822,266,276,3.9
Meat,Breakfast,4.3,94.0,18.1,5.9,28.3,737,448,291,3.1
Fruits,Breakfast,8.9,23.5,30.2,7.2,3.7,831,362,589,7.47
Dairy,Lunch,16.0,35.1,15.3,0.8,22.5,109,294,279,3.28
Snacks,Lunch,44.9,18.9,16.2,3.6,46.9,249,878,108,4.27
Dairy,Breakfast,10.7,58.0,38.4,6.6,38.3,763,137,53,7.09
Dairy,Snack,6.1,76.1,37.0,8.2,14.4,982,861,369,6.91
Grains,Lunch,4.4,30.4,33.1,8.8,7.1,615,450,540,6.94
Fruits,Snack,19.1,39.4,10.9,9.4,5.9,657,761,532,2.66
Beverages,Lunch,6.0,13.3,16.8,9.7,36.0,382,553,182,3.47
Fruits,Lunch,29.0,18.2,47.4,5.5,30.6,942,729,487,12.05
Snacks,Lunch,28.8,62.4,25.1,3.9,10.6,916,386,550,5.75
Snacks,Lunch,7.0,19.4,37.0,0.8,33.7,186,1000,437,7.45
Beverages,Breakfast,7.4,50.9,42.7,3.1,44.3,127,701,296,7.64
Fruits,Dinner,20.0,77.1,34.9,4.8,8.3,650,540,144,7.61
Grains,Lunch,3.9,39.2,34.8,4.2,42.7,793,873,489,6.05
Grains,Dinner,49.6,79.0,9.0,4.4,4.2,407,284,315,2.36
Vegetables,Breakfast,31.4,86.3,35.2,4.6,5.1,225,190,472,8.42
Meat,Breakfast,26.9,67.1,35.8,6.1,43.8,74,511,271,7.26
Meat,Snack,24.4,16.6,11.8,8.5,28.6,908,556,126,2.97
Beverages,Snack,40.0,14.1,9.9,2.1,37.6,580,491,61,2.68
Dairy,Lunch,9.7,61.2,49.6,6.3,5.3,577,695,423,10.85
Meat,Breakfast,42.7,89.0,15.0,4.9,10.4,58,740,273,3.46
Vegetables,Dinner,34.3,13.4,37.0,2.4,46.1,619,171,155,9.82
Grains,Snack,26.1,72.6,12.1,5.3,8.7,723,898,212,2.73
Fruits,Dinner,15.3,10.6,16.6,0.3,23.9,249,625,95,4.19
Fruits,Lunch,40.4,65.0,37.6,5.7,10.4,408,272,315,9.0
Beverages,Breakfast,43.4,44.6,31.4,7.8,8.5,253,818,462,8.17
Vegetables,Snack,38.4,44.8,20.1,0.1,34.4,618,491,262,4.65
Grains,Lunch,40.4,88.7,19.8,5.9,37.2,343,885,432,4.13
Vegetables,Snack,33.4,88.8,42.5,2.8,41.8,331,256,582,8.56
Meat,Lunch,5.5,15.7,37.6,9.2,24.8,39,797,432,7.67
Snacks,Breakfast,5.3,84.3,4.5,3.3,17.6,542,295,280,0.81
Grains,Breakfast,15.3,54.5,20.6,2.4,47.3,463,891,449,3.95
Dairy,Lunch,17.8,67.1,32.2,3.0,17.5,542,336,245,6.55
Fruits,Snack,36.2,64.6,42.3,3.3,6.4,320,302,305,10.46
Snacks,Lunch,39.3,47.0,38.7,1.6,31.3,900,823,360,8.95
Meat,Dinner,39.2,18.3,44.5,3.6,30.4,927,892,160,11.78
Fruits,Dinner,17.0,85.0,42.0,3.9,8.0,853,675,523,8.96
Vegetables,Dinner,14.5,51.4,36.8,0.7,23.3,849,348,492,7.37
Vegetables,Snack,32.5,65.7,20.1,7.1,1.3,726,494,402,5.6
Beverages,Breakfast,6.6,73.7,16.7,9.6,39.1,509,681,326,2.9
Beverages,Lunch,29.8,77.7,33.6,9.4,20.5,267,811,244,7.08
Grains,Dinner,35.7,93.4,44.3,1.9,26.9,630,609,499,9.16
Vegetables,Snack,34.4,51.0,35.9,9.7,1.7,239,551,58,10.21
Dairy,Breakfast,36.6,14.3,28.5,7.3,17.1,171,618,204,7.93
Snacks,Dinner,34.5,20.4,15.0,0.9,47.2,933,196,239,3.78
Beverages,Dinner,3.9,86.6,4.8,5.1,42.3,467,809,308,0.8
Vegetables,Snack,21.4,50.4,48.3,0.5,13.4,844,831,426,10.69
Dairy,Breakfast,17.1,48.7,22.6,2.6,7.7,910,283,462,5.15
Meat,Dinner,33.0,94.7,41.4,4.9,45.0,664,110,204,8.22
Grains,Dinner,37.5,95.1,27.8,6.1,23.1,76,391,213,5.84
Snacks,Breakfast,1.6,41.8,47.1,6.7,23.4,434,889,460,8.15
Fruits,Breakfast,19.2,40.2,36.7,9.9,18.9,370,583,317,8.02
Grains,Breakfast,24.8,40.7,48.8,1.6,0.8,686,877,303,14.26
Vegetables,Lunch,39.8,69.4,7.6,1.6,36.8,952,635,246,1.64
Beverages,Snack,38.8,80.0,31.9,7.1,2.5,456,669,91,8.46
Fruits,Lunch,18.5,38.7,34.5,3.5,21.7,259,486,298,7.47
Fruits,Lunch,12.1,59.8,2.4,2.5,33.0,975,265,70,0.45
Beverages,Breakfast,22.6,35.0,36.7,2.1,9.6,292,174,111,8.88
Beverages,Snack,20.8,65.2,17.4,8.7,43.8,438,405,318,3.41
Dairy,Dinner,5.7,24.8,31.4,6.3,9.0,611,566,424,6.68
Meat,Breakfast,18.3,19.6,31.5,2.7,14.6,842,396,266,7.75
Vegetables,Breakfast,44.0,27.0,40.5,6.1,37.5,430,415,119,10.26
Meat,Breakfast,13.6,34.0,28.8,8.4,32.1,960,294,281,5.92
Vegetables,Dinner,14.8,39.7,39.5,7.4,4.9,219,635,78,9.5
Beverages,Dinner,26.2,70.5,24.2,3.2,14.9,604,258,61,5.21
Grains,Snack,13.6,43.1,17.0,4.2,35.4,656,347,243,3.36
Snacks,Lunch,1.3,34.8,30.3,5.0,29.1,779,575,286,5.15
Fruits,Breakfast,42.5,64.2,33.2,8.5,46.6,53,163,180,7.27
Meat,Lunch,5.3,94.0,41.9,7.8,42.1,881,241,555,7.06
Dairy,Dinner,5.2,37.5,40.1,9.9,43.1,931,204,325,7.15
Vegetables,Lunch,17.5,20.8,3.0,4.9,12.2,121,619,419,0.74
Snacks,Dinner,2.3,9.2,35.3,3.9,16.5,920,270,240,7.09
Snacks,Dinner,25.5,73.4,8.9,0.5,27.8,124,393,454,1.81
Snacks,Snack,38.1,50.1,9.7,1.6,0.4,712,689,317,2.97
Dairy,Dinner,49.8,73.5,21.8,1.7,12.8,445,352,279,5.19
Vegetables,Breakfast,33.2,98.5,30.3,8.2,23.9,752,463,402,6.21
Grains,Dinner,5.3,33.5,28.9,1.1,22.0,800,717,286,5.45
Fruits,Breakfast,4.4,86.1,33.9,5.7,44.2,807,272,89,5.67
Snacks,Breakfast,35.2,19.3,19.4,7.3,8.8,122,344,475,5.46
Dairy,Breakfast,5.2,73.5,27.6,2.6,15.6,620,759,226,5.08
Grains,Lunch,34.7,23.4,44.1,9.1,43.9,443,351,462,10.95
Snacks,Dinner,41.8,6.4,21.7,1.9,0.7,297,621,421,7.92
Vegetables,Lunch,10.4,27.2,13.8,7.9,0.4,963,218,177,3.91
Meat,Snack,2.1,30.7,9.8,5.8,35.0,703,271,392,1.68
Meat,Snack,21.5,36.5,46.0,4.8,5.7,527,534,448,11.56
Meat,Breakfast,11.6,72.4,45.7,1.2,30.1,37,964,409,8.44
Meat,Breakfast,27.3,84.6,12.4,0.5,46.4,280,894,294,2.43
Vegetables,Lunch,25.2,68.6,36.7,9.4,31.8,439,296,328,7.47
Vegetables,Snack,49.9,31.7,42.2,4.6,11.3,657,641,240,11.45
Meat,Snack,14.7,60.0,38.5,9.1,45.5,344,924,62,7.28
Fruits,Breakfast,26.8,45.8,34.0,0.6,12.3,339,177,77,7.94
Meat,Dinner,40.6,41.0,17.4,3.4,14.1,479,877,597,4.35
Grains,Snack,6.3,6.4,5.9,1.1,7.3,386,566,490,1.53
Dairy,Lunch,18.5,30.8,14.0,1.6,3.9,378,830,555,3.66
Grains,Lunch,26.0,75.1,47.8,6.3,27.6,805,505,102,9.73
Fruits,Lunch,26.2,39.6,36.9,9.4,22.3,73,323,465,8.38
Vegetables,Snack,3.1,32.4,3.7,6.2,26.9,515,899,283,0.66
Dairy,Dinner,19.9,30.1,37.4,9.2,13.4,369,813,231,8.82
Dairy,Lunch,23.9,67.3,28.6,4.9,34.8,219,822,530,5.76
Snacks,Lunch,38.1,67.2,45.3,10.0,39.4,6,415,594,9.74
Snacks,Snack,18.7,60.0,48.5,7.9,25.2,759,864,518,9.78
Meat,Snack,29.5,94.7,46.3,7.7,4.4,600,867,166,11.04
Beverages,Snack,27.7,84.5,2.5,0.3,18.2,514,399,76,0.52
Snacks,Dinner,26.1,67.8,21.7,2.9,37.7,759,331,163,4.4
Meat,Breakfast,32.3,12.8,31.1,7.2,1.3,778,295,262,10.4
Beverages,Breakfast,35.1,79.9,49.6,3.3,46.9,690,517,513,10.17
Fruits,Snack,39.3,98.9,17.2,9.3,22.6,614,106,211,3.62
Grains,Lunch,33.5,24.7,31.4,7.8,49.0,558,309,551,7.67
Dairy,Lunch,49.7,17.4,12.7,8.9,39.1,789,728,89,3.44
Beverages,Lunch,35.7,30.5,48.9,9.3,33.9,246,228,270,11.86
Vegetables,Snack,5.0,81.3,21.7,7.4,43.5,579,188,543,3.67
Vegetables,Lunch,17.1,13.9,47.8,1.3,32.1,283,729,456,11.65
Vegetables,Breakfast,8.9,60.1,38.0,8.2,13.1,502,915,158,7.47
Dairy,Breakfast,30.9,15.3,37.7,8.0,15.7,512,866,500,10.27
Snacks,Breakfast,18.8,34.4,26.3,4.5,5.3,106,329,183,6.59
Snacks,Dinner,5.0,58.7,12.5,5.8,38.0,917,154,378,2.17
Dairy,Snack,6.9,75.5,6.6,5.2,39.0,50,692,563,1.15
Snacks,Breakfast,14.9,54.1,28.7,6.1,33.7,130,746,206,5.59
Snacks,Dinner,9.0,62.5,4.0,1.6,37.4,386,560,517,0.72
Grains,Lunch,29.1,6.1,22.2,9.7,3.4,648,574,54,7.33
Beverages,Snack,2.7,70.7,48.7,5.1,5.4,129,999,273,9.91
Meat,Lunch,34.5,94.7,26.6,1.3,39.1,146,990,175,5.35
Snacks,Lunch,19.7,70.8,25.9,9.4,22.4,471,328,79,5.19
Fruits,Snack,29.7,82.8,35.6,3.2,23.5,699,170,435,7.36
Snacks,Dinner,11.1,18.0,19.5,9.6,9.5,945,726,348,4.68
Vegetables,Snack,28.7,36.5,1.8,2.6,24.5,381,935,501,0.42
Meat,Dinner,21.6,9.2,42.3,8.8,6.7,970,547,217,12.46
Beverages,Dinner,33.8,24.3,19.1,8.9,33.0,306,289,521,4.75
Grains,Snack,16.5,79.1,2.7,8.9,35.8,232,870,562,0.51
Fruits,Snack,39.7,30.7,46.5,9.7,32.0,236,613,112,11.48
Snacks,Snack,44.9,65.8,6.9,8.0,31.2,34,738,157,1.55
Meat,Snack,35.7,26.9,29.4,0.2,26.2,15,595,516,7.36
Dairy,Dinner,4.9,50.2,36.4,5.6,38.5,638,881,273,6.36
Meat,Lunch,33.1,55.2,1.3,3.3,37.9,10,491,447,0.28
Snacks,Dinner,12.0,19.5,44.1,1.5,22.2,142,522,93,9.87
Vegetables,Snack,12.7,6.0,43.1,4.8,3.4,880,778,84,13.2
Grains,Snack,15.2,63.6,34.9,5.6,46.4,455,699,197,6.57
Beverages,Breakfast,9.6,77.5,5.3,0.4,3.6,274,513,160,1.19
Meat,Dinner,28.8,16.1,3.1,7.8,37.5,483,855,290,0.79
Vegetables,Breakfast,4.9,93.3,23.0,9.4,38.9,967,240,576,3.88
Vegetables,Snack,28.2,84.8,6.3,4.6,45.5,172,337,269,1.24
Dairy,Breakfast,33.9,96.6,43.5,3.4,1.4,956,150,221,11.61
Beverages,Snack,16.8,52.4,11.4,9.7,11.4,538,695,440,2.47
Meat,Snack,34.5,17.7,32.3,6.8,7.0,861,219,511,9.33
Beverages,Breakfast,20.5,83.7,41.8,7.2,15.9,786,699,300,8.49
Dairy,Lunch,7.3,9.6,5.4,2.4,14.9,128,761,241,1.28
Fruits,Breakfast,39.7,64.1,25.8,7.8,33.1,603,904,78,5.67
Beverages,Lunch,13.0,77.3,20.0,8.9,25.0,680,610,486,3.76
Fruits,Breakfast,11.1,82.3,7.8,2.0,12.4,27,154,535,1.53
Dairy,Snack,12.8,92.0,12.8,5.4,3.2,663,921,354,2.93
Meat,Snack,16.1,71.9,30.4,6.1,39.0,98,400,330,5.73
Meat,Snack,18.0,52.1,23.4,9.4,27.2,91,126,562,4.76
Beverages,Snack,10.5,45.0,19.7,9.2,8.2,734,310,220,4.25
Beverages,Lunch,40.1,96.6,30.8,5.2,18.4,270,813,440,6.62
Vegetables,Lunch,33.5,99.4,48.6,3.4,49.7,201,756,361,9.56
Vegetables,Dinner,32.9,52.3,9.7,7.3,11.2,681,256,69,2.31
Vegetables,Snack,26.4,27.5,40.1,1.0,19.7,346,752,214,9.72
Vegetables,Lunch,12.1,78.1,22.3,8.7,49.4,86,648,59,3.99
Grains,Lunch,37.7,31.7,22.0,8.4,20.7,502,628,189,5.5
Vegetables,Breakfast,3.3,63.3,35.4,2.8,17.4,171,176,176,6.36
Beverages,Dinner,32.8,91.9,28.6,4.4,35.8,876,832,508,5.76
Snacks,Lunch,8.4,79.2,23.6,7.2,3.0,559,511,90,5.35
Dairy,Snack,20.6,71.8,3.6,9.4,15.9,495,649,140,0.75
Vegetables,Snack,11.8,25.6,15.7,0.6,43.2,877,619,448,3.24
Grains,Lunch,13.5,8.2,30.3,3.9,43.4,709,930,584,7.56
Dairy,Dinner,2.7,9.5,16.1,5.7,16.0,590,197,188,3.29
Fruits,Snack,5.9,62.7,25.6,8.4,43.9,607,307,326,4.43
Dairy,Snack,3.2,39.4,22.6,3.8,16.5,480,643,215,4.16
Fruits,Breakfast,26.9,93.0,29.9,3.0,28.6,653,765,175,5.93
Meat,Snack,38.1,88.8,28.5,3.5,40.3,606,767,143,5.86
Dairy,Dinner,40.2,10.2,32.8,3.7,10.5,133,409,181,9.83
Dairy,Dinner,36.6,49.7,31.0,7.9,33.4,837,492,235,7.0
Grains,Snack,23.7,87.7,7.1,3.0,35.9,70,189,413,1.38
Meat,Breakfast,40.3,92.4,6.0,8.0,41.2,494,212,218,1.24
Fruits,Dinner,20.3,74.1,4.1,2.8,13.4,997,471,522,0.86
Fruits,Snack,22.5,17.7,6.5,5.4,41.1,779,896,394,1.58
Vegetables,Dinner,11.4,8.3,8.0,4.1,8.2,462,797,476,2.16
Beverages,Snack,32.9,75.1,28.7,5.5,47.1,445,645,385,5.88
Snacks,Dinner,4.8,40.9,37.2,4.5,44.8,319,806,397,6.53
Grains,Dinner,17.9,34.4,44.5,8.6,3.3,777,811,480,11.6
Grains,Lunch,25.9,9.9,46.3,0.1,38.3,896,771,289,12.37
Grains,Breakfast,19.3,70.0,45.8,1.8,6.2,985,868,141,10.38
Dairy,Snack,11.0,16.1,17.3,8.8,41.2,216,207,566,3.8
Meat,Dinner,14.3,42.9,32.8,7.5,8.7,250,259,436,7.33
Beverages,Dinner,11.1,5.3,49.6,0.6,15.9,132,528,131,13.37
Grains,Snack,9.5,45.3,30.7,3.1,41.0,919,854,92,5.72
Vegetables,Snack,20.9,64.2,24.7,6.2,35.0,112,274,228,4.91
Dairy,Lunch,1.7,26.3,47.3,6.3,41.2,232,548,498,8.02
Snacks,Snack,21.4,71.5,28.7,2.3,18.5,87,900,198,5.9
Meat,Breakfast,28.1,21.7,20.2,8.5,17.8,647,574,77,5.15
Dairy,Breakfast,11.8,48.4,8.1,0.2,19.3,710,823,157,1.62
Dairy,Lunch,36.6,79.3,3.1,8.2,47.8,86,249,363,0.64
Fruits,Lunch,12.4,71.0,28.0,3.3,1.2,413,444,453,7.08
Grains,Lunch,15.2,89.0,18.8,5.3,25.8,427,643,245,3.53
Grains,Snack,24.0,7.1,33.4,4.6,28.4,220,415,435,9.26
Grains,Lunch,17.6,47.3,1.9,3.7,37.6,905,864,56,0.38
Meat,Dinner,10.1,5.9,31.3,5.3,21.4,192,717,494,8.08
Beverages,Snack,25.1,93.9,5.9,9.8,45.8,751,283,565,1.13
Beverages,Lunch,10.9,35.5,10.9,9.0,44.5,757,484,310,2.12
Grains,Breakfast,6.3,11.9,31.7,8.0,30.4,416,602,220,6.76
Snacks,Breakfast,13.2,79.1,19.4,4.0,44.5,398,624,105,3.52
Meat,Breakfast,10.2,92.3,10.4,6.3,26.1,388,522,413,1.88
Dairy,Snack,21.7,5.1,22.4,0.3,23.9,154,838,253,6.37
Fruits,Lunch,48.5,79.9,39.8,0.9,9.3,947,333,578,9.6
Meat,Breakfast,42.0,66.0,19.7,2.4,45.7,985,667,123,4.29
Vegetables,Lunch,29.9,70.0,48.3,6.2,20.1,561,284,593,10.35
Snacks,Breakfast,1.4,26.5,40.2,8.6,41.5,1000,540,160,6.75
Grains,Snack,27.6,22.1,32.4,6.6,25.7,434,456,82,8.03
Vegetables,Lunch,19.0,15.5,43.7,5.2,38.7,962,743,469,10.56
Meat,Dinner,17.9,26.1,24.4,3.5,46.4,61,603,293,5.35
Snacks,Snack,2.8,93.1,26.2,4.8,12.4,963,271,252,4.8
Grains,Snack,47.9,50.4,5.9,8.7,22.1,861,761,69,1.42
Snacks,Lunch,3.5,59.0,33.5,9.6,24.5,631,810,239,5.87
Vegetables,Lunch,31.5,55.8,16.2,3.2,20.5,409,954,420,3.61
Vegetables,Breakfast,44.6,45.0,28.5,0.4,20.7,982,119,594,6.93
Meat,Dinner,27.5,26.1,31.5,1.4,28.1,443,503,535,7.58
Beverages,Dinner,43.0,33.0,15.1,0.9,5.8,424,789,477,4.23
Beverages,Breakfast,1.6,32.2,18.7,0.4,12.3,128,347,100,3.47
Meat,Snack,27.3,86.0,42.7,5.4,29.3,634,465,340,8.56
Meat,Breakfast,47.7,81.1,39.2,2.4,37.5,824,904,444,8.5
Meat,Breakfast,45.1,60.3,7.9,6.0,31.9,143,579,256,1.79
Snacks,Dinner,1.6,59.1,46.0,1.7,2.7,834,284,482,10.07
Vegetables,Snack,32.5,19.1,4.4,3.7,43.5,600,432,214,1.11
Snacks,Lunch,28.1,66.9,10.4,1.5,17.2,367,572,307,2.25
Dairy,Breakfast,5.6,55.1,25.1,0.7,0.2,491,984,347,6.52
Beverages,Lunch,36.5,99.5,37.4,2.6,18.2,376,463,261,7.91
Grains,Snack,21.7,5.4,48.5,6.9,0.8,509,584,259,17.07
Snacks,Snack,35.3,25.2,29.2,5.7,49.1,753,200,518,7.16
Beverages,Lunch,38.6,10.6,7.9,2.3,48.7,190,592,200,2.17
Beverages,Snack,45.1,25.0,29.4,6.2,37.3,145,965,89,7.55
Fruits,Lunch,2.3,83.1,35.3,2.8,26.3,287,285,516,6.0
Beverages,Snack,24.7,52.9,46.0,2.7,42.4,381,341,406,9.55
Vegetables,Snack,28.4,80.4,45.7,9.2,5.8,850,943,316,10.74
Snacks,Lunch,6.0,94.5,45.7,5.2,30.6,200,842,297,7.9
Snacks,Dinner,3.9,88.7,29.2,6.2,2.9,317,988,301,6.41
Vegetables,Breakfast,46.1,16.2,45.0,4.1,28.0,981,484,445,12.35
Dairy,Dinner,47.5,89.3,9.9,6.8,14.9,170,196,322,2.25
Grains,Dinner,48.8,85.2,18.3,2.9,49.9,908,889,343,3.9
Dairy,Dinner,9.8,34.3,49.3,1.6,31.8,554,655,367,9.67
Dairy,Breakfast,31.4,93.1,19.4,3.0,6.1,864,736,516,4.51
Beverages,Lunch,32.9,79.5,32.8,8.2,21.6,824,995,368,6.96
Vegetables,Breakfast,42.1,41.6,42.4,10.0,41.4,503,206,581,9.98
Fruits,Snack,38.2,67.4,28.9,9.4,39.8,944,658,590,6.21
Fruits,Dinner,40.9,56.6,35.5,6.9,14.3,107,777,331,8.46
Vegetables,Snack,33.7,26.6,9.9,6.1,41.5,196,264,147,2.41
Vegetables,Dinner,48.1,29.3,6.4,2.4,10.0,755,975,361,1.76
Dairy,Snack,7.1,25.6,3.0,4.6,25.0,620,413,256,0.59
Vegetables,Breakfast,2.5,84.3,23.3,6.0,42.8,197,985,147,3.84
Dairy,Dinner,20.8,77.6,2.7,6.3,33.3,490,252,523,0.52
Dairy,Breakfast,24.6,18.8,12.1,3.6,34.4,525,362,416,2.97
Fruits,Snack,25.5,79.8,33.5,9.4,40.8,608,543,210,6.6
Vegetables,Breakfast,9.6,21.9,17.9,2.1,34.3,521,567,210,3.71
Snacks,Breakfast,6.4,80.5,22.7,0.1,44.0,6,924,453,3.88
Beverages,Breakfast,26.4,51.5,40.6,6.0,48.9,10,247,399,8.5
Snacks,Dinner,34.4,11.0,4.5,1.8,38.1,230,347,195,1.23
Meat,Dinner,44.4,98.0,33.4,2.9,31.2,250,686,406,7.02
Vegetables,Snack,46.8,57.3,49.1,0.6,22.2,600,876,129,11.55
Vegetables,Dinner,21.8,37.5,23.3,3.1,36.9,333,307,144,5.04
Beverages,Snack,33.3,47.0,10.4,7.6,35.8,524,553,100,2.33
Fruits,Breakfast,14.0,92.1,5.7,2.6,21.0,245,260,286,1.08
Fruits,Lunch,45.5,52.4,48.4,9.0,21.8,719,726,68,11.5
Meat,Lunch,13.9,86.9,30.2,0.3,46.0,260,562,525,5.44
Vegetables,Snack,4.3,85.1,13.2,5.3,12.8,988,142,379,2.44
Dairy,Lunch,33.1,34.3,40.1,5.2,17.1,763,939,573,9.83
Beverages,Dinner,8.5,99.2,14.9,3.7,23.8,49,292,440,2.67
Meat,Breakfast,11.1,76.2,2.9,4.6,3.1,933,628,130,0.67
Meat,Breakfast,46.2,28.7,36.4,5.8,46.5,878,546,239,9.14
Snacks,Snack,46.7,14.5,49.5,8.2,41.6,546,169,319,13.53
Dairy,Snack,44.1,23.5,29.0,2.2,20.4,320,921,514,7.72
Dairy,Lunch,45.1,83.0,44.9,7.1,38.1,799,685,454,9.61
Fruits,Dinner,15.7,38.5,23.3,5.3,44.8,423,287,566,4.72
Meat,Lunch,2.1,16.6,42.8,6.5,37.1,789,427,395,7.61
Vegetables,Dinner,23.7,89.6,2.3,0.6,33.7,299,895,529,0.45
Snacks,Breakfast,1.0,67.6,45.2,7.4,20.8,982,323,501,7.75
Dairy,Lunch,23.9,13.4,23.9,5.4,3.0,153,189,191,7.32
Fruits,Dinner,25.4,42.0,33.5,3.8,47.1,840,959,508,7.21
Dairy,Breakfast,16.4,99.1,8.4,4.3,6.1,439,411,341,1.82
Beverages,Lunch,31.3,71.2,4.5,0.8,5.3,583,715,471,1.1
Vegetables,Lunch,33.3,68.9,25.3,7.6,17.8,389,703,362,5.57
Vegetables,Dinner,32.9,5.4,10.5,5.4,32.3,623,592,443,3.03
Grains,Dinner,36.2,62.5,38.8,6.4,19.1,507,872,408,8.74
Dairy,Dinner,46.8,83.6,3.7,7.6,35.3,165,869,366,0.8
Fruits,Dinner,38.3,6.9,4.8,3.2,48.4,600,847,435,1.36
Dairy,Lunch,30.4,63.1,4.2,3.1,25.2,867,116,276,0.9
Fruits,Dinner,38.4,93.6,43.4,4.7,35.7,839,453,68,8.92
Fruits,Dinner,28.3,98.0,10.0,5.4,42.0,505,671,104,1.94
Beverages,Snack,5.9,66.8,49.0,3.8,27.6,53,842,118,8.69
Dairy,Snack,30.9,86.6,38.8,2.1,34.6,199,956,262,7.83
Dairy,Snack,14.1,57.8,47.6,7.6,3.8,680,649,541,11.23
Snacks,Dinner,31.0,79.8,41.8,7.9,44.2,237,364,304,8.43
Meat,Dinner,22.2,32.2,46.4,3.2,7.9,631,156,434,11.55
Fruits,Dinner,31.2,60.6,47.1,8.3,45.5,385,186,60,9.91
Dairy,Dinner,22.9,69.2,42.9,4.8,13.5,875,678,554,9.18
Meat,Snack,18.8,63.1,47.7,6.3,26.5,6,763,452,9.53
Grains,Breakfast,25.9,99.3,12.9,2.5,10.6,193,273,111,2.75
Meat,Lunch,16.5,9.8,26.2,7.1,10.1,369,569,131,7.17
Dairy,Breakfast,31.0,72.4,15.6,4.2,36.2,715,683,362,3.22
Dairy,Breakfast,31.6,6.7,45.7,6.5,2.8,101,453,103,15.3
Fruits,Breakfast,19.7,76.6,27.9,5.7,43.2,165,725,125,5.32
Vegetables,Dinner,18.7,16.7,37.7,6.0,26.4,856,418,598,9.16
Vegetables,Breakfast,5.6,92.9,16.5,5.6,43.2,665,759,175,2.79
Vegetables,Dinner,15.0,87.5,21.1,1.0,23.4,803,766,290,4.0
Snacks,Breakfast,22.3,67.5,31.4,4.9,23.2,532,886,596,6.42
Grains,Breakfast,10.3,83.1,48.5,1.8,11.2,833,326,332,9.57
Vegetables,Dinner,42.8,67.8,24.1,1.0,24.0,31,517,265,5.42
Dairy,Dinner,23.0,64.2,32.0,3.6,29.1,618,595,175,6.52
Meat,Dinner,35.7,93.4,10.5,8.2,9.7,189,397,383,2.36
Vegetables,Breakfast,23.7,6.1,49.2,5.3,49.2,327,833,229,13.51
Vegetables,Dinner,34.2,7.7,36.2,6.3,11.6,636,212,296,10.85
Snacks,Dinner,27.3,75.7,2.5,7.2,35.4,310,797,177,0.5
Fruits,Breakfast,27.8,50.7,20.9,2.0,26.1,719,286,536,4.57
Meat,Dinner,27.0,42.2,20.2,7.4,1.7,325,837,384,5.7
Meat,Snack,5.5,82.2,1.9,2.9,41.7,482,441,322,0.32
Fruits,Dinner,31.8,33.7,47.9,3.7,20.0,856,174,209,11.58
Meat,Snack,38.9,73.3,18.7,8.5,26.0,767,708,593,4.07
Beverages,Snack,10.8,46.9,9.0,6.4,27.7,53,915,303,1.74
Meat,Dinner,21.8,60.0,47.8,5.8,45.0,867,597,115,9.54
Dairy,Snack,21.6,80.0,40.8,0.9,45.9,454,880,554,7.81
Snacks,Lunch,49.8,88.2,18.4,5.4,41.5,251,426,422,3.95
Beverages,Lunch,12.2,74.5,27.2,4.2,48.5,497,407,437,4.9
Beverages,Snack,36.2,52.1,40.4,0.5,47.1,554,670,209,8.9
Vegetables,Snack,7.6,59.2,7.3,2.1,6.8,814,699,136,1.53
Beverages,Breakfast,34.6,44.8,43.9,1.2,36.1,935,351,470,9.95
Dairy,Dinner,47.0,78.4,10.3,5.6,43.0,408,600,452,2.23
Fruits,Lunch,38.5,29.3,35.4,6.5,13.3,267,630,370,9.25
Beverages,Snack,48.2,54.2,48.3,8.0,38.7,998,491,259,11.17
Snacks,Dinner,36.8,47.4,2.0,0.8,35.4,251,523,284,0.45
Fruits,Breakfast,46.1,45.0,40.5,7.5,19.0,592,167,535,9.96
Dairy,Breakfast,15.2,68.0,23.3,0.9,49.7,106,222,461,4.34
Fruits,Lunch,27.0,72.6,28.0,7.9,7.2,135,548,515,6.47
Beverages,Snack,32.6,46.9,31.7,3.9,15.4,922,838,469,7.46
Dairy,Dinner,37.8,99.0,37.7,4.4,43.0,668,387,379,7.6
Snacks,Lunch,3.9,89.2,23.4,7.0,3.3,317,640,234,5.07
Vegetables,Snack,11.2,47.6,21.8,7.5,14.1,953,383,203,4.45
Beverages,Breakfast,22.3,16.5,49.7,3.2,24.6,688,405,557,12.47
Meat,Lunch,11.3,5.4,35.1,4.1,43.9,786,412,262,8.99
Meat,Breakfast,23.4,42.0,2.8,0.8,21.0,347,300,415,0.62
Fruits,Dinner,1.8,72.4,28.6,4.5,11.3,798,477,518,5.27
Vegetables,Breakfast,28.8,17.8,16.3,1.6,29.8,220,676,101,4.16
Meat,Breakfast,25.4,10.5,31.8,1.3,4.4,772,835,308,9.74
Snacks,Breakfast,2.9,57.6,15.7,1.4,25.5,627,398,584,2.72
Vegetables,Dinner,43.9,85.9,44.1,1.2,43.4,628,917,560,9.29
Grains,Breakfast,37.2,81.3,18.9,7.6,23.9,738,483,53,4.04
Snacks,Breakfast,18.8,86.9,13.8,3.1,37.6,137,291,359,2.6
Beverages,Dinner,25.3,11.3,17.0,3.4,9.3,601,426,233,4.86
Grains,Lunch,37.3,59.7,33.5,5.5,14.2,96,652,300,7.81
Snacks,Breakfast,28.6,23.7,19.6,6.3,47.6,201,470,533,4.7
Dairy,Snack,36.0,54.6,1.8,5.4,26.7,673,247,315,0.4
Fruits,Dinner,40.9,56.8,13.6,4.9,3.0,589,740,123,3.74
Snacks,Lunch,47.5,9.1,3.6,0.1,23.6,276,478,149,1.05
Dairy,Snack,13.5,87.5,29.5,5.9,47.7,789,649,239,5.29
Vegetables,Breakfast,11.7,98.0,47.3,6.1,34.1,851,887,72,8.45
Grains,Snack,24.1,89.0,32.5,6.8,4.5,640,575,577,7.62
Meat,Dinner,13.5,24.1,7.8,5.7,49.9,941,536,484,1.65
Vegetables,Dinner,9.3,75.6,13.2,9.4,32.7,808,132,399,2.37
Vegetables,Snack,27.5,84.3,40.4,3.1,9.4,581,505,480,8.94
Snacks,Dinner,29.9,77.1,41.7,7.5,18.4,739,585,204,8.88
Beverages,Dinner,20.8,27.2,48.4,3.7,46.9,195,379,292,10.81
Vegetables,Snack,20.3,66.6,35.5,3.9,34.4,506,188,220,7.01
Snacks,Breakfast,29.2,71.3,31.5,5.3,6.2,447,223,292,7.49
Meat,Dinner,31.8,64.7,14.0,9.0,8.6,349,543,207,3.3
Snacks,Breakfast,24.8,51.4,40.8,5.1,39.0,639,919,325,8.55
Meat,Breakfast,19.5,16.6,11.1,0.2,40.3,47,429,127,2.66
Dairy,Lunch,5.0,35.8,39.5,5.3,4.5,316,732,185,8.71
Dairy,Breakfast,37.7,74.0,13.8,9.4,17.4,221,471,351,3.07
Grains,Snack,45.1,19.9,31.2,7.7,46.5,732,462,537,8.18
Beverages,Breakfast,37.0,55.6,11.4,6.6,0.5,539,801,460,3.42
Dairy,Dinner,23.8,44.6,44.4,2.6,14.2,228,761,98,10.1
Snacks,Lunch,43.2,86.8,46.8,2.8,38.3,991,324,535,9.88
Meat,Lunch,5.3,30.5,25.8,8.7,8.4,470,547,322,5.39
Meat,Snack,4.2,47.2,5.1,4.3,47.5,713,692,118,0.87
Vegetables,Breakfast,5.8,85.9,19.8,1.6,31.4,584,539,78,3.43
Beverages,Dinner,34.7,95.9,39.5,2.9,19.1,339,953,319,8.31
Grains,Lunch,35.4,75.3,46.6,7.9,4.2,163,612,400,11.74
Fruits,Dinner,15.4,46.9,44.5,8.7,46.2,827,458,442,8.73
Grains,Dinner,40.8,73.3,29.5,4.3,49.2,44,335,116,6.27
Fruits,Breakfast,43.0,30.5,13.4,7.4,10.5,449,106,181,3.6
Vegetables,Snack,21.8,51.2,34.0,5.7,29.5,191,338,380,7.1
Grains,Lunch,33.9,86.1,13.2,0.3,13.8,807,426,318,2.89
Fruits,Dinner,12.7,85.3,43.6,7.4,48.9,884,784,496,7.78
Snacks,Lunch,19.9,50.7,19.4,7.0,45.7,152,651,110,3.91
Fruits,Lunch,30.2,72.9,46.3,2.9,1.9,325,493,517,12.31
Meat,Breakfast,35.5,34.6,33.9,0.5,18.0,268,503,469,8.36
Grains,Lunch,44.0,5.9,46.6,7.4,5.9,872,513,294,15.17
Beverages,Breakfast,47.3,67.5,20.3,3.4,25.8,996,505,524,4.62
Snacks,Breakfast,29.2,42.8,11.4,7.9,17.8,220,500,220,2.64
Grains,Breakfast,42.8,18.4,19.4,8.7,36.4,498,296,172,5.15
Beverages,Breakfast,6.7,73.5,8.8,7.3,34.7,929,520,184,1.54
Vegetables,Dinner,19.6,51.9,23.7,5.6,2.0,444,604,54,6.21
Meat,Snack,44.8,32.1,10.8,0.6,27.3,169,282,139,2.72
Vegetables,Breakfast,30.8,13.9,24.8,4.5,17.6,787,462,157,6.78
Beverages,Dinner,2.0,44.3,47.9,2.3,47.7,458,636,461,7.94
Meat,Dinner,21.5,31.7,9.3,4.7,5.2,128,535,442,2.4
Dairy,Snack,35.2,56.1,34.3,2.8,6.4,810,420,168,8.61
Fruits,Lunch,27.7,74.6,11.0,1.0,14.1,808,492,389,2.38
Meat,Lunch,42.4,8.4,2.5,3.6,13.8,252,813,73,0.75
Vegetables,Dinner,3.9,70.8,48.5,5.4,41.7,16,738,161,8.17
Grains,Snack,47.1,62.2,37.8,9.9,9.2,486,403,460,9.42
Grains,Breakfast,24.1,35.9,43.2,6.6,0.7,811,590,500,12.83
Dairy,Breakfast,18.0,71.3,27.3,6.7,34.2,427,366,402,5.26
Grains,Breakfast,26.9,69.9,42.2,5.7,40.0,89,553,130,8.54
Grains,Snack,46.6,61.6,2.0,6.6,47.0,380,994,531,0.45
Snacks,Snack,50.0,67.0,20.4,1.2,41.1,594,323,413,4.58
Meat,Dinner,43.9,38.1,33.9,7.1,47.3,40,566,535,8.1
Grains,Breakfast,21.3,94.3,41.6,5.4,25.4,118,647,273,8.06
Snacks,Snack,36.3,87.9,9.0,6.5,32.8,831,267,165,1.86
Fruits,Lunch,21.1,74.5,20.0,3.7,11.8,434,356,346,4.25
Fruits,Lunch,1.5,93.0,5.1,0.6,21.9,424,567,493,0.87
Beverages,Dinner,26.5,86.2,29.2,0.5,37.0,773,718,389,5.75
Fruits,Snack,16.6,63.5,44.0,2.6,22.4,157,143,591,8.75
Dairy,Lunch,13.2,72.5,20.4,8.2,2.7,396,928,533,4.85
Dairy,Lunch,47.0,7.6,13.7,1.0,22.8,615,513,454,4.04
Dairy,Dinner,42.1,53.1,47.4,3.0,46.8,446,205,256,10.68
Snacks,Breakfast,12.9,74.6,26.8,3.2,16.7,844,114,385,5.22
Meat,Breakfast,41.0,38.2,15.0,8.3,4.9,743,301,121,4.16
Snacks,Dinner,11.2,18.1,43.0,8.9,7.2,539,565,556,10.6
Fruits,Breakfast,46.0,88.8,32.3,0.1,12.3,824,440,213,7.42
Meat,Dinner,30.5,51.0,9.9,1.7,8.2,348,640,230,2.41
Vegetables,Dinner,39.7,38.8,11.6,0.8,12.7,247,698,82,2.94
Meat,Snack,30.3,21.4,29.0,5.9,7.2,210,805,140,8.04
Meat,Lunch,19.3,72.7,33.4,1.4,21.6,708,818,594,6.68
Snacks,Snack,40.6,74.7,4.3,5.1,47.6,249,926,240,0.91
Grains,Breakfast,23.0,7.0,46.5,5.8,27.0,673,726,426,12.88
Snacks,Lunch,29.6,44.2,49.8,4.2,7.7,777,371,495,12.39
Vegetables,Lunch,2.4,72.5,28.0,7.4,30.4,101,395,104,4.73
Beverages,Breakfast,37.7,24.3,25.8,3.1,33.0,351,127,537,6.53
Vegetables,Snack,34.8,93.8,38.1,3.6,36.7,162,294,403,7.71
Fruits,Dinner,48.5,76.1,38.6,7.6,14.5,535,327,91,9.02
Beverages,Snack,29.4,67.4,21.2,4.7,25.1,380,395,84,4.49
Snacks,Snack,5.4,23.3,13.5,7.1,19.0,643,835,301,2.67
Snacks,Dinner,37.3,23.9,36.7,8.2,20.5,518,505,556,9.53
Grains,Breakfast,38.3,93.5,2.7,0.0,47.8,741,478,53,0.55
Dairy,Snack,40.8,69.0,44.0,2.6,38.1,293,966,158,9.54
Snacks,Dinner,19.0,42.5,10.7,6.6,39.0,239,808,124,2.21
Grains,Lunch,44.4,64.9,44.5,4.6,48.7,255,374,565,9.78
Dairy,Dinner,12.0,51.4,44.4,4.9,45.6,253,449,75,8.34
Beverages,Snack,29.6,57.4,27.8,2.0,0.4,578,648,337,8.15
Dairy,Snack,33.0,69.5,4.2,3.1,1.0,319,103,77,1.18
Grains,Snack,12.8,17.7,47.7,6.4,41.4,212,844,430,10.58
Dairy,Snack,42.3,35.2,12.1,0.1,3.4,392,681,62,3.51
Snacks,Lunch,33.9,5.7,20.6,9.4,12.3,2,389,348,6.27
Grains,Snack,46.9,83.7,1.4,5.5,4.4,435,526,318,0.36
Fruits,Dinner,46.2,39.6,46.9,1.0,39.0,274,919,437,11.31
Grains,Snack,2.8,92.7,25.4,1.9,5.7,323,599,457,5.11
Grains,Breakfast,24.6,29.5,32.1,9.3,12.1,888,913,217,7.9
Dairy,Snack,4.8,41.0,5.3,3.0,28.4,149,226,403,0.96
Fruits,Dinner,17.7,20.2,49.6,8.5,1.9,394,619,441,14.42
Meat,Breakfast,31.5,21.6,49.3,3.9,25.4,709,376,401,12.51
Dairy,Lunch,9.0,65.8,47.3,4.9,44.7,692,937,466,8.41
Vegetables,Breakfast,30.4,61.4,35.5,8.8,5.2,974,692,195,8.81
Snacks,Lunch,37.8,43.8,29.4,9.2,6.6,238,835,256,7.7
Beverages,Lunch,39.7,33.0,10.5,9.8,25.4,529,904,489,2.6
Grains,Dinner,17.9,38.8,10.1,2.9,38.3,148,491,427,2.1
Snacks,Dinner,17.9,92.0,22.8,2.5,7.9,401,434,348,4.86
Grains,Snack,49.9,8.3,32.4,1.2,32.9,182,216,532,9.38
Grains,Dinner,45.0,43.7,27.2,8.5,40.6,427,547,140,6.43
Fruits,Dinner,49.2,11.5,48.5,7.1,38.1,903,494,311,13.64
Snacks,Dinner,42.8,37.1,21.4,3.0,25.4,621,791,140,5.26
Vegetables,Lunch,42.0,96.9,37.0,8.6,20.1,140,266,85,7.95
Fruits,Snack,43.3,37.8,17.3,4.2,47.0,496,272,551,4.13
Dairy,Lunch,20.5,32.3,12.4,5.0,27.9,426,960,367,2.76
Grains,Lunch,25.4,41.4,47.4,9.2,12.3,830,709,454,11.14
Dairy,Dinner,8.1,86.4,19.3,6.8,23.8,88,418,356,3.48
Dairy,Breakfast,48.4,32.5,13.1,5.8,36.8,259,102,394,3.28
Grains,Dinner,27.5,16.8,47.1,2.4,31.6,484,934,220,12.0
Grains,Snack,42.4,78.4,3.5,4.9,40.8,57,315,84,0.75
Vegetables,Lunch,34.6,11.6,26.9,7.0,37.2,363,386,452,7.31
Fruits,Breakfast,22.5,23.3,1.5,0.2,46.0,400,186,281,0.35
Dairy,Breakfast,44.3,82.3,17.3,0.7,27.5,111,482,296,3.76
Snacks,Lunch,19.3,6.9,13.5,6.2,17.2,184,525,255,3.77
Snacks,Lunch,22.6,26.1,32.8,6.1,24.0,112,975,154,7.72
Vegetables,Lunch,3.5,12.3,29.9,2.8,21.7,84,806,223,5.98
Grains,Snack,42.4,93.0,29.8,8.4,43.0,635,707,337,6.17
Fruits,Breakfast,44.4,48.2,29.3,7.3,46.3,336,458,172,6.77
Grains,Breakfast,15.0,45.3,13.6,9.5,18.9,922,150,113,2.82
Meat,Snack,14.8,49.8,6.8,6.4,23.4,648,831,205,1.37
Fruits,Snack,3.8,47.6,17.7,3.9,33.1,998,232,68,3.08
Beverages,Lunch,6.0,85.9,27.0,2.8,48.6,504,154,114,4.56
Grains,Snack,46.3,66.4,44.8,5.7,29.1,145,808,175,10.11
Grains,Breakfast,20.2,9.3,2.5,9.8,2.4,667,387,381,0.79
Beverages,Dinner,44.4,51.6,19.7,1.3,24.9,230,171,319,4.64
Meat,Snack,14.4,17.2,41.1,6.4,17.3,462,681,436,9.81
Vegetables,Lunch,34.5,29.1,49.7,7.0,41.8,561,488,285,11.97
Beverages,Breakfast,46.2,60.2,9.0,9.4,19.6,926,642,358,2.11
Meat,Breakfast,32.8,84.4,29.1,1.0,6.2,978,835,171,6.88
Dairy,Lunch,43.7,70.7,47.0,0.9,15.9,93,320,435,10.84
Vegetables,Dinner,25.2,31.5,39.1,3.4,25.0,227,308,105,9.08
Snacks,Dinner,38.4,50.8,46.5,0.1,43.8,723,263,170,10.42
Fruits,Breakfast,32.8,73.5,7.7,2.5,3.3,778,322,578,1.97
Beverages,Lunch,5.9,19.5,19.0,3.0,20.1,435,320,136,3.87
Grains,Breakfast,33.6,20.5,25.0,8.3,48.1,262,116,249,6.27
Fruits,Dinner,13.4,81.2,5.7,7.4,41.6,882,812,454,1.04
Dairy,Breakfast,39.4,7.6,36.0,5.1,44.3,440,456,447,10.2
Grains,Lunch,17.3,79.7,11.9,8.7,14.8,805,618,466,2.4
Dairy,Lunch,10.1,6.6,38.3,4.3,31.8,668,540,266,9.54
Beverages,Snack,14.7,76.4,46.2,6.4,49.9,681,771,215,8.46
Beverages,Breakfast,43.1,24.3,34.9,8.3,11.3,924,161,218,9.6
Meat,Snack,26.7,58.6,46.4,4.9,26.1,749,579,266,9.86
Meat,Lunch,33.8,22.6,32.8,8.4,25.8,809,248,210,8.35
Fruits,Breakfast,2.4,33.4,20.5,4.6,7.9,440,208,67,4.07
Beverages,Snack,13.2,76.7,5.8,5.4,49.0,965,348,241,1.05
Dairy,Lunch,33.7,49.4,47.7,3.2,36.6,618,690,298,10.6
Grains,Breakfast,28.5,84.9,46.7,6.3,47.1,274,278,160,9.2
Beverages,Lunch,8.9,91.7,8.7,4.4,5.0,21,451,117,1.85
Snacks,Dinner,27.6,30.6,34.0,4.6,10.6,159,908,190,8.57
Fruits,Lunch,27.2,77.4,16.1,8.5,2.8,919,573,430,4.07
Grains,Breakfast,42.5,27.5,38.5,7.8,10.3,182,819,160,10.49
Grains,Breakfast,35.4,98.3,26.1,5.1,43.0,432,929,404,5.22
Dairy,Dinner,24.7,66.0,9.8,1.9,4.9,21,675,486,2.36
Dairy,Dinner,21.4,89.9,23.3,7.6,40.2,700,319,98,4.42
Fruits,Lunch,2.3,99.0,22.0,1.1,25.3,392,946,475,3.74
Beverages,Breakfast,22.0,8.8,34.4,2.2,14.5,452,535,72,9.61
Snacks,Breakfast,38.5,22.9,16.8,0.2,16.1,660,152,436,4.47
Grains,Breakfast,41.9,78.3,7.1,9.0,43.4,534,108,292,1.51
Vegetables,Snack,45.9,21.4,22.5,6.9,7.3,408,826,402,6.56
Meat,Snack,26.8,27.4,42.8,4.6,28.6,112,101,454,10.17
Snacks,Snack,29.6,63.7,8.6,4.8,10.0,35,229,251,1.98
Grains,Breakfast,40.6,66.0,36.3,5.1,25.1,852,482,307,8.1
Vegetables,Breakfast,48.5,13.9,42.1,1.3,38.6,142,554,61,11.63
Grains,Lunch,5.0,38.2,2.8,3.2,35.0,688,500,525,0.5
Beverages,Dinner,36.9,32.8,22.5,6.5,33.1,523,645,128,5.43
Beverages,Lunch,11.4,25.4,13.4,1.6,17.7,287,288,143,2.91
Snacks,Dinner,47.4,55.6,16.5,4.1,2.5,130,369,299,4.7
Vegetables,Dinner,29.7,72.1,20.4,2.8,38.7,596,935,211,4.18
Fruits,Lunch,7.0,58.9,12.1,4.2,13.8,370,107,277,2.33
Vegetables,Snack,42.7,56.7,11.1,5.2,36.1,911,474,549,2.51
Dairy,Dinner,41.1,99.3,49.3,9.4,42.7,11,953,87,10.06
Meat,Dinner,31.7,61.6,15.6,0.6,41.4,492,369,267,3.29
Vegetables,Breakfast,3.0,23.5,20.0,1.6,16.1,281,398,533,3.8
Grains,Dinner,31.6,91.9,31.3,5.1,22.0,837,578,167,6.47
Meat,Snack,36.7,34.0,16.9,8.8,43.8,734,348,524,4.01
Beverages,Breakfast,12.6,62.2,4.6,0.4,1.7,672,474,210,1.15
Meat,Snack,20.8,16.5,32.8,5.1,1.7,730,980,305,10.04
Snacks,Dinner,42.9,59.9,45.0,8.6,1.1,885,962,223,13.23
Dairy,Lunch,41.1,41.4,17.1,6.9,29.9,293,714,257,4.07
Vegetables,Lunch,33.9,45.5,20.1,6.5,7.3,994,964,257,5.1
Snacks,Snack,49.6,33.2,46.1,9.5,15.4,831,453,252,12.14
Snacks,Lunch,11.7,64.9,35.5,4.9,25.5,126,937,111,6.71
Fruits,Snack,49.5,6.4,10.0,1.7,14.3,857,142,261,3.06
Meat,Snack,16.5,37.7,25.8,6.2,34.8,970,643,566,5.35
Dairy,Snack,34.4,7.4,41.1,3.8,45.1,84,187,138,11.53
Grains,Snack,15.0,57.4,10.4,3.9,25.5,519,376,505,2.05
Fruits,Dinner,9.2,40.3,31.1,8.0,45.2,942,458,560,5.82
Fruits,Snack,1.9,36.8,1.0,5.6,28.9,87,585,334,0.17
Grains,Dinner,21.3,5.7,48.1,0.2,28.1,609,891,361,13.43
Grains,Dinner,30.7,23.9,41.2,9.7,26.2,612,553,58,10.25
Snacks,Snack,37.1,13.2,9.6,2.8,21.2,464,950,183,2.66
Vegetables,Breakfast,48.0,49.4,27.8,6.9,47.4,735,413,164,6.47
Grains,Breakfast,4.8,46.9,44.2,5.0,18.4,881,331,381,8.18
Beverages,Dinner,18.3,42.9,15.7,8.7,47.5,906,336,555,3.2
Snacks,Dinner,17.8,78.4,43.0,9.4,42.5,19,600,508,8.08
Vegetables,Breakfast,20.6,39.0,46.0,6.8,14.3,791,745,338,10.44
Dairy,Lunch,47.6,51.2,17.5,9.0,3.1,315,444,484,4.96
Snacks,Breakfast,46.2,93.3,16.1,2.3,11.4,93,140,474,3.7
Grains,Breakfast,41.2,94.8,27.4,2.0,24.2,411,150,492,5.82
Fruits,Lunch,8.6,29.2,42.2,7.0,42.1,119,994,182,8.18
Dairy,Breakfast,33.4,61.5,4.2,8.7,34.9,752,912,399,0.9
Fruits,Breakfast,45.3,23.4,45.4,4.3,26.2,378,605,582,11.96
Meat,Snack,26.1,11.9,16.2,2.0,17.2,693,609,470,4.42
Meat,Breakfast,28.8,20.4,14.2,2.9,1.4,951,375,421,4.46
Vegetables,Snack,10.3,56.5,21.2,2.5,14.0,670,747,359,4.22
Vegetables,Snack,12.9,59.1,31.6,9.8,11.6,906,255,471,6.53
Meat,Lunch,13.4,21.0,19.8,7.8,12.2,374,538,237,4.67
Beverages,Lunch,31.3,25.5,31.7,9.0,5.7,45,758,469,8.81
Grains,Breakfast,9.3,24.2,4.3,6.1,44.8,536,970,126,0.86
Grains,Lunch,17.1,17.1,7.4,3.0,24.1,933,832,408,1.78
Meat,Breakfast,34.3,60.5,31.5,2.2,46.7,62,712,474,6.72
Meat,Lunch,16.5,6.9,43.6,3.9,17.3,514,302,431,11.94
Snacks,Snack,11.6,53.7,6.3,1.6,13.0,115,116,475,1.29
Dairy,Lunch,41.2,35.0,32.2,4.5,49.6,446,547,267,7.7
Dairy,Snack,2.6,59.2,9.9,2.4,4.4,856,159,120,2.07
Beverages,Breakfast,12.8,59.0,50.0,6.2,41.7,582,297,401,9.35
Meat,Lunch,39.1,87.5,47.2,0.0,46.3,7,499,285,9.71
Dairy,Lunch,23.0,84.8,4.7,0.5,37.6,665,177,146,0.91
Dairy,Breakfast,22.4,86.6,40.1,8.8,12.3,802,634,147,8.4
Fruits,Dinner,24.6,6.0,5.5,1.5,47.2,457,897,285,1.52
Fruits,Lunch,13.5,5.7,26.3,4.8,45.0,591,964,568,6.84
Dairy,Breakfast,2.5,88.4,17.1,2.4,34.1,824,742,498,2.85
Beverages,Dinner,14.1,53.7,43.9,0.2,17.5,526,780,541,8.91
Fruits,Snack,40.4,32.3,31.1,3.3,2.9,577,212,333,9.19
Vegetables,Dinner,28.5,17.3,13.0,5.6,12.0,892,442,557,3.52
Beverages,Snack,38.0,76.9,17.9,6.4,4.6,656,510,189,4.5
Snacks,Lunch,12.6,19.2,18.9,7.6,22.9,430,608,105,4.26
Grains,Breakfast,10.9,60.1,31.9,6.4,39.5,470,256,120,5.87
Fruits,Dinner,36.7,65.7,35.9,3.9,30.2,869,969,331,7.81
Dairy,Breakfast,10.6,84.8,40.1,3.5,4.1,83,798,127,8.88
Dairy,Snack,28.3,6.2,31.3,6.4,45.0,665,191,250,8.75
Fruits,Snack,31.9,32.5,17.2,2.8,33.7,643,221,168,4.06
Vegetables,Dinner,33.2,7.8,8.1,3.9,27.6,493,449,69,2.3
Meat,Breakfast,17.8,49.0,3.7,6.5,48.8,945,674,476,0.74
Vegetables,Breakfast,31.8,9.6,35.7,1.0,40.5,1,375,530,9.76
Meat,Dinner,38.9,60.9,24.7,0.2,24.7,575,247,567,5.55
Snacks,Snack,26.2,22.9,34.0,4.1,18.5,432,576,168,8.49
Fruits,Snack,28.3,91.7,12.2,8.3,44.9,922,150,172,2.38
Vegetables,Dinner,37.7,5.3,39.9,2.2,30.5,941,113,203,11.68
Vegetables,Snack,48.5,77.7,25.8,3.5,29.0,239,459,111,5.73
Snacks,Breakfast,25.8,39.2,32.2,5.3,23.7,750,398,556,7.28
Meat,Snack,4.1,88.8,11.1,9.5,2.6,870,945,160,2.47
Grains,Snack,40.2,48.6,22.6,1.0,28.4,993,935,403,5.25
Meat,Dinner,43.8,57.8,24.6,8.7,32.9,267,752,475,5.59
Fruits,Lunch,36.0,13.8,22.1,5.6,36.5,287,225,277,5.93
Grains,Dinner,27.3,44.3,15.8,4.1,4.3,776,896,227,4.11
Beverages,Breakfast,12.1,26.1,41.2,3.4,42.5,644,451,416,8.52
Meat,Snack,31.9,79.3,42.3,6.7,9.9,360,135,71,9.57
Meat,Breakfast,2.5,7.9,36.1,4.8,19.9,297,348,376,7.33
Beverages,Snack,9.5,90.7,21.3,4.8,44.9,790,703,379,3.71
Grains,Lunch,26.5,23.5,46.9,8.7,36.8,924,871,567,11.25
Beverages,Breakfast,43.7,34.7,10.3,1.1,42.5,191,183,497,2.5
Fruits,Snack,34.0,56.9,2.4,8.9,6.9,752,452,310,0.59
Grains,Snack,3.2,98.0,46.9,5.9,0.3,17,622,426,11.68
Vegetables,Dinner,10.6,62.5,31.1,6.6,21.4,349,903,83,5.92
Beverages,Snack,43.9,41.8,2.7,8.8,45.8,407,991,551,0.64
Meat,Breakfast,42.3,24.4,5.2,5.0,41.3,679,699,539,1.32
Vegetables,Breakfast,33.4,99.4,28.1,7.1,23.4,979,888,541,5.76
Fruits,Snack,48.9,61.9,17.7,2.8,5.4,55,946,108,4.67
Beverages,Snack,44.1,78.8,35.2,9.9,24.5,473,871,352,7.76
Dairy,Snack,5.3,39.8,7.5,7.7,39.5,972,196,205,1.34
Grains,Breakfast,15.3,91.1,41.2,7.6,44.7,864,476,404,7.47
Fruits,Lunch,29.7,54.9,38.9,2.5,35.4,161,523,436,8.34
Vegetables,Lunch,19.6,10.7,12.8,9.1,18.6,848,807,233,3.39
Fruits,Lunch,20.2,90.4,44.1,6.3,8.5,377,555,445,9.45
Grains,Snack,33.0,45.8,24.1,5.9,30.8,801,808,473,5.45
Vegetables,Breakfast,26.1,44.7,8.9,9.7,20.7,123,584,68,1.99
Vegetables,Lunch,37.6,29.6,2.5,3.8,12.4,723,202,236,0.65
Meat,Dinner,39.2,50.6,11.6,3.0,44.4,669,138,419,2.61
Beverages,Lunch,11.2,55.6,8.4,3.4,17.0,997,814,581,1.66
Snacks,Dinner,13.3,42.9,29.1,9.8,45.6,339,996,455,5.67
Meat,Lunch,36.2,16.3,34.7,3.7,14.0,175,827,432,9.64
Grains,Dinner,14.9,76.9,46.7,4.8,13.5,471,347,270,9.39
Grains,Snack,40.8,90.1,48.4,9.2,44.7,911,978,203,9.99
Grains,Snack,36.7,68.9,48.0,6.7,37.0,940,100,272,10.25
Beverages,Breakfast,17.2,35.7,24.2,9.1,22.1,358,628,464,5.23
Beverages,Dinner,43.9,37.4,32.5,4.0,46.7,656,534,313,7.79
Beverages,Breakfast,7.6,51.9,11.5,2.4,45.3,740,715,372,2.06
Beverages,Breakfast,38.0,23.0,4.7,7.2,16.1,20,994,550,1.25
Vegetables,Dinner,20.9,43.4,41.6,7.1,30.7,718,470,579,8.82
Vegetables,Dinner,46.9,74.0,19.5,1.8,14.9,98,310,60,4.54
Dairy,Snack,42.0,9.9,46.5,0.0,15.3,282,389,463,13.66
Fruits,Lunch,17.6,92.5,1.0,0.6,10.2,195,930,587,0.21
Snacks,Snack,15.2,39.9,46.1,6.4,25.5,556,671,443,9.54
Meat,Breakfast,20.2,61.9,13.9,5.9,16.1,490,860,74,2.92
Vegetables,Dinner,23.8,62.2,33.0,1.6,44.8,59,722,228,6.64
Grains,Snack,29.2,58.3,28.6,1.7,16.2,883,455,182,6.38
Dairy,Breakfast,40.0,99.7,38.7,5.9,36.6,664,126,392,7.92
Grains,Breakfast,44.8,14.7,3.1,1.3,10.7,60,844,311,0.91
Vegetables,Lunch,42.9,55.2,25.8,6.5,0.2,308,453,263,8.03
Fruits,Lunch,37.6,78.2,9.1,8.8,20.9,595,939,101,1.98
Snacks,Lunch,40.6,40.7,41.8,1.4,44.6,383,573,228,9.78
Vegetables,Breakfast,15.1,87.0,17.6,9.5,30.8,43,324,551,3.27
Meat,Breakfast,28.8,46.7,31.2,8.6,27.5,205,456,97,6.92
Vegetables,Lunch,15.9,55.4,38.3,7.3,19.5,23,950,464,7.79
Snacks,Breakfast,47.7,14.2,31.4,4.8,7.1,332,149,437,9.58
Dairy,Dinner,44.8,59.0,14.8,0.6,9.3,905,543,551,3.69
Grains,Snack,25.9,74.5,12.6,4.0,5.7,564,536,95,2.96
Vegetables,Breakfast,31.6,75.9,46.0,6.5,23.6,236,798,255,9.71
Meat,Snack,32.8,47.1,12.7,1.1,27.5,209,497,316,2.87
Beverages,Breakfast,45.7,9.2,42.6,3.3,31.5,519,339,263,12.2
Meat,Dinner,35.2,15.6,3.5,9.3,19.0,435,164,186,0.95
Meat,Snack,12.3,80.9,1.9,9.9,14.4,664,352,567,0.37
Vegetables,Dinner,38.6,48.8,24.9,1.9,10.9,162,729,411,6.15
Grains,Breakfast,30.3,96.0,46.0,9.8,12.7,9,836,223,9.84
Dairy,Snack,23.7,36.3,48.5,3.0,3.7,351,831,532,12.89
Fruits,Snack,34.7,33.1,36.1,9.7,0.8,32,999,182,11.26
Meat,Dinner,37.8,21.2,36.6,9.2,43.1,980,570,182,9.33
Vegetables,Breakfast,40.0,18.8,20.5,9.1,8.7,874,216,103,5.88
Dairy,Breakfast,3.6,8.4,45.6,5.5,20.8,47,889,88,9.62
Dairy,Snack,27.2,17.3,41.0,3.6,25.3,722,740,515,10.5
Grains,Snack,12.3,11.7,44.5,5.1,48.1,245,383,363,10.38
Fruits,Lunch,22.0,48.1,7.6,7.5,9.4,189,909,212,1.76
Snacks,Lunch,40.4,16.4,16.5,6.6,26.8,203,775,426,4.46
Dairy,Dinner,2.2,5.9,20.3,3.9,12.7,783,913,531,4.35
Beverages,Lunch,27.3,56.2,5.5,8.0,42.6,16,795,211,1.15
Grains,Breakfast,39.5,42.7,38.4,1.9,21.1,320,983,91,9.23
Fruits,Lunch,6.1,65.6,5.3,6.5,32.0,834,893,502,0.93
Fruits,Lunch,20.5,23.5,37.6,7.5,37.6,656,368,191,8.65
Grains,Breakfast,2.2,84.6,22.9,3.3,46.9,164,562,313,3.74
Dairy,Dinner,25.0,43.2,20.2,9.3,8.7,413,528,399,4.86
Meat,Dinner,8.7,25.7,23.7,3.5,48.6,743,116,167,4.65
Beverages,Dinner,17.0,60.0,48.9,4.7,28.3,747,484,410,9.67
Dairy,Dinner,1.0,23.4,42.1,9.3,39.2,435,705,264,7.04
Beverages,Dinner,50.0,23.9,46.0,2.4,9.0,808,716,154,13.15
Meat,Snack,44.2,50.8,45.5,9.1,43.9,490,870,432,10.43
Meat,Snack,45.8,48.2,46.1,3.4,20.0,885,117,52,11.17
Snacks,Breakfast,10.3,63.4,41.0,3.7,2.7,833,717,145,9.66
Grains,Snack,28.9,12.3,18.9,8.1,20.5,705,487,551,5.15
Snacks,Snack,35.4,59.0,23.5,0.3,25.6,271,518,561,5.22
Meat,Dinner,44.9,84.8,18.6,3.6,47.8,389,305,236,3.92
Vegetables,Lunch,34.6,52.5,30.0,8.3,41.2,369,221,560,6.59
Meat,Dinner,18.7,30.6,2.7,4.3,6.2,914,243,210,0.68
Dairy,Dinner,22.0,23.6,27.8,9.9,39.6,822,508,570,6.45
Grains,Dinner,37.4,28.0,26.0,4.1,25.3,234,639,197,6.53
Dairy,Snack,40.6,52.5,12.5,4.3,13.8,875,413,200,3.02
Vegetables,Snack,37.6,67.9,26.8,5.4,29.2,459,584,534,5.83
Grains,Breakfast,39.0,9.8,13.9,1.1,33.6,707,296,342,3.9
Fruits,Snack,16.7,33.7,39.1,4.3,5.5,546,152,560,9.63
Grains,Dinner,11.0,17.6,15.8,4.6,35.3,484,631,431,3.45
Meat,Snack,48.1,47.1,24.5,0.6,27.3,773,262,53,5.89
Fruits,Lunch,24.8,73.4,33.7,1.8,39.0,442,942,266,6.7
Grains,Breakfast,45.2,11.5,45.7,1.8,16.2,653,580,75,13.3
Grains,Snack,16.0,64.3,1.9,8.1,10.4,73,473,359,0.4
Meat,Dinner,36.1,87.9,19.2,5.4,25.6,71,909,112,4.03
Vegetables,Snack,36.9,37.8,3.8,8.3,7.8,922,944,133,1.0
Grains,Dinner,14.4,5.8,37.5,8.9,21.2,238,203,428,10.16
Meat,Lunch,1.6,97.9,1.4,1.5,16.2,433,392,261,0.25
Grains,Dinner,22.1,24.9,38.6,7.9,37.7,67,242,301,8.91
Snacks,Lunch,18.4,91.3,29.0,3.8,18.7,942,888,131,5.68
Fruits,Breakfast,3.4,33.7,9.5,6.8,33.0,506,337,347,1.68
Grains,Lunch,29.9,37.9,11.2,4.9,24.9,882,908,274,2.6
Snacks,Breakfast,22.3,31.3,38.3,9.1,21.4,712,979,215,8.82
Meat,Snack,31.4,25.1,18.1,2.3,11.9,54,807,328,4.73
Fruits,Breakfast,21.9,87.8,39.3,0.6,16.4,159,354,304,7.98
Meat,Snack,46.9,58.1,17.6,8.2,0.3,70,893,178,5.47
Snacks,Snack,36.7,14.7,5.4,5.7,5.6,597,660,254,1.63
Dairy,Snack,24.1,41.2,14.0,7.8,6.8,766,526,247,3.46
Grains,Dinner,16.4,23.5,27.7,9.9,49.4,411,844,582,6.08
Meat,Dinner,45.6,93.8,48.9,5.6,1.4,505,852,464,13.54
Fruits,Lunch,17.9,51.8,20.0,1.3,25.1,77,497,376,4.09
Grains,Lunch,10.8,51.9,11.1,9.7,7.9,851,540,522,2.38
Fruits,Breakfast,39.8,52.0,14.0,2.4,9.8,802,163,398,3.47
Fruits,Lunch,19.7,31.9,40.5,5.2,16.9,900,437,412,9.27
Snacks,Dinner,13.6,14.1,3.0,5.6,31.7,375,672,269,0.7
Fruits,Dinner,17.1,63.9,21.7,9.2,17.0,749,835,134,4.43
Beverages,Dinner,27.5,96.7,19.0,5.4,8.4,36,282,488,4.18
Grains,Breakfast,45.7,38.4,30.9,8.4,29.0,6,329,143,7.58
Dairy,Lunch,12.0,20.0,3.6,8.3,10.2,951,191,279,0.85
Beverages,Lunch,38.1,20.5,22.7,2.9,11.6,837,147,350,6.27
Meat,Snack,1.5,16.7,23.3,3.1,2.8,808,367,506,5.26
Fruits,Breakfast,24.1,15.8,21.7,0.6,10.4,103,859,83,5.88
Snacks,Lunch,23.9,55.8,44.4,8.3,48.1,817,255,379,9.05
Vegetables,Breakfast,46.5,92.5,6.2,8.4,5.1,552,491,346,1.55
Beverages,Snack,30.8,85.7,33.3,5.1,5.2,818,927,288,7.94
Meat,Dinner,37.4,88.9,31.0,4.8,43.0,48,205,160,6.34
Dairy,Breakfast,11.3,57.9,32.9,4.3,46.4,857,875,299,6.05
Dairy,Dinner,10.4,11.7,34.9,6.9,38.2,779,352,370,8.0
Fruits,Snack,34.0,35.5,47.0,7.6,37.4,63,459,167,11.0
Snacks,Lunch,15.3,91.8,41.6,1.5,37.8,79,770,401,7.61
Beverages,Lunch,18.5,44.3,10.2,4.1,45.0,263,557,568,2.08
Beverages,Breakfast,47.7,99.3,38.8,6.2,14.4,197,461,117,8.7
Dairy,Dinner,39.2,70.5,10.8,7.9,3.1,348,517,220,2.86
Meat,Snack,35.3,96.0,47.8,1.0,41.4,937,647,231,9.6
Beverages,Snack,1.2,87.1,25.4,0.3,31.4,321,218,483,4.21
Fruits,Lunch,9.0,44.7,47.7,5.2,34.0,329,854,232,8.94
Beverages,Lunch,30.7,67.2,18.6,5.0,0.9,280,515,532,5.23
Snacks,Snack,6.9,46.4,2.8,7.9,2.7,386,122,321,0.66
Dairy,Snack,16.4,21.6,21.5,6.3,42.0,803,498,211,4.81
Meat,Lunch,26.5,91.5,35.5,9.9,29.3,29,729,336,7.03
Fruits,Breakfast,18.8,27.9,15.1,7.8,36.1,411,355,479,3.34
Dairy,Lunch,22.4,31.5,24.7,4.1,35.7,718,989,236,5.52
Beverages,Snack,25.0,99.0,49.4,6.3,41.7,668,702,355,9.42
Beverages,Breakfast,25.0,62.7,16.2,8.3,12.5,614,937,353,3.58
Meat,Breakfast,16.3,72.0,7.5,8.8,14.8,306,259,567,1.52
Snacks,Dinner,46.7,90.5,34.2,5.4,48.9,475,818,514,7.18
Beverages,Lunch,23.4,8.5,40.4,3.4,3.8,884,177,509,12.67
Meat,Dinner,34.4,90.6,7.4,1.9,46.3,513,604,494,1.49
Grains,Snack,43.5,19.8,47.3,1.5,0.8,424,394,377,15.97
Grains,Snack,35.6,93.5,31.7,6.4,48.9,491,132,425,6.35
Meat,Dinner,29.3,42.6,2.4,6.3,3.0,479,694,556,0.65
Dairy,Lunch,33.9,22.5,31.8,2.8,45.6,696,609,476,7.9
Dairy,Dinner,25.1,60.6,18.4,9.0,10.5,114,428,323,4.15
Fruits,Lunch,49.2,34.8,26.2,3.5,32.3,614,723,377,6.56
Dairy,Breakfast,40.2,77.4,46.9,0.1,19.5,650,772,465,10.38
Snacks,Breakfast,4.9,71.3,42.0,0.3,33.2,14,240,267,7.25
Beverages,Breakfast,41.6,84.4,25.2,4.7,6.8,297,512,98,6.09
Snacks,Breakfast,25.2,86.9,24.1,6.1,9.3,585,864,216,5.26
Grains,Lunch,6.0,21.2,34.3,3.0,46.0,585,190,382,6.58
Fruits,Dinner,44.9,33.3,48.4,7.7,19.5,896,223,323,12.36
Beverages,Lunch,39.6,20.0,36.5,8.9,45.2,338,834,398,9.42
Snacks,Lunch,13.6,56.7,5.4,0.1,27.4,611,633,491,1.05
Snacks,Dinner,21.5,18.5,11.8,8.9,37.5,289,596,52,2.84
Grains,Lunch,47.6,91.3,16.0,4.6,38.7,782,608,211,3.4
Dairy,Snack,17.5,66.4,43.0,0.3,44.1,720,683,144,8.22
Beverages,Lunch,6.2,63.4,15.9,0.6,27.6,277,389,235,2.84
Beverages,Dinner,46.2,6.3,37.4,2.0,30.6,747,567,65,10.98
Beverages,Dinner,13.2,46.8,25.0,2.5,41.3,558,509,569,4.83
Meat,Dinner,7.7,39.1,31.0,2.1,15.3,945,170,493,6.16
Snacks,Snack,6.7,26.2,9.4,6.5,21.5,393,687,191,1.87
Fruits,Breakfast,22.9,74.3,31.3,7.0,0.7,475,566,154,8.54
Grains,Dinner,1.1,82.8,20.3,9.7,30.0,396,117,546,3.37
Beverages,Snack,22.5,78.9,19.2,8.7,3.8,118,145,61,4.6
Meat,Snack,46.8,36.1,8.1,5.1,4.7,810,300,475,2.31
Beverages,Lunch,16.3,52.7,16.3,0.4,42.0,540,141,326,3.19
Fruits,Lunch,7.1,69.0,3.2,9.6,36.3,116,158,98,0.56
Fruits,Snack,47.0,44.9,1.9,4.0,27.1,611,350,515,0.46
Dairy,Breakfast,1.8,16.3,25.0,0.1,44.7,354,482,348,4.35
Meat,Lunch,1.8,11.3,16.8,2.7,46.6,647,771,407,3.0
Grains,Snack,7.8,90.6,23.8,2.4,12.9,755,655,352,4.51
Fruits,Snack,45.3,64.5,36.0,8.0,22.4,969,628,480,8.26
Dairy,Dinner,4.6,29.9,19.0,3.6,48.4,545,613,453,3.4
Dairy,Snack,11.2,32.8,37.6,0.5,48.6,299,336,86,7.39
Beverages,Dinner,45.1,25.4,21.2,4.7,47.5,330,634,290,5.39
Vegetables,Snack,11.8,34.6,16.4,8.8,44.6,502,862,374,3.24
Beverages,Lunch,16.2,54.3,16.9,0.4,47.3,940,851,577,3.27
Snacks,Breakfast,8.2,98.4,5.6,7.9,34.1,823,597,265,0.98
Dairy,Breakfast,28.8,25.7,45.1,9.1,21.0,207,342,198,11.14
Dairy,Dinner,11.2,91.8,7.4,9.3,40.6,49,190,594,1.31
Snacks,Breakfast,20.8,94.2,26.0,6.9,44.4,959,175,54,4.86
Fruits,Snack,41.2,63.8,18.0,7.8,33.2,693,497,535,3.99
Fruits,Lunch,31.8,82.5,30.2,6.4,33.1,347,261,522,6.18
Grains,Lunch,44.5,25.4,7.1,9.3,22.8,427,927,415,1.86
Vegetables,Dinner,11.4,91.7,4.7,1.8,5.2,851,684,562,1.01
Dairy,Snack,9.6,53.0,12.4,8.0,33.2,449,180,507,2.3
Grains,Breakfast,39.9,78.0,48.9,8.1,33.1,854,721,559,10.44
Beverages,Dinner,5.7,34.9,44.4,7.3,10.8,349,715,237,8.98
Snacks,Snack,41.0,51.3,19.4,8.4,47.2,113,841,74,4.37
Beverages,Snack,3.6,41.3,16.8,7.7,9.6,116,408,164,3.29
Fruits,Breakfast,5.6,14.9,9.4,2.6,17.4,820,337,481,1.99
Beverages,Lunch,5.1,48.2,23.9,3.0,8.0,761,111,162,4.84
Vegetables,Lunch,30.2,44.2,48.9,4.1,18.2,483,284,444,11.33
Snacks,Dinner,8.5,5.4,14.9,1.2,14.2,950,406,343,3.9
Snacks,Breakfast,1.9,21.3,33.5,9.4,25.4,993,119,502,5.97
Grains,Lunch,29.4,35.1,17.4,8.5,7.4,747,942,441,4.48
Vegetables,Dinner,32.4,24.1,27.5,7.2,24.0,542,579,342,6.92
Snacks,Breakfast,37.0,28.6,48.8,3.3,47.0,412,361,274,11.86
Dairy,Breakfast,45.7,34.8,46.9,9.8,39.0,303,112,443,11.51
Grains,Breakfast,5.7,18.2,27.7,0.9,28.0,936,916,179,5.53
Meat,Dinner,26.1,97.5,43.7,7.7,27.4,954,767,174,8.6
Snacks,Lunch,28.4,19.1,37.5,0.4,31.5,943,719,415,9.43
Snacks,Dinner,18.8,89.6,29.0,2.7,49.9,826,211,578,5.36
Grains,Breakfast,34.3,78.2,41.3,3.0,44.5,722,800,560,8.48
Grains,Snack,33.7,77.1,19.0,8.7,48.5,551,203,340,3.89
Fruits,Snack,4.4,42.7,21.4,7.3,0.6,704,912,338,5.41
Dairy,Dinner,32.0,28.3,39.1,3.2,17.8,452,290,594,9.78
Snacks,Snack,12.2,95.0,33.0,0.5,48.2,346,394,241,5.82
Grains,Dinner,12.2,67.3,48.7,8.9,33.2,334,315,235,9.05
Snacks,Lunch,20.1,31.4,39.7,6.7,29.4,841,365,340,8.81
Meat,Breakfast,46.9,48.7,46.9,6.5,47.4,203,834,531,10.9
Vegetables,Lunch,7.2,41.8,10.1,4.2,26.9,798,670,284,1.89
Grains,Breakfast,1.0,71.1,12.4,2.0,47.0,315,470,167,2.0
Snacks,Snack,10.8,27.4,39.8,2.8,39.2,916,127,269,8.07
Beverages,Breakfast,41.8,71.2,41.2,9.6,44.5,386,305,485,8.86
Dairy,Breakfast,43.0,48.0,25.7,6.0,20.6,423,573,53,6.16
Fruits,Breakfast,19.8,35.1,5.6,6.1,0.5,44,409,243,1.65
Beverages,Breakfast,22.1,23.2,4.0,0.2,13.8,627,699,467,0.99
Vegetables,Lunch,27.6,66.9,21.8,8.7,32.3,809,429,109,4.51
Snacks,Lunch,40.3,40.5,1.0,0.3,16.4,979,680,244,0.25
Beverages,Snack,29.6,43.6,47.0,9.9,49.0,29,471,255,10.3
Vegetables,Snack,48.5,97.3,41.9,7.6,7.6,333,932,194,10.02
Vegetables,Snack,33.9,96.9,6.5,1.0,1.6,466,369,108,1.72
Beverages,Breakfast,47.0,98.8,47.3,7.4,35.3,1,780,426,9.95
Beverages,Lunch,49.3,40.8,2.3,3.4,24.6,262,627,363,0.57
Meat,Breakfast,25.1,50.1,25.6,0.4,43.3,557,273,449,5.37
Beverages,Breakfast,11.5,54.2,5.2,1.0,34.9,853,486,260,0.98
Grains,Dinner,28.7,77.7,45.1,2.9,11.2,26,376,441,9.96
Meat,Snack,28.8,6.2,9.2,2.8,30.5,866,583,512,2.61
Meat,Lunch,40.9,95.6,14.9,5.7,42.7,78,499,192,3.06
Fruits,Lunch,28.3,19.7,29.7,8.1,4.5,361,712,556,8.59
Beverages,Lunch,8.1,59.9,10.9,5.0,12.2,669,282,507,2.14
Beverages,Snack,11.7,95.4,6.7,6.8,22.3,770,910,167,1.24
Grains,Dinner,19.1,49.0,18.8,4.5,16.9,811,348,543,4.03
Dairy,Dinner,39.2,76.0,48.3,5.0,49.2,416,357,68,10.13
Dairy,Dinner,36.4,81.5,25.1,5.1,27.1,74,101,286,5.31
Beverages,Breakfast,3.3,63.0,7.8,1.4,22.1,694,218,149,1.37
Snacks,Breakfast,17.9,7.8,1.5,9.4,24.5,641,388,244,0.4
Fruits,Snack,33.4,85.6,4.7,1.5,41.8,395,393,223,0.95
Beverages,Breakfast,44.9,48.3,23.7,9.2,14.1,506,642,80,5.87
Dairy,Lunch,44.7,82.3,15.1,6.2,41.6,805,938,369,3.22
Vegetables,Snack,7.1,13.6,13.3,6.7,23.0,146,329,495,2.89
Grains,Snack,49.4,14.7,31.6,7.6,41.1,450,332,305,8.68
Snacks,Snack,47.3,47.6,30.8,9.5,0.3,58,883,67,9.8
Fruits,Dinner,8.4,12.2,13.2,4.2,17.1,240,269,423,3.05
Vegetables,Dinner,17.7,37.6,22.7,1.1,48.5,284,373,221,4.69
Meat,Lunch,39.4,55.9,33.6,4.9,30.4,666,586,150,7.58
Vegetables,Breakfast,12.1,75.7,28.4,6.6,28.3,275,852,575,5.27
Vegetables,Dinner,33.2,7.5,12.2,5.6,25.9,754,133,442,3.48
Dairy,Dinner,26.7,49.6,31.9,0.8,25.2,18,278,184,6.97
Grains,Breakfast,44.8,68.1,32.1,3.3,45.1,184,811,104,7.03
Snacks,Dinner,11.9,71.0,46.3,0.9,17.3,355,843,471,8.97
Beverages,Dinner,31.2,26.1,32.1,3.8,6.9,769,228,502,8.74
Vegetables,Breakfast,30.3,81.2,19.5,5.4,47.2,931,194,563,3.9
Vegetables,Breakfast,8.7,16.5,18.1,6.0,9.7,212,593,466,4.23
Beverages,Lunch,4.2,36.0,30.7,5.1,24.8,5,669,490,5.59
Snacks,Breakfast,46.1,50.7,9.0,9.5,20.6,164,608,180,2.16
Meat,Dinner,19.5,70.4,44.2,6.6,18.2,237,907,118,9.0
Vegetables,Breakfast,30.4,54.8,29.5,6.2,42.2,284,283,91,6.3
Vegetables,Snack,31.0,46.7,20.5,0.4,12.2,119,793,451,4.88
Meat,Dinner,43.6,30.1,31.2,6.3,1.5,728,787,596,9.81
Fruits,Lunch,5.1,5.3,35.5,1.6,12.9,559,758,124,8.7
Beverages,Snack,17.1,52.0,39.3,8.5,16.1,876,816,135,8.26
Fruits,Lunch,22.6,97.2,45.3,9.4,48.6,250,789,522,8.49
Dairy,Snack,40.8,27.4,35.0,3.8,43.8,286,631,261,8.7
Snacks,Snack,44.4,66.6,48.7,8.8,12.1,720,917,147,11.62
Meat,Snack,17.4,71.5,41.3,3.9,35.4,266,807,424,7.91
Grains,Dinner,1.2,62.8,33.4,4.3,43.9,94,182,338,5.44
Dairy,Breakfast,5.3,38.8,30.1,4.7,28.6,706,515,248,5.49
Beverages,Lunch,10.9,29.4,4.1,9.9,36.2,429,544,336,0.83
Beverages,Snack,47.5,9.2,32.9,8.7,4.1,7,325,205,10.81
Fruits,Dinner,14.8,19.0,47.9,5.8,26.4,54,883,351,11.0
Fruits,Breakfast,27.5,16.2,38.8,3.9,20.6,792,910,584,10.16
Fruits,Breakfast,4.0,92.6,47.7,7.2,17.4,385,973,290,8.51
Meat,Lunch,35.4,41.4,27.1,8.5,4.6,997,608,189,7.33
Meat,Dinner,8.7,83.4,25.7,8.8,34.9,199,410,286,4.54
Meat,Breakfast,18.3,80.1,48.7,0.5,0.8,121,338,156,12.85
Grains,Dinner,42.0,37.7,37.0,9.1,22.1,246,210,466,9.12
Meat,Snack,6.3,14.8,17.5,6.4,7.3,945,848,591,4.08
Grains,Dinner,29.1,65.4,1.8,3.2,3.9,24,865,212,0.45
Beverages,Breakfast,17.5,82.8,33.0,9.2,16.0,438,753,456,6.59
Meat,Dinner,42.9,62.6,20.9,4.9,13.3,470,175,491,4.97
Dairy,Snack,14.8,13.7,1.0,1.6,38.5,668,511,211,0.24
Beverages,Dinner,6.2,57.0,24.2,9.8,3.3,105,416,424,5.44
Grains,Breakfast,5.7,56.8,26.3,8.1,42.2,221,750,114,4.58
Snacks,Dinner,3.7,40.6,19.2,5.0,44.2,793,238,589,3.31
Beverages,Lunch,19.6,66.2,46.3,1.2,14.3,9,669,476,9.71
Grains,Dinner,6.8,52.6,39.7,2.1,8.2,647,621,536,8.13
Snacks,Dinner,24.6,23.9,34.7,2.8,33.4,625,503,429,8.24
Grains,Lunch,26.3,35.2,6.2,9.6,34.5,29,636,189,1.4
Fruits,Dinner,8.2,48.0,24.9,2.8,40.4,366,399,235,4.54
Grains,Snack,6.1,99.7,8.1,7.7,17.2,614,994,307,1.47
Grains,Dinner,13.5,64.4,5.2,4.6,23.6,24,711,180,1.0
Beverages,Dinner,17.5,89.9,11.4,3.2,14.7,340,578,345,2.28
Beverages,Snack,7.6,39.3,32.0,0.8,7.8,339,381,533,6.81
Fruits,Snack,31.8,11.0,27.5,7.7,4.7,115,352,271,8.54
Meat,Breakfast,34.9,96.3,28.2,4.9,27.9,295,751,57,5.78
Meat,Breakfast,12.6,83.9,17.4,0.2,11.6,792,813,432,3.47
Vegetables,Dinner,5.3,19.6,47.7,4.6,10.9,711,614,238,10.12
Meat,Dinner,3.2,58.6,44.1,4.1,20.5,36,730,286,7.82
Beverages,Lunch,13.4,11.9,34.7,9.1,40.0,233,282,59,8.24
Snacks,Dinner,40.7,8.7,21.4,8.9,40.0,602,449,426,6.04
Vegetables,Snack,33.6,14.9,28.0,6.3,25.1,24,279,314,7.52
Grains,Lunch,40.1,22.1,40.1,0.3,1.0,856,119,267,13.17
Grains,Snack,44.5,12.3,29.4,4.8,13.9,786,690,292,8.58
Snacks,Snack,39.5,73.2,19.9,9.7,10.4,35,897,449,4.67
Dairy,Breakfast,9.4,67.5,36.6,4.9,39.3,717,253,515,6.57
Beverages,Breakfast,33.5,80.3,4.7,8.0,16.8,666,847,589,1.02
Grains,Breakfast,11.0,73.5,15.2,9.0,8.0,148,666,81,3.16
Snacks,Lunch,11.7,53.5,28.5,8.4,47.2,144,956,291,5.3
Snacks,Breakfast,48.0,35.8,32.9,3.4,41.6,335,505,269,8.08
Grains,Breakfast,42.1,57.8,24.2,4.3,36.1,398,830,576,5.44
Dairy,Dinner,42.0,50.2,45.4,7.4,31.6,671,636,596,10.5
Vegetables,Dinner,22.6,35.5,47.5,6.7,10.3,428,131,312,11.4
Snacks,Breakfast,47.5,89.3,36.9,5.3,49.1,73,760,410,7.78
Beverages,Snack,9.1,32.5,42.8,6.0,47.7,354,160,397,8.2
Snacks,Snack,45.9,45.0,20.6,4.2,43.0,452,327,217,4.85
Grains,Breakfast,37.2,97.9,3.3,1.2,9.1,613,384,537,0.75
Grains,Breakfast,3.4,20.8,30.2,9.8,20.1,853,659,549,5.74
Grains,Breakfast,45.3,79.1,21.6,9.1,28.9,120,565,412,4.73
Snacks,Snack,23.9,80.5,4.4,1.3,5.5,739,170,432,1.02
Fruits,Breakfast,46.0,90.0,8.5,1.4,11.1,320,309,122,1.97
Snacks,Snack,39.7,53.1,38.8,0.9,21.4,558,413,105,9.02
Grains,Lunch,48.5,74.1,33.4,7.0,29.4,826,819,373,7.46
Dairy,Breakfast,26.8,38.1,11.1,6.0,5.5,216,349,186,2.87
Beverages,Snack,30.1,11.7,7.7,0.4,34.3,477,466,69,2.07
Vegetables,Snack,1.9,31.3,10.8,6.0,22.2,390,783,158,1.91
Grains,Lunch,1.9,88.7,10.6,2.6,20.5,486,634,361,1.83
Fruits,Breakfast,9.7,80.1,45.5,1.6,2.3,754,790,416,10.67
Grains,Dinner,13.5,62.8,48.2,4.6,27.5,743,721,426,9.23
Meat,Breakfast,20.1,80.3,13.0,3.3,12.6,791,419,336,2.71
Beverages,Dinner,17.5,15.9,34.1,8.7,8.9,637,727,456,8.94
Beverages,Dinner,7.5,72.2,28.8,5.0,41.9,808,939,464,5.03
Fruits,Lunch,17.4,38.6,4.1,1.8,16.4,796,434,256,0.9
Snacks,Breakfast,22.5,38.8,6.5,4.2,0.2,154,903,572,1.95
Meat,Breakfast,20.3,32.4,24.4,5.0,39.2,23,795,459,5.32
Meat,Snack,10.3,54.2,2.1,9.7,17.8,953,356,445,0.41
Grains,Snack,19.5,12.2,42.2,1.7,46.9,608,999,197,10.51
Vegetables,Breakfast,2.1,77.2,22.0,2.7,10.5,579,326,211,4.1
Vegetables,Snack,18.9,90.3,17.8,4.9,49.8,914,598,369,3.29
Snacks,Breakfast,24.5,22.1,7.0,2.4,7.7,41,287,74,1.87
Meat,Lunch,33.5,28.0,6.1,9.5,42.7,484,179,307,1.47
Dairy,Snack,31.7,5.9,49.8,0.8,23.3,865,571,300,14.48
Fruits,Breakfast,8.6,39.0,31.0,8.2,49.5,727,528,105,5.76
Grains,Lunch,3.1,42.0,37.3,9.2,8.5,120,171,513,7.35
Dairy,Lunch,45.9,75.7,43.2,0.6,30.4,676,239,116,9.52
Fruits,Lunch,32.4,40.5,21.3,7.5,5.7,412,719,159,5.59
Vegetables,Snack,7.9,54.9,3.5,1.9,22.6,364,556,437,0.65
Snacks,Snack,12.3,39.9,23.9,6.6,49.5,110,914,522,4.63
Beverages,Snack,29.6,36.1,13.6,8.5,46.6,766,977,206,3.08
Fruits,Lunch,27.1,33.9,16.2,5.2,6.0,696,272,465,4.23
Grains,Lunch,15.6,58.6,8.3,0.7,24.7,191,112,259,1.64
Meat,Dinner,45.3,64.8,8.3,3.6,29.5,973,198,161,1.87
Dairy,Dinner,32.0,46.6,40.9,3.7,2.1,472,817,71,11.48
Beverages,Snack,6.2,76.4,49.3,3.8,11.6,741,615,198,9.43
Fruits,Breakfast,36.1,93.4,1.3,2.4,49.0,303,350,455,0.26
Meat,Lunch,43.5,41.7,3.9,6.1,16.3,708,957,109,0.97
Snacks,Snack,42.3,52.5,19.7,0.8,22.3,916,702,374,4.62
Beverages,Lunch,17.2,36.0,23.8,0.5,43.5,865,112,203,4.95
Dairy,Lunch,19.3,24.9,32.8,7.5,26.8,491,119,271,7.54
Grains,Snack,30.6,14.3,19.7,5.5,6.9,165,424,505,5.75
Vegetables,Snack,9.8,80.2,31.3,3.6,15.9,251,465,479,5.95
Snacks,Dinner,6.0,48.8,18.6,8.9,18.8,681,540,583,3.48
Dairy,Snack,10.3,97.0,48.1,1.2,45.9,687,995,86,8.37
Dairy,Snack,23.7,10.0,28.3,1.9,14.5,748,275,457,7.87
Vegetables,Snack,27.3,27.2,13.1,9.7,30.1,27,832,132,3.12
Grains,Breakfast,14.3,21.6,6.5,5.4,32.9,159,536,165,1.44
Fruits,Dinner,44.0,74.9,11.8,8.3,1.9,693,498,566,3.27
Vegetables,Lunch,48.5,28.8,36.3,1.1,33.9,598,498,390,9.28
Dairy,Dinner,45.1,6.9,37.8,5.4,20.5,753,824,218,11.24
Snacks,Breakfast,40.0,67.2,29.7,6.2,35.6,938,847,582,6.47
Fruits,Breakfast,40.5,18.8,11.0,5.7,6.0,524,805,148,3.26
Meat,Dinner,9.3,64.5,29.7,0.2,45.7,466,210,118,5.3
Grains,Breakfast,26.9,76.1,39.6,7.8,11.9,831,734,181,8.65
Meat,Breakfast,44.1,55.1,35.5,1.1,45.9,904,428,580,8.02
Fruits,Breakfast,43.9,25.9,14.1,0.4,39.6,143,921,412,3.58
Fruits,Lunch,44.9,33.6,14.6,9.0,16.6,658,521,328,3.76
Grains,Lunch,42.2,8.9,47.6,5.7,5.3,795,161,307,15.23
Vegetables,Dinner,32.8,28.5,9.8,3.6,34.9,427,601,188,2.37
Grains,Breakfast,11.4,62.1,37.6,8.5,25.4,450,341,305,7.12
Beverages,Snack,19.7,58.0,8.6,7.1,30.6,763,233,538,1.73
Dairy,Dinner,37.4,45.6,46.8,1.7,33.8,370,869,291,10.75
Meat,Snack,27.9,66.5,9.3,7.5,34.9,216,993,561,1.92
Vegetables,Breakfast,12.3,46.9,19.0,9.4,6.3,226,994,387,4.27
Vegetables,Breakfast,41.3,38.2,19.0,4.5,24.3,570,281,344,4.64
Meat,Dinner,11.7,38.6,18.5,8.6,48.4,192,895,477,3.58
Dairy,Snack,8.0,8.8,31.3,0.4,46.1,640,103,571,7.11
Snacks,Dinner,36.7,64.9,1.0,7.9,12.9,550,208,600,0.23
Beverages,Dinner,5.9,51.0,31.1,7.2,34.4,17,859,202,5.54
Fruits,Lunch,12.9,55.8,49.1,3.0,43.0,819,875,514,9.24
Meat,Snack,19.5,65.6,37.6,1.7,31.8,140,438,233,7.43
Grains,Lunch,14.7,30.5,3.8,7.8,23.6,68,114,589,0.82
Beverages,Snack,21.5,13.1,26.0,2.8,12.6,738,427,536,6.99
Grains,Breakfast,44.5,64.9,29.4,1.2,40.5,287,538,500,6.51
Fruits,Lunch,4.3,74.4,26.8,6.7,23.5,704,452,432,4.71
Snacks,Lunch,4.2,26.5,15.1,4.3,8.4,80,762,412,3.13
Dairy,Lunch,13.5,5.2,46.3,1.6,9.5,582,415,368,13.3
Vegetables,Dinner,5.6,72.2,22.6,2.9,3.2,7,817,196,5.01
Dairy,Breakfast,11.2,42.1,35.0,0.6,28.1,288,376,559,6.86
Vegetables,Snack,45.6,79.6,38.1,8.6,23.4,988,973,517,8.45
Fruits,Snack,44.2,34.0,11.2,0.4,47.7,628,988,515,2.72
Beverages,Lunch,26.8,69.7,43.8,10.0,29.0,731,666,261,9.02
Beverages,Breakfast,3.7,81.9,36.5,10.0,48.1,765,162,77,6.05
Snacks,Breakfast,16.0,61.3,40.0,8.1,10.0,483,196,155,8.56
Meat,Lunch,41.3,70.7,30.1,10.0,49.5,934,806,535,6.44
Meat,Snack,40.9,31.9,28.3,7.4,32.6,625,326,590,6.97
Meat,Breakfast,27.8,72.6,28.5,8.2,10.8,840,964,457,6.35
Dairy,Dinner,3.5,88.0,3.8,5.6,39.8,621,551,473,0.63
Beverages,Lunch,37.5,14.2,28.0,4.5,19.4,721,529,71,7.76
Beverages,Dinner,32.6,95.1,24.1,5.6,9.6,291,747,325,5.36
Beverages,Breakfast,1.4,72.4,4.5,6.2,9.8,211,656,216,0.84
Meat,Lunch,33.8,78.5,5.3,9.9,8.0,840,896,126,1.24
Meat,Breakfast,34.1,82.5,35.1,0.2,22.4,490,486,228,7.43
Snacks,Lunch,6.1,99.9,47.5,6.6,48.7,9,656,551,7.97
Beverages,Dinner,33.2,66.5,46.2,5.0,41.6,255,650,165,9.71
Meat,Dinner,15.8,36.5,1.7,8.9,38.6,780,338,541,0.35
Snacks,Snack,30.5,66.1,37.1,1.1,36.5,588,918,117,7.75
Dairy,Dinner,18.6,93.4,47.9,2.9,28.1,572,179,420,9.09
Vegetables,Snack,47.6,90.9,28.7,6.7,14.9,53,672,97,6.5
Grains,Snack,25.2,40.7,31.7,2.4,38.3,965,717,432,6.91
Snacks,Lunch,35.8,73.4,36.0,4.2,6.1,561,637,536,8.78
Meat,Breakfast,43.7,18.9,32.7,1.5,25.4,741,990,427,8.81
Dairy,Dinner,39.1,10.1,19.8,6.8,23.3,149,286,220,5.63
Fruits,Lunch,47.7,9.0,22.9,6.1,31.2,782,753,160,6.59
Fruits,Snack,47.2,55.8,2.0,6.9,1.7,898,908,564,0.59
Grains,Breakfast,25.9,15.7,20.6,9.5,7.9,964,142,441,5.77
Dairy,Breakfast,39.1,64.1,40.1,6.4,41.1,819,787,68,8.71
Fruits,Lunch,4.4,18.9,1.8,5.5,27.1,230,593,157,0.35
Beverages,Snack,17.5,99.3,7.6,8.3,32.9,128,244,233,1.41
Snacks,Breakfast,39.9,61.7,9.8,2.3,47.4,696,264,557,2.14
Vegetables,Breakfast,32.9,37.7,43.0,1.3,44.3,277,364,278,9.85
Snacks,Lunch,36.9,86.8,9.9,7.2,24.0,270,683,135,2.1
Vegetables,Dinner,17.7,43.6,42.1,9.1,41.8,757,479,402,8.56
Dairy,Dinner,48.3,89.2,9.3,6.9,45.4,669,906,332,1.97
Fruits,Snack,35.6,74.2,39.7,0.9,35.0,276,413,380,8.36
Meat,Lunch,37.3,83.6,9.3,4.8,39.0,947,591,135,1.93
Snacks,Lunch,46.2,93.2,47.8,9.0,31.5,270,502,489,10.18
Snacks,Lunch,42.8,7.0,15.0,3.6,11.9,118,213,497,4.59
Fruits,Breakfast,36.5,75.8,33.8,4.2,14.0,91,261,460,7.59
Vegetables,Dinner,39.7,35.9,45.9,8.9,25.3,571,961,542,11.21
Grains,Snack,16.4,59.8,6.9,8.1,29.0,4,478,115,1.36
Fruits,Breakfast,30.5,26.9,49.2,7.9,48.2,590,555,174,11.7
Snacks,Lunch,27.8,84.6,38.4,2.8,1.1,70,889,155,10.32
Vegetables,Dinner,24.4,34.5,37.2,3.3,32.3,530,392,289,8.35
Grains,Breakfast,29.0,80.1,16.5,6.8,41.6,202,626,371,3.3
Snacks,Snack,3.5,95.2,22.5,8.3,25.4,180,365,385,3.86
Vegetables,Lunch,35.1,58.9,4.9,1.2,46.2,255,116,234,1.05
Vegetables,Breakfast,6.9,33.3,23.8,5.7,38.6,732,892,65,4.44
Snacks,Snack,49.5,6.8,40.4,0.8,3.6,745,153,395,13.64
Grains,Dinner,6.0,39.0,27.5,10.0,6.6,966,561,62,5.85
Beverages,Breakfast,21.7,65.7,3.6,5.1,18.1,394,141,583,0.75
Dairy,Snack,16.3,94.1,11.1,9.5,37.8,824,330,410,2.04
Snacks,Breakfast,21.8,51.5,6.9,5.7,36.1,383,163,403,1.42
Meat,Breakfast,35.5,98.2,48.3,2.8,39.3,520,844,449,9.7
Snacks,Breakfast,37.7,44.9,16.0,5.9,23.9,575,186,403,3.76
Grains,Snack,41.3,77.7,30.8,7.1,38.2,291,731,201,6.57
Vegetables,Dinner,27.1,73.2,36.6,9.2,19.1,241,268,527,7.72
Beverages,Breakfast,40.8,60.3,30.5,2.6,48.5,424,506,394,6.69
Dairy,Lunch,46.9,60.8,20.9,7.1,11.2,16,821,150,5.13
Grains,Lunch,28.9,76.0,16.7,5.4,36.3,795,339,413,3.39
Beverages,Dinner,34.3,8.5,34.5,4.5,26.7,253,890,135,9.77
Snacks,Lunch,39.6,85.9,9.5,2.7,25.0,458,666,237,2.03
Snacks,Lunch,14.2,47.7,9.4,5.5,4.8,310,369,301,2.21
Snacks,Snack,23.6,96.0,23.0,5.1,31.7,835,521,330,4.44
Vegetables,Snack,11.1,88.1,49.7,7.0,4.1,758,614,204,11.01
Grains,Breakfast,43.6,61.1,15.4,8.1,39.5,820,124,301,3.44
Fruits,Lunch,2.0,73.2,1.1,3.8,28.5,82,500,460,0.19
Beverages,Snack,20.7,41.6,36.7,7.6,49.2,340,933,102,7.64
Snacks,Snack,8.0,61.1,35.9,6.5,26.7,934,868,484,6.57
Fruits,Dinner,33.2,50.1,12.5,7.7,26.1,5,866,133,2.81
Snacks,Snack,15.5,78.9,49.9,5.1,42.0,597,429,356,9.23
Snacks,Lunch,5.0,9.4,13.6,0.6,20.0,535,166,598,2.97
Dairy,Snack,10.2,13.5,29.4,2.4,38.9,588,473,311,6.57
Meat,Lunch,48.0,69.6,22.5,1.5,9.2,7,816,291,5.53
Vegetables,Lunch,1.9,46.1,5.5,7.8,0.2,934,805,349,1.39
Dairy,Breakfast,49.8,56.0,37.0,2.7,49.9,72,568,122,8.47
Fruits,Breakfast,4.6,68.2,27.9,2.9,44.2,957,607,354,4.73
Meat,Snack,43.9,10.2,44.8,8.4,34.4,445,859,308,12.64
Fruits,Snack,39.2,14.7,3.5,3.9,15.9,941,476,407,0.98
Fruits,Breakfast,13.5,31.5,39.6,9.4,38.4,385,594,583,8.14
Meat,Breakfast,12.4,19.9,21.0,4.4,27.7,36,902,572,4.64
Beverages,Breakfast,3.9,53.8,12.4,0.3,4.0,748,320,133,2.67
Meat,Snack,7.6,41.8,5.2,9.4,19.5,588,611,84,1.0
Dairy,Dinner,39.4,9.9,5.5,9.5,1.6,939,948,269,1.89
Snacks,Lunch,45.7,17.5,16.9,2.9,46.1,691,537,256,4.5
Grains,Lunch,9.1,24.1,27.8,6.1,34.3,434,930,407,5.63
Snacks,Breakfast,44.3,30.2,43.0,8.4,23.1,519,764,158,11.0
Fruits,Lunch,22.1,82.6,16.0,8.8,24.0,536,879,281,3.18
Vegetables,Dinner,49.5,85.4,7.3,7.0,48.0,260,226,178,1.56
Dairy,Snack,49.3,18.9,34.9,7.0,18.7,159,552,173,9.7
Dairy,Snack,9.9,47.4,11.0,3.6,21.1,105,690,236,2.14
Dairy,Dinner,25.5,68.7,19.3,8.7,45.5,291,177,278,3.86
Beverages,Snack,20.8,86.0,47.4,3.9,48.4,64,347,287,8.93
Snacks,Lunch,49.7,50.7,49.6,7.4,11.5,179,976,451,12.59
Grains,Breakfast,41.3,9.0,31.9,7.3,8.9,644,761,563,9.78
Snacks,Breakfast,30.9,39.1,38.1,9.5,19.5,930,286,528,8.98
Vegetables,Lunch,7.6,46.6,6.2,7.9,29.0,574,980,132,1.15
Fruits,Snack,3.2,12.1,24.1,3.5,46.1,356,386,245,4.56
Fruits,Lunch,30.1,58.4,10.0,8.5,0.8,270,606,408,2.87
Grains,Lunch,29.4,54.6,36.1,5.5,19.8,987,871,508,8.02
Vegetables,Snack,42.5,79.8,40.2,7.7,32.3,441,216,114,8.65
Snacks,Dinner,13.4,92.6,1.6,5.7,8.7,514,169,210,0.33
Vegetables,Lunch,8.6,59.0,37.7,1.4,45.2,89,608,99,6.74
Beverages,Breakfast,7.1,40.5,35.6,5.7,49.5,481,948,141,6.45
Vegetables,Breakfast,19.9,63.0,35.0,9.6,18.3,423,735,322,7.25
Meat,Dinner,22.1,97.1,7.6,8.6,47.0,553,265,320,1.42
Grains,Breakfast,14.5,22.1,50.0,0.6,14.7,696,966,213,11.66
Beverages,Breakfast,15.3,32.0,48.1,2.9,21.1,41,551,447,10.42
Meat,Lunch,15.6,36.7,37.5,8.0,18.5,754,696,330,8.07
Fruits,Dinner,8.2,39.0,32.7,2.7,27.9,271,394,365,6.24
Vegetables,Breakfast,36.4,8.6,19.9,4.6,17.7,47,157,493,5.79
Dairy,Dinner,40.3,92.4,46.7,0.5,39.3,979,736,112,9.64
Snacks,Lunch,40.4,41.8,21.2,6.8,26.8,354,778,70,5.06
Beverages,Breakfast,19.1,57.5,42.0,8.5,3.9,511,366,449,10.21
Meat,Lunch,10.3,86.9,37.4,5.3,38.6,616,151,256,6.63
Fruits,Lunch,33.7,89.2,20.4,3.8,7.2,374,334,344,4.73
Grains,Lunch,17.9,21.6,22.3,1.1,32.8,248,532,208,5.12
Meat,Breakfast,17.1,49.7,49.3,5.5,20.7,305,602,533,10.22
Fruits,Breakfast,14.4,14.5,4.4,9.0,7.2,24,465,127,1.16
Fruits,Snack,11.6,70.3,20.8,6.8,4.0,219,240,495,4.71
Fruits,Snack,25.1,90.2,42.3,1.0,45.8,630,405,255,8.13
Meat,Breakfast,40.4,80.4,13.9,5.2,10.3,759,196,323,3.23
Snacks,Dinner,16.5,24.0,33.7,9.3,29.6,103,432,408,7.55
Fruits,Lunch,26.6,78.4,21.9,6.4,25.5,221,338,223,4.47
Fruits,Lunch,10.3,17.8,47.5,1.0,46.5,362,640,56,10.11
Dairy,Breakfast,27.1,91.8,40.2,5.2,24.3,534,976,561,8.08
Meat,Dinner,2.0,32.5,48.3,3.9,12.7,634,430,189,9.02
Grains,Breakfast,26.0,23.6,20.4,5.3,26.0,3,153,254,4.96
Snacks,Snack,23.7,41.6,21.2,9.2,5.7,288,902,126,5.31
Grains,Lunch,18.5,86.5,11.5,3.0,11.5,233,735,503,2.37
Dairy,Lunch,29.8,56.2,13.3,9.5,4.1,7,771,183,3.41
Grains,Dinner,21.0,38.0,13.9,2.6,37.4,782,316,243,2.98
Grains,Lunch,30.1,48.8,40.6,6.7,9.6,918,475,585,9.77
Beverages,Snack,17.7,16.1,37.1,0.7,41.8,895,195,445,8.79
Snacks,Lunch,12.8,77.9,48.1,5.1,48.2,171,909,386,8.67
Beverages,Lunch,17.7,59.9,5.3,2.5,8.6,551,582,478,1.17
Grains,Snack,27.6,55.9,4.4,0.6,6.5,430,937,318,1.07
Grains,Lunch,3.0,56.5,17.9,4.6,6.1,774,385,297,3.62
Snacks,Dinner,29.3,63.5,25.5,8.5,4.2,601,717,496,6.41
Fruits,Breakfast,44.7,61.7,11.7,6.0,45.7,264,933,260,2.6
Grains,Snack,16.6,86.9,26.6,3.1,25.7,156,552,353,5.06
Dairy,Dinner,33.0,41.7,8.1,0.9,33.4,37,799,164,1.85
Grains,Lunch,45.7,11.1,8.8,7.0,48.5,42,936,502,2.45
Vegetables,Lunch,31.7,72.6,9.7,8.9,32.7,688,781,77,2.02
Beverages,Breakfast,16.1,83.7,7.1,5.9,45.9,342,783,280,1.3
Beverages,Snack,23.7,42.8,38.9,1.0,4.8,708,476,340,9.87
Snacks,Breakfast,39.4,25.2,4.0,1.4,11.7,310,940,119,1.08
Fruits,Lunch,3.2,38.9,39.5,1.5,6.8,879,521,192,8.04
Dairy,Dinner,12.1,53.3,43.9,7.4,30.7,44,895,52,8.4
Fruits,Dinner,5.1,8.3,21.0,7.9,48.5,379,963,600,4.46
Vegetables,Snack,43.6,56.7,16.5,1.8,42.2,458,449,199,3.72
Meat,Snack,17.4,22.8,3.9,6.9,16.0,525,632,183,0.92
Dairy,Dinner,1.2,53.9,33.5,4.0,36.0,276,233,376,5.54
Meat,Lunch,19.0,51.9,22.2,2.1,9.2,161,701,530,4.99
Fruits,Dinner,48.1,40.6,27.4,4.8,43.3,418,499,227,6.6
Meat,Snack,26.4,92.8,10.9,8.8,27.2,273,523,181,2.16
Meat,Breakfast,8.6,67.4,48.1,3.1,12.7,621,616,399,9.38
Grains,Breakfast,26.6,62.6,27.2,2.5,10.8,130,893,269,6.14
Vegetables,Dinner,32.4,99.8,31.2,5.4,29.0,360,128,94,6.28
Beverages,Dinner,31.3,45.3,12.0,6.2,25.9,798,912,320,2.72
Meat,Breakfast,8.5,66.5,26.9,0.0,21.1,6,950,511,5.0
Dairy,Snack,34.2,66.3,1.6,4.1,14.1,946,911,242,0.36
Vegetables,Snack,11.7,28.3,13.9,7.3,24.3,221,228,282,2.92
Beverages,Lunch,48.1,74.9,15.4,4.0,20.2,366,907,374,3.51
Dairy,Lunch,40.7,47.4,42.1,1.5,39.0,992,968,532,9.68
Grains,Snack,39.5,89.2,14.0,9.7,17.3,691,404,272,3.05
Meat,Dinner,2.4,61.1,6.4,5.8,7.0,276,340,134,1.26
Meat,Breakfast,43.8,97.2,29.1,5.6,40.2,601,842,358,6.03
Meat,Breakfast,15.6,60.3,6.4,3.9,48.2,623,836,126,1.21
Fruits,Dinner,10.5,81.6,9.0,7.7,34.7,548,823,366,1.62
Meat,Dinner,44.5,87.0,1.8,5.1,27.4,354,543,139,0.39
Fruits,Snack,49.5,75.5,27.3,3.0,32.7,951,849,214,6.07
Vegetables,Breakfast,25.0,95.1,36.7,6.5,3.4,693,269,163,8.83
Vegetables,Snack,18.0,77.3,9.0,0.6,41.6,389,313,257,1.7
Snacks,Lunch,49.6,42.8,3.2,8.0,24.1,927,609,581,0.79
Fruits,Dinner,43.1,8.6,18.1,2.9,32.2,424,852,435,5.18
Snacks,Breakfast,32.1,89.5,36.9,9.2,36.7,950,273,314,7.43
Vegetables,Breakfast,30.9,86.9,46.4,9.0,22.5,415,940,447,9.61
Snacks,Breakfast,24.8,87.3,42.8,4.9,26.8,702,516,482,8.5
Dairy,Breakfast,32.5,43.5,8.6,1.2,4.2,911,227,537,2.3
Beverages,Lunch,29.2,64.0,37.7,1.4,26.0,557,818,535,8.02
Beverages,Dinner,38.1,65.0,17.4,1.0,19.3,1,882,457,3.92
Beverages,Lunch,39.9,93.9,29.6,1.4,48.0,755,507,229,6.03
Fruits,Dinner,20.5,90.8,46.0,3.3,23.6,888,694,95,8.96
Meat,Lunch,43.7,90.8,5.7,5.7,24.5,856,180,53,1.23
Grains,Dinner,22.3,65.3,1.6,6.5,24.4,460,175,379,0.33
Vegetables,Lunch,47.4,6.7,30.6,5.5,1.0,327,711,534,11.09
Dairy,Snack,17.1,48.3,6.5,1.3,19.5,393,627,179,1.36
Vegetables,Lunch,24.9,75.3,20.2,9.2,24.6,982,812,373,4.12
Snacks,Lunch,3.5,26.7,29.6,4.3,40.3,580,386,430,5.26
Vegetables,Snack,48.1,13.1,20.3,5.9,16.7,410,817,470,5.87
Meat,Lunch,27.1,42.5,44.3,7.6,25.8,729,652,542,9.91
Vegetables,Lunch,36.2,44.4,32.6,4.5,38.9,505,901,92,7.43
Dairy,Snack,1.8,85.9,3.7,1.4,17.4,811,953,464,0.65
Snacks,Snack,30.5,73.5,26.1,4.4,20.2,116,552,382,5.57
Vegetables,Dinner,6.1,99.5,41.3,9.4,39.0,962,312,367,7.02
Fruits,Breakfast,19.1,27.8,43.8,6.1,31.4,401,840,419,9.79
Grains,Dinner,10.6,80.9,45.6,9.7,23.0,228,226,349,8.44
Fruits,Breakfast,29.9,95.3,26.3,9.3,12.5,9,672,398,5.63
Beverages,Snack,28.6,58.2,34.9,9.0,8.2,454,145,554,8.26
Grains,Snack,24.6,18.2,46.3,7.2,25.6,139,942,562,11.6
Meat,Snack,37.8,50.0,29.3,0.5,14.8,495,578,310,7.01
Vegetables,Lunch,36.9,10.1,15.6,9.5,36.3,732,234,547,4.33
Snacks,Lunch,17.5,19.5,14.6,8.5,16.3,437,263,264,3.54
Vegetables,Snack,4.2,76.3,48.2,5.4,15.8,405,739,495,8.76
Grains,Breakfast,18.4,74.8,43.2,10.0,38.1,842,108,148,8.25
Fruits,Dinner,8.0,10.6,19.0,3.4,31.7,339,326,172,4.27
Fruits,Dinner,32.7,30.2,8.9,9.2,43.2,621,210,65,2.11
Meat,Breakfast,39.9,11.2,38.9,3.3,28.4,472,553,165,10.89
Vegetables,Dinner,30.0,42.3,12.1,2.5,49.3,232,287,104,2.67
Meat,Dinner,29.4,79.1,27.6,9.7,1.7,814,116,411,7.31
Fruits,Dinner,6.6,14.9,42.7,2.1,28.1,902,108,333,8.93
Fruits,Breakfast,6.8,74.4,10.2,5.0,47.5,544,298,290,1.75
Meat,Dinner,21.5,38.4,44.5,9.1,21.5,918,333,321,9.87
Grains,Snack,20.1,18.7,4.6,6.8,2.5,732,230,157,1.35
Snacks,Lunch,39.5,46.0,43.2,9.6,27.5,674,156,230,10.1
Vegetables,Lunch,32.5,15.9,32.3,2.1,31.3,757,107,276,8.48
Grains,Breakfast,7.0,33.0,17.3,0.7,37.0,844,401,308,3.24
Beverages,Snack,31.6,99.9,44.9,9.4,35.5,666,276,568,8.9
Dairy,Lunch,17.1,7.8,2.1,2.3,27.3,582,579,214,0.56
Vegetables,Breakfast,28.3,74.2,27.1,2.5,0.6,533,773,59,7.6
Vegetables,Snack,47.5,71.5,38.6,7.8,14.1,390,491,340,9.09
Dairy,Snack,2.9,96.1,12.7,2.3,36.5,461,930,440,2.11
Beverages,Snack,7.0,57.1,38.5,8.8,22.1,253,221,439,7.11
Snacks,Breakfast,27.0,54.6,43.6,8.3,9.4,121,166,101,10.19
Snacks,Dinner,36.0,9.1,41.9,9.6,40.3,620,933,432,11.66
Meat,Dinner,28.7,48.9,3.5,8.9,7.0,437,416,298,0.86
Grains,Snack,26.0,53.8,23.6,1.5,11.1,354,378,106,5.41
Grains,Snack,35.6,46.9,11.0,1.0,8.1,964,891,226,2.77
Snacks,Lunch,36.6,76.0,17.8,1.1,0.5,501,720,555,5.15
Dairy,Snack,14.5,47.9,24.2,6.3,29.2,832,936,209,4.81
Meat,Snack,43.8,94.4,4.2,8.3,12.0,456,822,531,0.95
Grains,Snack,40.2,63.8,12.8,4.9,36.0,142,695,266,2.81
Beverages,Dinner,22.9,44.9,36.0,4.2,47.3,496,794,177,7.54
Meat,Snack,33.3,44.2,27.0,1.1,8.8,896,476,408,6.75
Vegetables,Lunch,19.1,71.1,13.4,4.1,2.2,237,558,302,3.36
Meat,Dinner,12.5,52.8,34.6,8.1,20.2,915,197,245,6.86
Dairy,Dinner,14.5,49.7,5.4,6.8,39.7,470,618,383,1.05
Dairy,Snack,31.4,48.4,49.9,0.2,49.8,497,526,380,10.85
Vegetables,Snack,37.7,6.9,16.3,8.7,5.2,791,364,501,5.27
Grains,Snack,36.1,20.2,37.1,7.3,0.3,389,664,236,12.57
Vegetables,Breakfast,49.3,51.3,13.4,8.6,15.6,37,731,530,3.31
Grains,Snack,21.6,54.6,1.2,4.7,22.5,240,898,446,0.25
Snacks,Breakfast,12.9,94.5,46.7,8.9,43.1,719,124,256,8.32
Vegetables,Dinner,21.4,95.8,20.4,3.7,7.3,218,881,241,4.44
Beverages,Breakfast,2.7,85.2,4.5,7.5,47.3,347,867,208,0.74
Dairy,Breakfast,3.7,35.5,43.1,9.6,31.7,943,819,135,7.65
Grains,Snack,23.2,56.8,20.5,1.7,26.7,111,909,139,4.28
Vegetables,Dinner,22.3,13.6,28.3,3.3,36.1,851,264,336,7.15
Meat,Dinner,9.7,91.6,6.4,5.1,7.7,112,411,569,1.3
Meat,Dinner,32.4,88.3,11.9,7.9,13.4,143,442,442,2.58
Vegetables,Snack,21.6,15.3,32.3,5.8,16.7,790,777,379,8.35
Fruits,Breakfast,46.0,71.5,1.1,6.1,27.4,87,946,254,0.25
Vegetables,Snack,30.9,16.9,46.4,0.8,44.2,222,257,574,11.84
Grains,Lunch,17.1,86.7,48.0,9.4,40.3,876,881,399,8.9
Dairy,Lunch,13.5,73.4,37.2,6.8,4.7,891,889,62,8.35
Beverages,Dinner,28.0,41.5,10.4,0.3,1.4,871,981,109,2.99
Meat,Snack,15.5,73.1,12.6,2.7,26.2,713,596,247,2.42
Meat,Breakfast,7.4,96.1,15.3,3.0,32.5,914,686,188,2.66
Beverages,Breakfast,25.1,89.9,23.3,2.0,31.3,470,215,577,4.57
Snacks,Lunch,21.4,79.3,6.4,8.8,45.7,663,472,451,1.23
Fruits,Snack,38.7,34.8,8.6,5.2,36.5,89,625,106,2.06
Dairy,Snack,38.2,6.3,4.7,8.8,48.5,551,852,202,1.34
Dairy,Lunch,35.1,72.0,1.8,6.6,27.8,883,528,559,0.39
Meat,Snack,21.9,93.2,22.8,3.8,27.0,793,570,130,4.42
Vegetables,Snack,5.2,83.4,34.5,1.1,31.6,203,693,297,5.95
Dairy,Snack,2.9,55.6,45.8,4.9,11.7,797,211,315,8.58
Grains,Dinner,5.4,86.6,40.4,3.5,3.0,411,418,486,8.94
Dairy,Breakfast,40.9,20.7,17.3,7.2,13.8,387,891,505,4.75
Vegetables,Breakfast,34.0,70.9,1.6,5.2,9.1,397,978,460,0.37
Beverages,Snack,40.0,9.0,6.4,1.8,11.8,693,699,111,1.92
Vegetables,Snack,43.4,85.2,36.7,9.9,47.1,183,185,108,7.7
Grains,Snack,24.2,53.6,19.6,9.8,7.4,528,937,131,4.63
Vegetables,Lunch,10.2,31.9,27.5,4.6,27.5,812,348,353,5.52
Dairy,Dinner,8.1,57.6,12.6,0.0,8.7,772,228,562,2.58
Grains,Snack,32.0,99.3,40.2,1.3,22.3,335,569,338,8.22
Beverages,Breakfast,40.3,57.2,25.5,7.1,29.9,250,324,108,5.76
Grains,Dinner,19.6,90.0,20.8,5.2,26.9,647,661,506,4.0
Dairy,Lunch,2.9,54.8,17.1,3.2,20.1,207,918,270,3.03
Dairy,Snack,9.5,88.1,26.9,3.2,17.5,701,507,575,5.02
Snacks,Dinner,35.2,54.1,3.0,1.8,45.5,784,955,562,0.66
Beverages,Breakfast,2.0,88.4,10.0,9.0,26.7,353,297,473,1.69
Beverages,Lunch,30.8,20.0,37.8,5.8,38.4,944,140,458,9.48
Vegetables,Breakfast,17.2,53.5,25.5,3.7,7.3,691,278,378,5.78
Vegetables,Lunch,8.9,76.7,46.0,7.2,44.3,837,985,280,8.08
Snacks,Dinner,27.3,87.1,26.8,3.6,28.0,344,952,185,5.38
Fruits,Breakfast,9.8,64.5,41.9,4.9,1.5,565,576,232,10.33
Fruits,Dinner,47.3,57.7,20.5,8.6,43.1,486,996,323,4.66
Grains,Lunch,7.9,98.3,39.4,7.2,20.4,780,832,401,7.12
Beverages,Breakfast,41.3,74.6,44.5,6.4,31.7,436,247,389,9.64
Snacks,Lunch,24.0,28.7,19.7,9.7,4.8,15,745,337,5.28
Fruits,Lunch,41.8,67.7,32.6,0.8,34.8,830,939,532,7.15
Vegetables,Dinner,40.1,67.5,30.8,5.4,19.4,39,495,219,6.96
Snacks,Lunch,38.6,92.8,13.4,7.3,2.8,701,880,415,3.45
Grains,Snack,23.7,49.1,1.8,4.7,1.1,457,612,67,0.5
Snacks,Breakfast,22.3,73.1,22.6,2.9,21.6,25,644,590,4.6
Fruits,Snack,31.7,25.8,7.4,9.1,38.6,892,220,218,1.8
Vegetables,Lunch,13.6,89.9,5.7,7.5,47.2,946,271,230,1.02
Vegetables,Snack,36.4,82.4,10.2,0.4,32.8,289,602,491,2.13
Snacks,Lunch,23.9,21.4,45.1,8.7,30.2,690,923,546,10.9
Snacks,Snack,32.2,84.1,1.6,0.7,27.3,672,335,409,0.33
Vegetables,Snack,8.4,45.8,48.7,9.1,39.4,470,463,568,8.97
Meat,Snack,4.3,85.0,3.6,5.8,41.2,645,280,88,0.6
Snacks,Lunch,37.9,54.2,49.5,8.4,32.8,406,552,193,11.1
Beverages,Dinner,8.5,96.2,26.0,1.6,4.6,524,563,344,5.57
Grains,Snack,34.6,93.3,34.7,2.6,18.5,931,991,118,7.34
Beverages,Breakfast,49.9,98.3,24.6,6.8,11.3,65,901,367,5.68
Snacks,Dinner,38.1,89.0,44.5,1.2,6.0,279,745,332,10.68
Dairy,Breakfast,49.7,25.6,27.0,9.8,10.1,108,842,460,7.58
Meat,Lunch,42.8,67.4,26.3,9.8,32.6,737,185,174,5.81
Meat,Dinner,4.8,39.2,2.9,6.8,16.8,109,431,138,0.55
Grains,Snack,35.4,55.9,11.8,6.1,23.6,136,242,461,2.66
Meat,Breakfast,25.7,68.1,47.6,3.3,49.6,865,314,482,9.51
Meat,Lunch,7.4,38.7,44.4,0.0,32.1,288,902,293,8.3
Snacks,Breakfast,2.4,41.8,8.6,7.3,29.1,173,232,420,1.48
Meat,Lunch,34.0,80.5,20.9,6.6,40.3,650,728,483,4.29
Meat,Lunch,3.4,81.7,23.7,9.5,15.8,823,156,594,4.27
Snacks,Lunch,33.0,51.3,26.6,1.1,40.5,564,486,307,5.83
Dairy,Dinner,21.3,88.6,42.6,1.4,42.4,971,481,499,8.07
Beverages,Dinner,1.1,22.3,10.4,9.2,12.3,999,847,486,1.93
Beverages,Dinner,26.2,17.1,46.9,9.5,8.9,601,273,241,12.88
Fruits,Lunch,43.2,48.2,5.8,6.5,42.1,796,999,317,1.34
Fruits,Dinner,44.9,48.3,7.5,3.8,35.0,994,905,89,1.75
Snacks,Breakfast,2.6,61.0,5.0,0.8,39.3,603,301,355,0.84
Meat,Dinner,9.5,84.7,4.6,2.2,18.8,254,479,488,0.86
Vegetables,Breakfast,31.1,16.0,26.2,5.4,38.9,642,195,175,6.77
Meat,Breakfast,31.7,15.3,23.5,3.5,17.1,850,414,313,6.38
Beverages,Dinner,32.0,76.0,23.2,0.5,8.0,780,814,554,5.39
Vegetables,Lunch,23.5,15.9,8.6,7.6,40.9,558,704,567,2.13
Dairy,Dinner,34.6,23.3,46.2,3.1,24.6,690,946,322,11.78
Meat,Snack,20.8,79.5,23.5,0.6,29.8,164,527,174,4.59
Meat,Dinner,7.6,34.7,47.5,2.9,25.7,675,322,225,9.15
Fruits,Lunch,45.5,33.7,40.3,3.0,27.7,94,822,323,10.09
Dairy,Lunch,9.5,90.5,25.0,6.4,33.8,515,553,119,4.42
Dairy,Dinner,48.1,47.5,3.9,7.6,48.5,762,689,457,0.91
Grains,Dinner,28.0,41.2,25.7,9.9,35.7,4,672,507,5.71
Beverages,Snack,20.5,14.5,45.6,3.4,42.5,995,147,161,11.21
Meat,Snack,37.8,40.3,44.4,7.5,25.1,622,286,267,10.58
Meat,Breakfast,7.9,41.4,27.4,0.1,41.6,345,849,319,5.05
Grains,Breakfast,36.4,47.0,48.9,9.0,32.7,554,521,408,11.15
Meat,Lunch,49.5,13.7,6.6,9.1,39.4,722,140,103,1.83
Snacks,Breakfast,43.5,23.7,34.7,2.8,6.2,81,472,278,10.07
Snacks,Lunch,19.9,80.1,47.5,3.1,49.6,284,831,280,8.96
Beverages,Breakfast,19.8,27.4,34.2,5.5,31.9,157,528,564,7.7
Fruits,Dinner,15.4,44.4,11.0,5.5,13.9,998,246,167,2.36
Dairy,Breakfast,46.4,72.5,6.3,1.3,10.5,824,198,271,1.51
Vegetables,Breakfast,43.6,80.2,19.4,8.2,38.1,431,158,199,4.15
Fruits,Lunch,25.9,91.0,17.9,1.0,0.2,104,969,98,5.0
Beverages,Breakfast,16.1,98.5,30.5,2.8,27.4,116,790,412,5.68
Meat,Lunch,32.3,81.8,12.9,8.7,39.5,536,686,67,2.62
Beverages,Breakfast,20.8,95.3,6.9,9.4,25.9,397,765,361,1.33
Beverages,Snack,5.6,98.7,45.2,6.6,17.6,447,676,489,8.14
Grains,Snack,32.5,28.2,13.2,7.2,25.7,393,175,469,3.24
Vegetables,Breakfast,15.9,85.3,28.8,0.3,15.2,622,884,219,5.7
Snacks,Dinner,43.6,74.5,39.2,8.7,15.7,451,230,218,8.98
Fruits,Lunch,27.2,85.5,37.0,6.0,46.7,892,666,343,7.24
Fruits,Snack,10.3,21.7,36.8,1.1,43.2,452,821,277,7.62
Vegetables,Breakfast,19.8,69.6,34.5,9.3,48.1,415,728,322,6.63
Fruits,Snack,27.4,7.0,14.4,1.9,8.8,731,202,187,4.35
Grains,Snack,34.4,73.2,32.5,6.3,41.0,688,355,458,6.77
Meat,Lunch,12.2,40.2,46.4,3.0,12.3,777,383,356,9.89
Dairy,Breakfast,49.1,66.9,44.9,6.5,44.4,497,925,542,10.02
Meat,Breakfast,44.5,49.6,7.2,6.3,29.6,431,671,546,1.69
Grains,Breakfast,9.5,70.0,3.7,3.3,25.4,938,235,78,0.68
Snacks,Dinner,11.2,60.8,20.7,7.9,39.8,15,410,198,3.81
Dairy,Breakfast,28.9,50.8,8.5,4.5,8.6,586,751,95,2.04
Meat,Snack,4.6,76.9,44.9,4.1,15.2,468,215,347,8.22
Meat,Snack,17.5,71.6,48.2,1.3,24.4,58,538,199,9.45
Meat,Dinner,44.1,88.4,31.4,3.2,18.4,338,910,414,6.94
Dairy,Breakfast,11.6,14.8,49.0,2.1,48.5,464,244,99,10.92
Grains,Snack,10.7,91.7,46.5,5.9,16.3,706,833,586,8.79
Fruits,Dinner,33.9,72.2,38.2,4.7,30.2,522,160,282,8.09
Fruits,Breakfast,44.0,95.0,37.7,4.8,47.3,741,955,264,7.79
Dairy,Lunch,1.2,32.7,36.5,7.5,8.9,615,138,202,6.98
Fruits,Breakfast,25.0,44.8,38.0,3.8,18.1,429,945,473,8.54
Snacks,Breakfast,14.1,93.3,48.7,2.4,41.0,154,875,113,8.78
Dairy,Breakfast,47.0,51.1,16.0,7.8,49.5,719,988,162,3.69
Fruits,Snack,4.5,37.3,30.4,7.8,6.2,262,785,516,6.4
Dairy,Lunch,39.9,91.3,1.9,6.0,42.4,258,396,442,0.39
Dairy,Lunch,20.9,10.2,42.6,8.6,4.6,326,684,115,12.77
Dairy,Breakfast,46.8,46.5,17.3,5.0,25.3,817,781,194,4.17
Grains,Lunch,6.7,55.4,44.1,2.9,41.9,763,900,552,7.79
Snacks,Lunch,31.5,10.0,30.0,5.4,20.9,890,990,262,8.41
Dairy,Snack,19.7,31.5,11.5,6.6,38.9,988,785,435,2.51
Fruits,Dinner,15.2,91.9,21.2,7.5,44.7,906,873,145,3.84
Fruits,Breakfast,21.9,42.1,24.4,2.9,8.9,999,867,540,5.77
Snacks,Breakfast,33.7,73.7,49.2,2.9,41.2,872,876,565,10.21
Dairy,Dinner,23.8,52.1,6.7,5.1,0.5,183,593,403,1.93
Grains,Dinner,43.4,58.0,43.0,7.9,21.9,394,449,479,9.98
Grains,Lunch,2.9,85.8,48.7,0.4,34.4,249,457,282,8.16
Beverages,Breakfast,27.5,73.5,29.5,1.8,47.6,222,563,134,5.9
Meat,Breakfast,44.6,44.3,32.7,8.3,14.8,734,742,150,8.16
Snacks,Breakfast,30.9,59.8,12.4,1.9,32.0,918,659,107,2.65
Dairy,Lunch,7.4,61.7,5.2,9.1,17.2,217,818,206,0.98
Grains,Snack,25.2,84.4,38.5,4.4,6.7,18,988,433,8.74
Snacks,Lunch,39.0,58.8,46.5,6.7,18.1,464,474,77,10.73
Vegetables,Dinner,18.6,70.4,18.9,6.1,37.6,4,472,67,3.64
Dairy,Snack,37.7,34.4,31.2,4.9,48.3,7,896,393,7.39
Dairy,Snack,40.3,40.3,21.5,7.4,15.6,657,264,493,5.34
Dairy,Dinner,27.2,25.9,43.9,1.2,36.1,442,502,397,10.43
Beverages,Lunch,11.7,37.1,1.2,8.4,31.5,613,156,284,0.24
Snacks,Snack,3.3,23.7,33.7,5.2,27.9,493,837,81,6.16
Snacks,Snack,8.4,64.6,42.2,7.2,35.2,324,768,593,7.57
Fruits,Breakfast,15.5,5.5,18.1,1.4,7.3,514,953,244,5.36
Grains,Snack,5.8,74.1,45.4,3.8,45.6,805,940,392,7.75
Meat,Breakfast,12.9,57.5,36.2,2.3,22.5,900,129,301,7.07
Grains,Dinner,36.0,70.6,23.9,0.9,48.1,339,868,147,5.01
Meat,Breakfast,13.5,7.5,37.4,1.1,42.1,753,338,429,9.45
Snacks,Snack,17.6,65.6,8.0,6.8,42.3,573,902,290,1.54
Beverages,Breakfast,14.4,77.4,44.9,3.4,40.2,989,311,154,8.28
Vegetables,Lunch,6.3,73.2,11.8,9.8,18.5,368,677,125,2.16
Snacks,Breakfast,17.9,80.3,31.0,7.6,22.9,85,717,245,6.04
Dairy,Breakfast,32.2,56.8,34.1,10.0,19.8,868,646,244,7.63
Fruits,Snack,16.4,22.8,17.1,0.1,29.6,217,195,354,3.86
Snacks,Snack,31.3,53.1,7.6,3.0,14.7,359,138,442,1.75
Vegetables,Snack,41.3,57.1,33.4,3.7,25.3,628,361,504,7.64
Snacks,Lunch,38.0,92.5,40.1,7.3,7.8,850,396,384,9.32
Beverages,Snack,49.0,61.2,14.9,6.8,25.8,911,886,267,3.46
Beverages,Dinner,15.5,32.5,8.2,1.8,23.2,283,539,176,1.76
Grains,Lunch,47.9,82.6,1.0,2.4,46.5,125,899,137,0.21
Grains,Lunch,10.9,90.0,8.3,8.1,19.9,687,105,209,1.54
Snacks,Lunch,16.6,72.2,23.9,4.1,25.7,973,717,226,4.64
Meat,Breakfast,40.0,63.6,24.8,1.0,10.5,885,185,446,5.94
Meat,Breakfast,44.6,67.6,42.0,7.3,19.8,195,335,263,9.63
Dairy,Breakfast,37.5,12.8,37.4,0.4,42.0,862,366,340,10.11
Beverages,Snack,37.4,66.3,20.2,5.4,43.4,88,355,600,4.32
Grains,Breakfast,13.8,79.9,9.5,4.4,32.9,272,284,593,1.76
Grains,Snack,25.6,43.3,33.5,3.4,33.6,292,482,288,7.3
Beverages,Dinner,8.4,27.8,11.7,7.1,42.5,209,151,169,2.27
Grains,Snack,28.9,58.6,28.6,3.1,25.4,279,231,455,6.16
Fruits,Snack,47.1,93.1,36.8,0.4,44.8,566,997,227,7.73
Snacks,Dinner,29.9,71.0,2.3,8.4,32.3,90,618,108,0.48
Snacks,Lunch,40.4,31.9,20.4,6.0,27.5,421,400,439,5.06
Grains,Dinner,26.3,27.4,45.0,6.4,24.0,707,213,119,10.77
Snacks,Snack,2.3,24.4,44.5,0.8,23.9,967,587,304,8.0
Fruits,Lunch,3.0,53.4,17.7,1.7,16.7,655,966,186,3.2
Fruits,Snack,32.1,31.8,36.9,9.3,18.9,348,501,518,9.04
Snacks,Dinner,37.0,7.8,40.0,2.7,3.5,732,130,347,13.2
Grains,Breakfast,40.3,65.3,7.1,9.1,22.1,145,745,342,1.6
Vegetables,Dinner,24.0,64.2,10.9,8.6,47.1,317,798,456,2.18
Grains,Breakfast,45.0,50.0,11.7,0.1,31.8,113,292,167,2.74
Dairy,Breakfast,22.7,67.6,46.4,0.3,45.9,426,746,409,9.15
Meat,Lunch,5.6,84.7,29.0,4.1,12.9,624,772,75,5.43
Grains,Dinner,8.0,84.5,33.3,0.4,33.0,121,694,108,5.86
Vegetables,Lunch,41.3,40.1,45.4,8.3,2.0,992,376,363,13.47
Dairy,Breakfast,22.1,47.3,3.7,5.5,24.2,88,460,163,0.79
Snacks,Breakfast,37.7,85.9,14.5,0.7,29.4,14,548,414,3.04
Meat,Lunch,5.2,66.3,32.9,5.1,6.1,520,794,478,6.77
Vegetables,Snack,43.7,32.6,21.2,4.2,37.5,5,869,237,5.23
Grains,Snack,29.3,93.4,22.9,7.3,41.8,651,870,367,4.49
Beverages,Dinner,44.7,76.8,39.9,5.5,19.4,114,534,495,8.99
Beverages,Breakfast,40.8,72.1,31.5,4.7,20.7,117,608,205,7.03
Snacks,Breakfast,28.6,49.6,7.2,4.9,7.6,939,412,580,1.76
Snacks,Lunch,28.1,18.9,2.3,2.8,12.5,347,473,448,0.61
Grains,Dinner,15.2,34.3,46.2,4.1,6.1,203,386,411,11.1
Dairy,Dinner,30.0,97.7,31.8,9.4,40.9,200,449,484,6.23
Dairy,Dinner,9.4,21.3,46.4,6.3,6.1,769,294,128,11.11
Dairy,Breakfast,23.4,48.2,30.6,2.3,11.1,266,256,154,7.02
Snacks,Breakfast,49.2,44.4,31.9,2.4,49.4,478,373,139,7.57
Vegetables,Breakfast,23.8,86.4,41.1,4.6,34.5,323,472,269,8.0
Fruits,Dinner,25.8,59.0,1.8,7.2,41.2,906,518,86,0.37
Snacks,Snack,46.0,6.3,8.0,8.9,21.2,721,234,338,2.39
Snacks,Dinner,28.8,51.7,19.9,6.7,29.5,258,794,253,4.33
Grains,Breakfast,4.1,47.7,12.1,4.2,6.0,529,661,266,2.51
Grains,Dinner,26.1,7.6,35.0,6.3,36.9,530,605,126,9.62
Snacks,Breakfast,37.7,8.6,1.7,8.3,46.7,197,513,266,0.47
Dairy,Breakfast,16.6,77.9,3.7,5.1,23.1,517,831,115,0.72
Snacks,Breakfast,25.0,88.3,11.6,4.6,6.1,716,777,195,2.64
Snacks,Snack,13.0,61.4,5.5,0.5,21.1,925,988,419,1.07
Meat,Dinner,48.3,79.0,29.5,0.7,33.8,466,521,364,6.47
Vegetables,Dinner,43.8,10.7,37.3,2.3,32.1,246,357,407,10.51
Grains,Breakfast,28.4,80.4,6.1,3.0,16.2,758,540,573,1.3
Beverages,Lunch,32.1,78.8,1.1,3.2,47.2,92,740,320,0.22
Dairy,Breakfast,1.5,45.8,48.8,0.0,28.3,417,200,434,8.28
Grains,Dinner,32.3,86.3,37.3,4.6,14.8,107,945,463,8.05
Fruits,Dinner,1.1,73.2,2.0,8.8,17.6,850,388,398,0.35
Grains,Breakfast,29.6,56.4,41.2,7.5,21.6,300,711,204,9.06
Dairy,Breakfast,24.3,5.6,23.4,0.3,11.4,677,822,64,6.98
Fruits,Breakfast,9.7,41.8,39.4,0.6,29.5,268,269,505,7.57
Grains,Dinner,16.6,47.7,17.2,9.4,23.7,101,315,350,3.54
Fruits,Lunch,14.8,86.8,2.3,6.8,6.7,743,190,176,0.49
Beverages,Breakfast,4.1,62.0,17.4,9.0,18.0,766,289,541,3.15
Beverages,Breakfast,6.7,43.2,6.5,0.3,39.4,94,791,373,1.18
Meat,Lunch,20.2,75.5,19.2,2.8,29.2,275,569,242,3.76
Vegetables,Snack,23.3,11.7,1.2,2.0,31.6,249,550,164,0.31
Beverages,Lunch,38.1,93.5,29.0,9.3,17.0,286,507,137,6.26
Beverages,Snack,11.0,8.4,15.8,5.4,42.0,10,503,389,3.82
Vegetables,Lunch,43.8,69.7,25.6,8.3,30.0,288,708,556,5.67
Dairy,Breakfast,34.5,75.8,35.6,8.5,3.1,333,320,314,9.19
Vegetables,Snack,33.2,7.1,37.5,1.3,31.2,830,613,264,10.66
Grains,Breakfast,10.5,12.1,40.4,2.9,28.1,358,995,138,9.37
Beverages,Breakfast,34.4,85.4,33.7,8.3,36.5,899,297,164,6.9
Beverages,Breakfast,28.3,22.4,31.7,3.5,2.6,84,793,404,9.44
Snacks,Snack,39.5,27.8,9.4,4.9,5.5,249,160,427,2.67
Meat,Dinner,28.5,71.6,47.4,2.4,39.7,628,381,335,9.64
Dairy,Dinner,3.4,59.3,40.0,3.6,49.1,25,553,515,6.69
Vegetables,Snack,25.0,25.0,31.0,8.8,17.6,326,211,95,7.62
Fruits,Lunch,11.2,11.2,41.9,7.5,3.8,437,599,242,11.67
Meat,Breakfast,15.3,37.8,20.1,4.5,11.9,434,658,198,4.46
Fruits,Lunch,42.3,5.9,16.9,4.7,35.0,295,351,464,4.93
Snacks,Snack,49.1,24.2,8.5,1.6,37.4,920,772,371,2.22
Fruits,Dinner,38.4,20.9,2.9,3.6,7.2,513,219,283,0.83
Meat,Snack,42.8,46.7,16.5,5.1,39.1,212,841,99,3.83
Beverages,Snack,18.7,45.1,34.0,2.3,14.8,677,733,365,7.43
Snacks,Snack,42.3,21.3,16.9,0.4,28.0,848,988,345,4.45
Grains,Dinner,11.2,41.3,14.3,3.2,31.2,596,909,99,2.79
Snacks,Breakfast,44.6,92.8,27.2,4.1,41.1,631,376,544,5.69
Fruits,Breakfast,47.2,34.7,30.0,0.8,9.8,205,455,419,8.08
Beverages,Dinner,23.4,91.6,14.7,1.9,15.2,806,561,419,3.01
Meat,Lunch,2.9,47.5,34.8,0.8,32.7,44,208,128,5.98
Meat,Breakfast,14.3,58.8,30.8,6.4,5.4,916,887,460,6.99
Dairy,Dinner,36.8,55.2,13.3,0.5,19.4,233,540,268,3.06
Grains,Snack,44.4,36.4,45.1,9.8,17.8,373,649,80,11.43
Vegetables,Breakfast,30.0,12.8,36.6,8.1,19.5,111,480,597,10.0
Grains,Snack,37.5,67.5,38.1,8.0,47.2,175,595,379,8.1
Meat,Lunch,30.6,18.0,9.2,3.4,13.8,703,199,387,2.48
Meat,Lunch,44.9,22.5,30.5,8.5,49.8,683,802,516,7.86
Fruits,Lunch,31.3,21.8,43.3,1.9,4.7,970,170,448,12.48
Beverages,Breakfast,39.8,77.4,12.8,9.3,46.0,225,129,250,2.69
Meat,Breakfast,15.7,64.3,17.5,6.9,41.9,337,882,497,3.32
Vegetables,Breakfast,7.9,36.2,38.5,6.9,32.8,460,775,209,7.3
Beverages,Breakfast,9.8,49.2,6.8,3.5,18.8,617,998,173,1.33
Beverages,Snack,32.3,21.3,34.7,3.1,9.9,369,468,572,9.45
Dairy,Breakfast,9.8,70.9,41.0,6.1,39.3,341,344,137,7.35
Snacks,Dinner,28.6,49.7,43.5,2.4,2.7,649,573,146,11.7
Dairy,Lunch,13.7,22.6,8.2,2.9,22.9,377,388,240,1.83
Grains,Breakfast,9.4,46.3,21.6,0.3,27.7,378,762,92,4.11
Vegetables,Dinner,9.0,98.8,36.0,2.3,37.3,701,631,525,6.27
Beverages,Breakfast,48.0,38.9,24.1,7.9,1.2,149,469,345,7.53
Fruits,Snack,2.8,27.8,25.8,9.7,3.2,911,787,472,5.79
Beverages,Dinner,42.8,17.8,28.6,1.7,8.8,384,765,130,8.31
Dairy,Lunch,45.8,36.5,14.1,8.0,10.1,944,418,188,3.74
Grains,Dinner,2.0,63.1,35.1,4.3,4.1,826,479,223,7.35
Beverages,Lunch,25.6,84.5,33.2,4.5,32.7,215,415,539,6.57
Grains,Lunch,31.3,85.8,38.3,9.1,5.0,433,785,350,9.18
Fruits,Breakfast,33.9,57.0,37.2,0.8,28.8,759,309,365,8.19
Fruits,Breakfast,39.8,87.8,12.2,1.4,34.4,905,844,380,2.55
Vegetables,Dinner,33.6,91.0,7.0,7.6,30.7,219,472,508,1.43
Snacks,Lunch,42.8,55.5,21.4,8.4,30.6,160,991,306,4.89
Vegetables,Dinner,4.7,30.0,1.3,9.0,5.6,732,876,514,0.28
Dairy,Dinner,3.9,62.1,6.5,9.6,23.6,624,622,293,1.15
Fruits,Snack,38.8,26.1,16.4,9.6,18.6,936,555,533,4.26
Vegetables,Dinner,32.9,72.8,16.1,2.8,30.0,655,388,299,3.39
Fruits,Dinner,38.3,53.3,35.4,3.0,15.6,102,521,510,8.37
Meat,Lunch,33.5,72.4,43.4,9.6,13.6,958,981,71,9.72
Snacks,Dinner,32.1,94.6,8.4,7.3,23.2,184,520,412,1.73
Beverages,Lunch,38.4,90.4,17.6,8.4,31.7,124,741,147,3.66
Dairy,Snack,33.5,83.8,18.4,4.5,18.6,651,209,173,3.93
Vegetables,Dinner,9.8,93.1,38.1,9.0,33.4,108,728,256,6.75
Meat,Breakfast,21.3,95.0,9.3,0.1,21.9,514,137,314,1.82
Fruits,Breakfast,18.5,96.5,35.6,5.0,27.3,490,220,289,6.74
Meat,Breakfast,46.9,13.9,38.0,8.2,9.8,745,213,558,11.31
Meat,Lunch,48.9,96.2,6.4,4.5,41.3,581,602,229,1.35
Dairy,Dinner,17.6,42.3,46.4,8.5,27.3,282,817,313,9.69
Beverages,Lunch,22.3,18.5,42.0,6.2,45.8,216,618,479,10.07
Vegetables,Lunch,13.1,31.1,23.3,4.6,4.4,70,877,464,5.75
Beverages,Snack,43.0,36.9,29.5,3.2,4.0,279,166,431,8.42
Snacks,Dinner,46.7,30.7,25.7,4.2,29.9,831,259,407,6.52
Snacks,Snack,6.4,81.9,28.9,9.3,17.1,747,138,483,5.3
Dairy,Snack,28.9,53.8,44.6,9.2,47.7,811,190,191,9.42
Grains,Snack,26.8,28.1,5.5,0.3,26.2,87,473,468,1.31
Snacks,Dinner,46.9,29.6,30.2,3.5,3.7,428,773,73,9.01
Dairy,Dinner,7.0,97.6,36.1,2.1,36.2,551,764,277,6.21
Grains,Lunch,1.9,20.0,16.7,8.8,47.2,175,553,388,2.87
Beverages,Lunch,27.0,30.7,11.8,4.6,11.1,328,583,151,2.95
Meat,Breakfast,46.1,28.7,4.4,8.2,42.8,759,658,558,1.11
Snacks,Snack,13.4,18.9,47.3,4.6,2.3,797,839,489,13.19
Grains,Snack,14.9,81.4,5.1,5.6,26.4,628,361,153,0.96
Fruits,Dinner,31.3,50.9,29.6,5.0,35.9,415,897,341,6.47
Beverages,Breakfast,25.7,34.5,41.7,5.7,0.5,75,292,154,12.67
Meat,Dinner,17.0,59.4,39.6,4.8,43.6,65,335,419,7.65
Grains,Snack,5.3,57.3,42.7,0.4,44.1,85,612,216,7.37
Meat,Lunch,36.5,70.1,28.6,5.5,30.0,27,751,539,6.15
Meat,Lunch,14.9,66.5,32.4,9.6,1.2,964,351,422,8.35
Meat,Lunch,1.6,26.4,32.3,6.1,34.4,618,411,169,5.52
Meat,Snack,14.2,54.2,38.1,5.9,2.3,913,130,208,9.49
Meat,Breakfast,37.3,85.0,31.4,9.3,36.0,880,241,510,6.52
Grains,Dinner,26.7,76.3,27.0,2.6,40.9,837,164,255,5.38
Grains,Snack,34.1,97.2,18.5,9.5,31.9,40,991,456,3.74
Meat,Dinner,20.0,91.7,40.1,0.1,6.9,121,361,470,8.77
Dairy,Lunch,36.7,91.1,21.5,4.3,41.8,195,154,473,4.37
Vegetables,Dinner,43.6,75.2,45.0,6.4,11.1,154,228,524,10.6
Snacks,Snack,4.8,14.1,31.0,4.3,49.8,322,326,442,6.05
Meat,Lunch,33.6,18.6,45.3,0.8,16.2,573,167,370,12.15
Snacks,Lunch,11.8,87.5,21.0,4.1,27.1,926,674,185,3.85
Vegetables,Lunch,13.4,66.2,14.6,8.8,16.2,901,965,495,2.9
Beverages,Snack,33.7,59.7,31.9,4.9,13.9,37,114,416,7.34
Dairy,Dinner,7.8,32.7,32.7,0.4,28.2,159,867,522,6.32
Meat,Dinner,43.4,23.8,22.2,6.3,0.3,765,228,318,7.54
Grains,Breakfast,19.8,13.0,38.3,2.9,41.2,298,722,253,9.52
Vegetables,Dinner,13.8,60.7,40.7,4.2,4.1,300,929,145,9.46
Vegetables,Breakfast,30.1,17.0,27.5,1.6,23.8,844,735,389,7.18
Meat,Snack,29.9,76.6,20.0,7.5,5.1,624,713,571,4.82
Vegetables,Dinner,32.6,18.1,11.3,0.4,1.7,489,490,412,3.61
Snacks,Snack,17.0,20.2,20.1,6.2,6.0,275,531,178,5.27
Meat,Dinner,6.3,19.8,30.2,5.8,3.2,195,334,275,7.42
Fruits,Lunch,10.2,23.2,48.8,5.4,7.0,643,751,420,11.52
Meat,Dinner,37.6,94.8,7.6,3.5,44.5,148,995,165,1.54
Meat,Lunch,40.9,88.8,15.1,3.2,22.5,212,942,235,3.25
Grains,Lunch,41.7,23.2,24.9,7.7,37.9,741,148,409,6.39
Beverages,Breakfast,21.5,20.3,6.8,1.4,21.6,232,681,246,1.66
Beverages,Snack,39.6,63.4,26.1,7.3,30.0,576,225,467,5.78
Vegetables,Breakfast,33.3,52.4,26.1,7.8,6.6,850,270,300,6.54
Beverages,Dinner,21.3,94.1,18.5,3.2,6.4,103,703,565,4.09
Grains,Dinner,35.3,92.3,29.5,5.3,28.0,302,813,404,6.09
Dairy,Lunch,49.5,68.6,1.5,0.4,27.0,338,729,431,0.34
Vegetables,Breakfast,15.4,56.8,16.1,1.8,33.3,21,643,320,3.13
Fruits,Dinner,15.7,5.3,23.8,7.4,14.4,11,272,70,6.73
Vegetables,Lunch,20.6,64.4,8.0,9.3,22.5,729,709,51,1.63
Beverages,Dinner,15.9,55.4,46.3,1.4,10.6,981,322,404,9.96
Snacks,Dinner,1.4,95.3,34.6,9.1,19.6,761,253,251,5.97
Vegetables,Lunch,35.8,62.2,40.3,8.8,47.0,77,730,110,8.62
Vegetables,Dinner,19.6,30.6,47.1,7.1,13.0,286,564,519,11.08
Snacks,Dinner,36.0,46.6,47.3,1.1,39.3,55,736,327,10.68
Fruits,Lunch,9.3,65.2,33.4,6.1,36.3,856,230,478,6.03
Beverages,Lunch,1.8,81.1,40.2,0.5,19.9,573,914,60,6.97
Vegetables,Dinner,21.7,72.6,4.4,8.3,12.0,898,267,256,0.94
Fruits,Dinner,3.3,58.7,38.3,8.0,28.3,477,491,282,6.62
Snacks,Snack,37.2,74.0,13.2,3.2,47.1,879,582,474,2.76
Grains,Breakfast,1.7,83.8,26.2,3.5,22.4,29,761,408,4.49
Fruits,Breakfast,37.6,60.0,16.1,8.9,40.1,980,170,409,3.51
Vegetables,Lunch,21.8,47.0,24.0,7.6,11.7,648,623,476,5.44
Grains,Snack,6.8,27.3,3.1,5.9,24.6,902,216,522,0.61
Beverages,Breakfast,23.3,29.5,16.8,9.1,18.9,927,590,442,3.96
Beverages,Dinner,7.1,8.3,9.4,9.8,36.0,35,354,164,2.14
Vegetables,Dinner,33.9,28.3,17.6,7.9,22.1,124,166,220,4.38
Dairy,Lunch,32.9,22.1,33.6,9.2,18.4,641,929,489,8.72
Dairy,Dinner,14.0,14.9,14.5,7.3,47.7,583,230,316,3.33
Grains,Breakfast,48.8,74.2,24.0,8.8,9.9,289,754,367,5.82
Snacks,Snack,19.3,79.7,29.3,2.0,49.3,667,788,317,5.51
Fruits,Snack,13.2,75.7,41.0,8.3,4.7,389,556,281,9.17
Vegetables,Lunch,20.1,12.4,15.4,7.0,7.0,337,813,289,4.34
Dairy,Dinner,2.6,42.5,9.3,9.6,26.5,866,581,232,1.62
Dairy,Snack,46.9,6.7,5.6,4.3,38.8,153,141,101,1.63
Fruits,Dinner,24.3,94.1,7.0,0.7,48.0,263,289,430,1.33
Snacks,Breakfast,42.6,13.8,24.5,7.6,45.6,122,298,367,6.64
Fruits,Breakfast,46.4,28.9,41.8,5.5,18.0,345,478,331,10.99
Meat,Breakfast,6.3,77.0,17.4,5.8,36.8,86,456,103,3.01
Beverages,Breakfast,17.1,31.9,41.2,9.8,14.6,462,653,535,9.34
Fruits,Lunch,15.0,24.0,14.6,5.0,25.5,652,220,308,3.25
Vegetables,Lunch,41.2,33.5,29.0,5.8,35.8,293,747,483,7.07
Snacks,Lunch,43.8,48.0,13.7,7.3,45.7,10,753,354,3.16
Vegetables,Breakfast,20.9,77.0,47.4,0.2,15.6,945,416,311,9.76
Fruits,Snack,22.7,5.7,2.5,8.9,10.2,718,460,425,0.75
Snacks,Lunch,2.7,78.3,12.2,7.7,15.8,892,277,52,2.18
Beverages,Lunch,26.0,17.8,17.1,2.2,39.0,616,151,171,4.25
Fruits,Dinner,21.0,47.2,35.1,9.8,29.9,460,763,332,7.37
Grains,Lunch,2.6,88.5,4.9,8.4,9.3,425,836,232,0.93
Grains,Snack,30.9,13.5,29.9,3.2,6.0,75,570,251,8.9
Vegetables,Lunch,15.2,58.8,21.4,2.1,36.2,23,865,325,4.12
Dairy,Lunch,29.2,32.6,14.7,5.4,36.4,679,198,465,3.41
Snacks,Snack,20.6,35.9,34.1,9.6,50.0,634,999,159,7.26
Fruits,Dinner,14.0,68.0,25.0,1.3,10.1,439,195,364,5.21
Vegetables,Snack,46.4,17.9,24.1,1.9,22.9,263,997,270,6.62
Vegetables,Breakfast,17.0,65.1,22.4,4.2,14.8,184,369,395,4.61
Grains,Dinner,2.3,5.8,4.0,6.2,28.2,339,877,542,0.81
Vegetables,Dinner,48.0,68.7,11.2,9.2,44.0,278,108,266,2.48
Grains,Breakfast,45.4,64.7,47.9,2.9,14.7,963,373,174,11.34
Grains,Snack,40.0,52.2,43.3,0.7,9.4,848,727,373,10.79
Fruits,Breakfast,11.5,21.0,4.9,5.2,28.2,869,974,149,1.06
Vegetables,Lunch,16.5,74.1,14.6,3.0,18.1,181,237,343,2.9
Meat,Dinner,45.2,15.4,18.2,3.5,21.4,536,514,539,5.08
Snacks,Dinner,41.3,33.2,23.1,7.1,20.9,643,293,179,5.81
Meat,Dinner,40.3,94.3,29.4,3.0,44.4,21,241,315,6.02
Grains,Dinner,19.5,97.2,12.7,2.8,38.5,71,944,277,2.37
Vegetables,Snack,39.7,41.3,25.8,6.7,39.4,662,816,492,6.03
Grains,Snack,47.0,56.8,45.2,8.8,4.4,641,163,554,12.22
Dairy,Snack,3.5,45.9,8.1,4.6,29.1,125,948,160,1.42
Vegetables,Lunch,30.1,68.7,6.6,1.2,20.4,313,707,91,1.42
Fruits,Dinner,9.2,17.1,15.5,9.6,15.4,509,478,340,3.49
Meat,Dinner,7.0,99.8,47.2,3.2,48.9,947,577,174,7.98
Snacks,Lunch,36.4,86.5,15.4,9.6,1.6,114,395,554,4.16
Fruits,Snack,32.8,15.3,12.5,6.7,19.3,543,887,379,3.38
Fruits,Lunch,17.9,93.4,38.3,0.8,19.0,410,919,516,7.46
Meat,Lunch,1.8,94.2,5.3,3.9,46.1,185,595,532,0.86
Grains,Lunch,21.5,85.7,8.5,1.0,35.1,609,414,458,1.63
Vegetables,Dinner,28.6,65.3,16.1,1.8,20.5,849,926,418,3.46
Vegetables,Breakfast,15.6,14.8,14.4,8.6,28.4,68,412,73,3.45
Beverages,Dinner,40.4,54.2,1.9,9.1,15.7,35,170,382,0.45
Dairy,Lunch,49.6,5.7,16.9,6.8,30.7,903,525,272,5.01
Meat,Breakfast,35.6,25.8,39.8,8.6,0.7,85,248,549,12.87
Vegetables,Dinner,16.4,85.8,32.3,6.3,47.5,636,935,467,5.92
Vegetables,Breakfast,32.7,29.2,45.8,8.9,27.5,793,166,536,11.15
Fruits,Dinner,40.7,49.0,17.4,0.3,34.0,103,759,365,4.0
Dairy,Breakfast,18.9,59.3,28.4,5.6,3.9,473,941,145,6.87
Vegetables,Dinner,38.0,32.6,50.0,4.4,10.0,188,626,230,13.15
Fruits,Lunch,46.9,18.3,10.6,5.3,10.5,220,474,569,3.06
Vegetables,Snack,40.7,50.9,48.4,4.3,15.7,238,586,499,11.62
Vegetables,Breakfast,47.5,67.4,44.5,4.3,15.4,252,248,130,10.5
Grains,Breakfast,20.9,21.7,8.0,2.2,48.8,802,648,552,1.85
Beverages,Breakfast,22.3,46.9,49.0,6.1,12.5,950,294,71,11.08
Meat,Breakfast,42.7,14.6,24.9,6.0,14.5,144,391,470,7.11
Snacks,Snack,49.8,50.2,33.4,5.2,11.8,484,469,443,8.47
Snacks,Snack,14.3,91.8,22.2,6.3,29.5,787,555,477,4.1
Grains,Snack,48.8,17.2,17.9,0.6,20.1,941,597,292,5.0
Fruits,Dinner,45.2,90.9,33.3,5.4,11.5,972,328,85,7.65
Beverages,Snack,41.7,33.0,45.1,7.9,26.8,278,223,487,11.2
Grains,Breakfast,13.8,23.8,9.0,1.7,40.1,341,621,549,1.93
Dairy,Breakfast,38.6,95.9,42.1,3.6,45.6,239,275,177,8.53
Meat,Dinner,48.6,89.1,1.9,5.1,5.6,859,128,281,0.47
Snacks,Snack,31.2,66.0,6.5,8.2,24.6,647,195,373,1.39
Grains,Snack,11.6,41.9,9.8,1.6,47.7,822,407,526,1.88
Dairy,Snack,38.5,36.6,44.5,5.1,3.9,862,143,487,12.55
Meat,Dinner,34.7,27.4,13.6,3.1,19.1,122,773,369,3.44
Fruits,Breakfast,11.0,51.7,28.3,8.8,11.0,86,483,272,5.86
Meat,Lunch,13.5,86.6,48.4,1.5,41.8,189,776,593,8.75
Beverages,Dinner,18.0,9.3,42.5,5.8,4.5,548,732,582,12.67
Meat,Dinner,42.4,66.0,35.6,4.1,26.8,756,577,277,7.97
Fruits,Snack,26.7,63.8,2.3,7.6,15.6,824,753,475,0.5
Fruits,Breakfast,7.7,20.5,25.7,1.2,20.6,199,567,155,5.37
Snacks,Lunch,48.5,84.7,25.2,4.6,41.7,206,461,555,5.42
Fruits,Lunch,6.0,21.1,18.5,7.1,21.1,221,440,73,3.72
Snacks,Lunch,42.9,13.9,30.0,9.7,20.2,894,146,78,8.44
Meat,Snack,3.8,27.3,35.9,2.2,41.9,181,712,263,6.41
Grains,Dinner,22.8,18.3,47.6,8.8,12.5,283,934,594,12.37
Vegetables,Dinner,24.6,10.8,1.6,9.5,37.9,971,906,571,0.42
Vegetables,Dinner,39.6,38.5,22.1,6.9,29.9,837,513,487,5.29
Fruits,Dinner,31.2,30.6,34.2,1.4,45.9,482,857,234,8.01
Grains,Snack,5.3,62.9,7.3,1.1,20.3,778,523,297,1.32
Snacks,Lunch,27.5,6.0,21.1,0.1,41.2,144,680,243,5.92
Dairy,Lunch,41.5,23.4,29.9,1.0,10.4,421,665,457,8.28
Snacks,Lunch,8.2,93.4,4.5,9.3,9.6,302,400,393,0.88
Dairy,Breakfast,37.8,71.7,43.2,6.6,39.3,257,678,553,9.18
Beverages,Breakfast,26.1,42.5,33.5,4.8,28.4,214,477,139,7.41
Snacks,Lunch,22.2,99.2,37.9,6.4,24.2,63,917,329,7.37
Fruits,Breakfast,25.8,88.4,4.4,5.9,26.7,630,820,405,0.88
Vegetables,Lunch,9.9,88.9,48.8,0.2,9.4,629,379,577,9.74
Snacks,Dinner,29.2,19.4,37.1,9.1,32.2,875,128,449,9.34
Fruits,Dinner,43.5,57.5,19.5,9.7,32.2,500,220,411,4.43
Meat,Lunch,14.1,41.7,5.5,5.8,13.0,275,644,526,1.18
Dairy,Dinner,27.2,20.5,42.8,3.5,8.8,938,138,261,11.56
Grains,Breakfast,38.0,26.2,23.0,2.0,16.7,266,727,343,5.99
Grains,Breakfast,37.9,73.6,36.6,2.7,45.6,193,440,87,7.7
Meat,Lunch,20.0,7.1,33.9,2.3,5.6,300,989,139,10.3
Beverages,Dinner,1.4,32.7,32.3,2.2,8.2,191,815,371,6.26
Dairy,Snack,35.2,97.6,29.1,5.6,39.6,518,292,346,5.84
Dairy,Breakfast,35.3,22.8,42.5,7.1,48.9,942,861,375,10.58
Vegetables,Breakfast,22.2,99.5,24.7,7.7,2.4,166,343,557,6.04
Beverages,Lunch,9.4,44.6,25.5,4.1,2.0,374,358,444,6.3
Vegetables,Breakfast,24.9,76.9,34.2,4.4,18.8,299,620,110,7.09
Beverages,Dinner,42.9,22.5,9.6,9.6,5.0,296,627,180,2.85
Fruits,Lunch,44.0,92.2,44.4,3.7,37.1,95,893,568,9.32
Beverages,Breakfast,15.5,47.8,9.6,4.1,19.4,325,372,163,1.98
Beverages,Snack,27.4,34.9,48.8,9.0,32.0,182,959,141,11.15
Grains,Dinner,35.5,22.3,25.4,6.7,8.0,725,835,267,7.09
Meat,Snack,4.3,15.4,26.5,8.6,34.3,234,547,193,5.14
Snacks,Lunch,19.2,17.9,31.4,8.0,38.7,773,314,333,7.44
Meat,Breakfast,38.7,30.9,24.8,3.4,24.5,777,342,353,6.18
Dairy,Breakfast,37.8,68.8,21.7,2.9,22.0,608,176,76,4.8
Meat,Lunch,25.6,36.7,45.1,2.1,22.2,110,672,115,10.33
Fruits,Snack,19.2,50.6,16.6,0.3,7.4,454,123,574,3.83
Vegetables,Breakfast,12.9,6.1,15.4,1.8,48.6,452,925,363,3.94
Dairy,Snack,28.9,99.7,9.9,8.3,6.3,658,828,556,2.25
Meat,Snack,41.4,76.3,15.3,5.7,32.6,341,901,453,3.3
Dairy,Lunch,47.7,35.7,22.9,7.8,38.1,493,673,195,5.64
Beverages,Breakfast,28.6,15.9,36.9,0.1,4.6,972,308,519,10.94
Snacks,Lunch,36.0,56.0,14.4,7.8,46.4,862,457,559,3.14
Snacks,Breakfast,3.7,93.8,42.4,0.5,19.1,889,213,168,7.48
Meat,Lunch,44.3,13.7,43.1,9.9,27.1,778,305,320,11.99
Meat,Dinner,38.4,96.0,17.6,9.3,33.6,168,328,391,3.62
Snacks,Dinner,33.8,10.6,5.3,8.4,0.2,754,942,296,1.9
Vegetables,Lunch,2.2,76.2,10.3,6.2,5.8,413,215,127,2.06
Grains,Dinner,5.6,19.2,1.8,2.4,35.3,184,854,270,0.35
Snacks,Breakfast,16.9,38.1,10.2,2.2,34.4,839,419,144,2.12
Snacks,Lunch,28.6,55.5,37.8,0.5,30.5,139,820,551,8.11
Grains,Dinner,9.0,64.3,49.7,3.1,18.9,137,662,142,9.4
Beverages,Dinner,12.6,50.2,5.5,7.1,11.4,331,231,115,1.16
Fruits,Breakfast,49.5,29.3,14.0,9.3,20.3,507,293,458,3.68
Beverages,Dinner,16.2,86.2,18.5,7.7,32.8,275,670,151,3.45
Grains,Breakfast,16.6,82.4,22.4,4.9,42.7,634,132,449,4.15
Grains,Breakfast,36.1,43.1,16.7,5.9,42.1,665,433,546,3.81
Snacks,Lunch,18.5,16.0,28.8,1.2,41.7,500,357,318,6.88
Meat,Snack,26.2,7.4,11.8,3.4,42.1,478,408,324,3.24
Dairy,Snack,48.3,70.6,26.4,9.3,27.4,694,452,125,5.96
Fruits,Snack,24.4,95.0,25.7,2.1,0.7,544,702,96,6.89
Vegetables,Breakfast,39.8,22.5,38.1,7.3,41.2,420,656,171,9.72
Dairy,Lunch,13.4,6.1,4.0,6.5,47.0,681,289,267,1.03
Beverages,Dinner,27.1,21.9,37.9,0.6,23.5,2,955,512,9.43
Vegetables,Dinner,31.8,72.2,41.5,9.6,22.8,58,538,271,8.86
Grains,Dinner,2.8,39.5,48.8,6.8,8.9,389,429,449,9.55
Beverages,Breakfast,48.6,99.2,45.4,4.3,34.1,749,232,498,9.61
Beverages,Dinner,37.0,69.4,11.5,1.0,37.2,426,991,188,2.46
Meat,Dinner,48.4,29.3,15.8,8.1,18.8,720,971,268,4.16
Fruits,Lunch,1.5,7.3,32.6,1.9,25.8,892,126,516,6.17
Fruits,Snack,12.1,50.6,35.8,3.8,4.5,61,463,117,8.27
Vegetables,Dinner,17.4,57.6,10.9,5.4,29.6,948,223,175,2.17
Dairy,Snack,25.0,40.5,20.1,0.3,18.2,837,702,315,4.58
Grains,Snack,44.9,58.9,21.2,7.4,8.6,407,815,436,5.32
Snacks,Snack,25.5,77.6,43.1,4.7,1.6,180,954,84,11.31
Vegetables,Dinner,37.0,56.6,14.5,5.1,36.3,649,349,221,3.2
Beverages,Snack,7.6,79.6,7.1,1.4,8.5,458,714,417,1.42
Vegetables,Lunch,37.3,7.1,18.6,6.9,10.2,194,386,82,5.69
Dairy,Dinner,27.3,91.7,18.0,9.6,20.0,714,710,388,3.67
Dairy,Dinner,48.1,83.4,41.1,4.4,22.2,317,919,383,9.16
Vegetables,Dinner,25.9,23.4,19.7,8.3,45.5,941,304,138,4.67
Dairy,Lunch,22.7,59.8,3.8,7.1,23.1,480,378,234,0.79
Beverages,Snack,33.9,13.0,28.9,6.5,28.2,878,791,199,7.84
Meat,Lunch,4.8,45.8,23.9,9.0,29.8,210,264,283,4.26
Grains,Snack,12.6,77.4,43.1,1.7,47.1,445,774,394,7.77
Meat,Breakfast,43.5,81.7,12.0,8.6,2.7,140,930,438,3.2
Grains,Lunch,35.1,89.6,31.7,7.5,5.9,741,714,511,7.54
Vegetables,Snack,10.5,65.7,13.9,6.7,13.5,973,562,64,2.74
Fruits,Breakfast,2.2,30.5,36.3,4.4,27.0,475,882,329,6.37
Meat,Snack,22.1,91.8,17.7,0.1,35.8,765,134,160,3.38
Snacks,Snack,29.2,90.4,19.5,4.1,39.8,255,201,281,3.85
Dairy,Breakfast,12.7,7.8,35.7,3.5,4.6,526,593,499,10.38
Snacks,Breakfast,29.9,34.1,12.0,6.9,41.7,942,490,264,2.76
Vegetables,Dinner,48.4,51.4,10.6,3.7,12.4,785,451,439,2.66
Grains,Breakfast,48.9,65.5,23.1,4.6,20.0,67,977,334,5.4
Dairy,Lunch,41.6,44.4,32.4,6.8,42.2,994,102,531,7.53
Beverages,Breakfast,33.3,49.9,13.6,0.8,11.7,362,166,502,3.25
Fruits,Breakfast,11.6,61.0,36.3,3.0,37.7,23,887,354,6.73
Beverages,Snack,1.4,12.0,49.9,5.4,18.9,206,625,98,9.26
Vegetables,Lunch,25.0,8.7,37.6,9.3,48.4,71,571,433,10.06
Snacks,Lunch,38.7,29.5,40.1,2.5,31.9,996,847,469,9.92
Fruits,Breakfast,11.8,64.2,20.3,5.6,45.1,777,434,492,3.71
Fruits,Breakfast,19.8,70.3,29.9,3.1,34.3,135,626,355,5.84
Vegetables,Dinner,31.4,65.9,10.7,6.8,16.0,35,482,525,2.37
Vegetables,Dinner,46.1,98.2,23.2,9.6,48.1,642,757,378,4.8
Dairy,Breakfast,26.6,49.9,21.7,7.5,20.2,905,781,437,4.8
Beverages,Snack,45.3,85.3,11.5,8.2,33.0,518,396,380,2.47
Vegetables,Lunch,23.6,80.4,23.0,5.8,25.3,395,613,573,4.6
Fruits,Breakfast,1.7,59.1,23.0,7.4,36.2,219,390,113,3.82
Vegetables,Lunch,46.4,50.7,36.4,5.1,43.9,392,104,379,8.41
Vegetables,Snack,4.6,22.9,45.5,1.9,5.4,543,151,160,10.11
Grains,Lunch,40.1,79.1,9.9,2.6,7.0,719,955,559,2.39
Vegetables,Breakfast,21.0,45.8,12.8,9.5,22.3,338,981,87,2.75
Snacks,Dinner,17.2,10.5,32.4,8.8,19.4,918,977,79,8.44
Beverages,Snack,31.7,41.4,1.2,7.2,17.2,506,691,540,0.28
Snacks,Dinner,42.8,76.5,10.1,1.4,46.4,496,953,117,2.15
Grains,Snack,4.1,54.8,21.9,3.8,41.9,867,801,199,3.74
Snacks,Dinner,22.2,19.1,8.4,7.9,9.5,57,694,286,2.21
Beverages,Lunch,28.7,78.7,3.8,9.0,17.4,863,715,56,0.81
Meat,Snack,20.7,70.3,44.9,3.3,28.1,623,443,397,8.93
Grains,Breakfast,42.2,56.8,16.4,8.2,16.8,753,342,443,3.87
Grains,Breakfast,25.0,79.4,2.8,6.2,34.8,736,824,568,0.55
Fruits,Breakfast,8.1,38.9,6.2,4.7,48.6,468,746,553,1.14
Snacks,Dinner,32.2,64.6,34.9,1.3,10.9,677,182,51,8.06
Vegetables,Snack,43.6,58.8,8.5,1.3,10.6,292,234,157,2.09
Dairy,Breakfast,2.7,32.8,12.2,7.9,47.3,547,202,162,2.08
Fruits,Lunch,48.7,77.0,1.2,7.7,44.3,379,501,334,0.26
Vegetables,Lunch,3.1,97.4,26.5,1.3,27.6,509,708,258,4.5
Grains,Lunch,4.7,12.9,21.5,5.4,42.2,264,603,274,4.27
Meat,Breakfast,22.8,95.3,39.2,4.7,45.4,937,388,160,7.39
Snacks,Dinner,39.8,56.0,46.1,4.1,19.3,597,525,450,10.71
Fruits,Snack,8.7,90.1,4.1,3.5,41.6,804,679,494,0.71
Beverages,Snack,27.5,19.5,30.9,8.5,8.7,716,301,517,8.42
Fruits,Breakfast,3.0,98.1,38.8,5.4,26.8,397,778,559,6.6
Grains,Dinner,36.4,68.5,27.1,4.7,6.4,488,316,448,6.65
Fruits,Dinner,47.1,84.2,34.3,6.1,10.1,511,317,157,8.11
Dairy,Breakfast,6.2,6.3,4.5,5.8,16.3,139,595,142,1.09
Grains,Lunch,44.1,13.4,2.3,3.4,27.6,88,520,591,0.64
Beverages,Dinner,15.7,27.2,18.5,7.0,42.6,814,175,120,3.96
Dairy,Dinner,8.8,56.0,46.2,6.0,28.0,27,888,322,8.56
Vegetables,Breakfast,5.2,54.5,1.7,5.0,45.1,123,708,567,0.29
Grains,Snack,21.4,63.4,25.1,5.4,29.2,430,117,414,5.07
Beverages,Lunch,4.3,19.1,9.2,7.2,37.9,170,135,249,1.73
Dairy,Lunch,46.5,99.2,1.9,7.4,17.1,315,775,325,0.42
Dairy,Snack,2.6,86.0,49.7,5.9,6.8,798,607,111,9.78
Fruits,Breakfast,16.5,85.6,22.8,6.6,45.3,399,947,132,4.19
Vegetables,Lunch,45.9,14.4,15.4,4.2,0.9,217,997,339,5.34
Vegetables,Dinner,11.5,60.3,21.2,6.6,32.7,398,763,194,3.96
Vegetables,Lunch,33.3,73.6,39.6,5.0,11.4,496,402,287,8.98
Grains,Dinner,37.1,45.4,3.9,8.2,43.1,750,489,203,0.89
Beverages,Lunch,2.4,19.3,9.5,4.2,9.8,516,673,415,1.9
Meat,Dinner,43.5,16.7,18.2,3.1,1.6,508,337,295,6.05
Snacks,Dinner,16.0,89.4,8.2,9.5,27.8,421,409,572,1.54
Grains,Snack,31.4,39.7,25.3,5.3,31.5,871,887,517,5.79
Beverages,Lunch,28.1,42.7,31.9,7.3,9.8,657,756,590,7.74
Snacks,Dinner,36.2,8.6,6.8,3.7,9.3,297,899,197,2.06
Vegetables,Dinner,3.8,46.2,45.5,9.5,41.3,910,970,249,7.82
Vegetables,Dinner,5.8,21.8,42.6,7.3,12.3,517,943,520,8.92
Meat,Dinner,24.7,56.8,25.0,7.8,18.9,953,896,285,5.4
Beverages,Breakfast,26.6,64.3,1.3,2.5,14.6,983,638,298,0.28
Dairy,Breakfast,18.4,16.5,1.4,8.6,31.6,342,993,297,0.34
Vegetables,Lunch,1.5,85.4,21.8,3.5,5.3,361,540,599,4.38
Grains,Dinner,18.4,13.8,42.5,0.6,19.4,18,612,532,10.78
Meat,Lunch,39.9,43.1,22.1,4.1,47.3,557,409,419,5.1
Vegetables,Snack,30.4,36.9,42.0,3.1,18.6,193,922,168,9.99
Meat,Lunch,13.4,92.6,26.5,8.1,41.3,523,433,294,4.76
Vegetables,Dinner,4.8,87.0,38.6,7.7,2.1,375,549,136,8.81
Vegetables,Lunch,4.6,12.4,49.5,4.9,27.6,236,801,487,10.08
Fruits,Dinner,19.0,73.4,24.0,3.3,21.9,804,370,532,4.78
Meat,Snack,19.7,34.6,24.8,8.5,29.8,699,683,275,5.4
Grains,Lunch,12.2,28.1,48.9,8.8,28.8,845,148,274,10.23
Fruits,Lunch,20.8,7.1,41.1,8.3,32.2,386,125,139,11.15
Meat,Lunch,43.3,82.1,15.7,4.7,47.4,752,817,239,3.31
Snacks,Lunch,44.0,45.1,22.4,4.8,12.5,413,384,404,5.64
Beverages,Lunch,23.1,54.4,30.1,5.0,38.1,237,643,244,6.19
Grains,Dinner,1.8,22.7,36.2,8.7,14.0,892,549,214,6.77
Meat,Dinner,29.1,38.4,23.5,6.6,39.9,265,847,177,5.28
Beverages,Snack,1.2,83.7,2.2,5.4,32.4,468,879,550,0.36
Vegetables,Lunch,7.8,92.6,6.7,2.9,2.3,408,765,94,1.54
Beverages,Snack,15.1,75.8,37.4,2.8,5.6,365,890,468,8.3
Vegetables,Snack,9.3,94.2,19.2,5.9,17.3,793,914,103,3.57
Beverages,Snack,21.4,35.8,43.2,4.6,9.6,205,287,336,10.34
Fruits,Lunch,14.4,43.4,46.4,4.2,28.4,239,832,80,9.36
Vegetables,Lunch,13.8,54.4,32.0,10.0,16.8,91,891,266,6.49
Vegetables,Breakfast,38.1,92.0,31.9,9.6,8.6,276,853,82,7.35
Vegetables,Snack,20.5,28.5,6.7,5.0,43.0,273,960,335,1.49
Meat,Dinner,3.0,18.5,12.9,8.3,42.4,553,328,426,2.33
Fruits,Breakfast,24.5,15.6,1.9,8.0,9.3,431,575,365,0.52
Vegetables,Snack,36.3,59.7,47.0,6.8,6.8,24,856,96,11.68
Beverages,Dinner,36.5,41.7,6.9,4.0,37.0,37,123,260,1.59
Snacks,Breakfast,45.7,89.7,6.4,4.0,44.5,990,875,314,1.35
Grains,Lunch,39.4,97.7,40.1,1.1,45.4,714,110,145,8.13
Grains,Breakfast,32.3,10.3,17.8,5.9,21.1,386,439,165,4.99
Vegetables,Lunch,15.5,69.5,32.1,1.4,49.7,614,945,303,5.98
Snacks,Lunch,37.1,61.3,23.3,1.0,3.3,868,268,245,6.2
Fruits,Lunch,16.3,17.3,45.3,4.0,43.4,756,181,539,10.46
Dairy,Dinner,33.4,23.4,44.5,7.5,2.6,544,974,335,13.46
Vegetables,Lunch,48.4,41.1,6.2,6.1,35.8,703,797,528,1.5
Beverages,Breakfast,34.1,21.7,45.8,8.1,18.6,958,415,408,11.96
Beverages,Breakfast,30.1,69.9,41.7,2.6,5.4,154,960,545,10.12
Snacks,Breakfast,29.0,88.1,41.6,8.6,17.5,134,727,135,8.7
Dairy,Dinner,16.6,79.1,6.4,1.0,15.0,842,204,540,1.28
Dairy,Breakfast,47.7,41.2,46.3,2.3,43.3,510,862,288,11.11
Grains,Dinner,5.4,48.5,46.8,5.5,13.6,542,370,570,8.97
Fruits,Lunch,4.1,55.2,32.9,5.2,7.5,813,837,399,6.59
Beverages,Dinner,30.8,92.6,18.0,5.7,5.1,582,578,371,4.26
Meat,Breakfast,31.1,61.4,39.1,4.1,32.0,851,291,511,8.34
Snacks,Dinner,28.9,89.7,8.3,3.5,27.4,217,719,512,1.67
Vegetables,Lunch,6.2,72.4,8.4,6.1,10.1,102,899,591,1.64
Meat,Snack,23.9,65.7,20.2,0.1,28.3,111,756,190,4.13
Meat,Lunch,43.8,21.7,30.1,8.1,19.2,12,264,532,8.11
Dairy,Breakfast,45.8,50.4,14.3,0.8,33.9,987,880,596,3.34
Fruits,Dinner,14.0,98.9,21.6,0.8,36.2,85,775,119,3.9
Grains,Lunch,13.8,33.9,42.1,5.7,29.5,711,862,120,8.71
Beverages,Lunch,25.5,30.5,14.7,4.8,7.7,863,865,185,3.77
Snacks,Snack,18.2,92.8,48.0,3.2,46.8,611,149,534,8.83
Snacks,Lunch,35.3,51.9,48.3,7.4,35.1,661,119,499,10.75
Snacks,Breakfast,25.4,48.6,22.4,0.2,46.3,999,501,189,4.72
Dairy,Dinner,1.6,24.3,11.7,3.8,27.2,588,280,323,2.04
Meat,Dinner,24.6,16.1,21.0,0.6,29.1,208,983,99,5.32
Fruits,Lunch,18.7,58.1,15.0,4.5,8.1,843,470,191,3.36
Vegetables,Snack,29.4,31.1,26.3,7.8,30.2,187,517,262,6.2
Meat,Snack,44.2,6.6,37.4,2.1,23.4,827,940,74,11.06
Grains,Dinner,23.6,11.3,22.4,9.2,28.5,630,382,565,5.9
Grains,Snack,15.7,95.7,11.9,5.9,47.1,251,827,185,2.15
Beverages,Snack,48.5,28.3,14.7,6.2,45.3,807,837,570,3.73
Snacks,Breakfast,8.2,27.1,49.0,0.3,19.3,436,718,395,10.02
Dairy,Breakfast,2.6,49.5,24.5,9.8,26.1,817,377,58,4.25
Grains,Breakfast,4.4,70.9,5.0,2.5,43.0,820,747,98,0.85
Meat,Lunch,41.4,88.0,25.0,8.2,43.5,401,206,52,5.2
Snacks,Snack,17.8,88.9,14.7,1.4,27.6,713,421,70,2.79
Dairy,Snack,3.4,70.0,25.8,9.6,29.9,776,152,118,4.42
Dairy,Snack,18.1,38.6,23.1,3.8,10.8,300,637,484,5.28
Fruits,Dinner,45.4,41.9,19.2,9.6,40.7,177,860,86,4.57
Snacks,Lunch,46.7,65.9,31.0,9.2,30.7,928,620,346,7.0
Snacks,Snack,42.9,37.9,13.4,8.5,49.2,542,746,215,3.19
Dairy,Snack,38.7,31.8,4.0,2.8,41.1,552,982,240,0.97
Fruits,Breakfast,8.8,6.7,37.8,6.1,9.2,50,960,558,10.02
Dairy,Lunch,11.6,82.1,15.8,1.1,28.1,222,981,380,2.9
Fruits,Breakfast,18.5,57.6,28.6,2.5,25.3,545,717,58,5.79
Snacks,Dinner,30.3,40.6,32.2,7.3,44.3,745,803,355,7.19
Vegetables,Snack,1.5,24.7,31.3,8.9,3.6,213,538,287,6.77
Grains,Dinner,31.3,35.5,47.6,9.9,48.0,303,296,75,10.89
Meat,Snack,11.5,13.7,42.7,1.6,8.8,510,195,433,10.76
Fruits,Breakfast,35.3,41.6,9.6,7.8,45.4,799,632,173,2.19
Beverages,Snack,3.0,17.4,43.7,1.6,26.0,109,850,247,8.18
Vegetables,Lunch,7.6,14.2,11.6,8.4,10.0,977,841,94,2.71
Fruits,Breakfast,30.7,22.5,46.2,3.8,39.0,18,873,246,11.38
Grains,Dinner,36.5,46.2,49.3,8.1,7.1,632,855,233,12.66
Snacks,Dinner,42.3,57.7,47.1,2.1,25.5,518,997,365,10.8
Vegetables,Dinner,29.8,13.3,4.9,3.4,26.0,821,961,425,1.31
Dairy,Dinner,34.7,93.5,24.9,5.6,41.6,200,226,525,5.01
Fruits,Snack,26.4,72.5,39.2,9.4,40.2,418,783,160,7.87
Vegetables,Breakfast,37.7,21.8,36.3,9.2,11.2,698,516,123,9.96
Fruits,Lunch,30.4,70.7,21.4,3.0,4.2,583,820,169,5.33
Beverages,Dinner,2.8,91.1,5.4,3.5,45.3,364,618,223,0.89
Meat,Snack,43.1,8.2,2.1,5.5,6.1,702,815,57,0.67
Fruits,Dinner,24.6,9.0,11.1,4.9,32.1,162,356,203,3.0
Grains,Lunch,30.5,7.2,7.1,9.9,30.2,384,754,386,2.01
Beverages,Snack,34.2,90.7,39.9,7.1,14.8,930,911,71,8.62
Meat,Breakfast,17.5,45.2,28.0,7.5,4.2,501,676,116,6.88
Snacks,Snack,32.0,78.4,6.6,6.9,37.1,429,713,543,1.35
Grains,Breakfast,47.7,40.4,20.0,0.5,0.6,889,644,216,6.39
Beverages,Lunch,13.6,50.7,26.1,3.8,31.6,253,328,265,5.09
Fruits,Lunch,18.3,99.1,47.2,5.4,48.9,441,766,542,8.61
Vegetables,Dinner,4.0,57.6,4.9,3.4,33.5,738,846,348,0.85
Dairy,Dinner,18.4,82.5,4.0,1.1,43.5,80,678,219,0.75
Grains,Snack,17.6,42.6,26.1,7.8,40.0,92,560,165,5.33
Vegetables,Lunch,49.8,23.9,21.8,0.5,11.4,802,683,320,6.11
Vegetables,Breakfast,15.3,58.0,7.8,2.0,17.4,72,282,259,1.59
Meat,Dinner,20.5,32.9,39.5,7.4,32.8,923,463,495,8.68
Fruits,Lunch,16.6,94.6,47.4,0.4,40.4,151,664,472,8.68
Snacks,Snack,43.0,77.4,45.4,8.1,36.1,868,479,488,9.77
Fruits,Snack,47.8,93.1,33.1,4.7,2.1,400,603,99,8.97
Beverages,Breakfast,27.1,22.0,6.1,4.6,30.0,636,796,404,1.5
Fruits,Dinner,17.3,43.8,17.5,3.0,17.3,772,448,306,3.75
Snacks,Dinner,43.6,49.0,24.8,2.1,11.2,855,608,403,6.22
Snacks,Lunch,25.8,59.3,38.4,8.6,32.3,947,566,129,8.0
Vegetables,Lunch,17.0,80.1,21.3,8.7,3.7,106,399,547,4.97
Fruits,Breakfast,1.4,82.3,33.5,5.7,6.1,125,521,319,6.62
Snacks,Lunch,19.1,44.1,18.4,5.9,23.1,961,360,582,3.91
Fruits,Breakfast,10.6,44.7,18.2,5.7,32.6,330,843,386,3.49
Dairy,Snack,23.0,73.6,28.9,9.2,8.9,569,400,516,6.4
Fruits,Dinner,4.8,21.4,3.6,2.2,38.9,922,157,415,0.68
Fruits,Snack,17.8,17.8,47.1,7.9,35.9,424,836,446,11.08
Fruits,Dinner,14.2,21.1,3.1,0.3,2.9,720,395,531,0.84
Meat,Breakfast,10.4,25.2,16.3,1.6,36.9,773,401,148,3.33
Vegetables,Lunch,20.6,84.2,9.2,3.4,4.0,25,129,328,2.16
Snacks,Lunch,7.9,15.1,11.9,5.7,22.8,377,104,392,2.59
Grains,Breakfast,23.7,10.2,14.0,8.0,24.9,687,139,504,3.76
Meat,Breakfast,36.4,64.5,7.0,0.9,48.6,134,729,531,1.49
Snacks,Breakfast,40.8,80.6,39.4,0.9,40.3,641,918,570,8.31
Dairy,Breakfast,41.8,95.7,7.2,0.9,19.9,525,359,410,1.55
Meat,Dinner,42.4,96.9,17.7,3.4,19.0,821,418,217,3.83
Grains,Lunch,7.7,69.5,40.5,0.1,12.5,351,352,183,7.83
Dairy,Breakfast,38.8,31.0,15.7,7.7,49.8,331,902,523,3.79
Dairy,Dinner,38.5,98.5,20.8,3.1,44.3,831,777,551,4.2
Dairy,Lunch,36.9,81.4,32.3,3.1,48.0,233,864,116,6.65
Fruits,Dinner,17.7,38.5,22.5,2.7,19.6,290,831,429,4.88
Snacks,Breakfast,4.2,84.4,31.9,4.1,31.2,288,952,362,5.45
Dairy,Breakfast,42.3,91.8,26.0,7.0,7.8,501,415,500,6.14
Vegetables,Snack,5.3,80.8,29.7,3.1,32.9,899,296,68,5.12
Grains,Lunch,17.8,74.6,16.2,5.0,38.6,798,623,130,3.08
Dairy,Snack,5.4,78.9,6.5,7.5,1.9,886,523,254,1.51
Snacks,Snack,31.0,26.3,17.7,5.9,43.9,164,540,115,4.25
Grains,Breakfast,2.2,85.6,44.0,6.1,37.6,742,584,556,7.28
Fruits,Dinner,44.1,56.5,5.9,2.1,48.6,429,547,225,1.32
Snacks,Snack,4.9,43.1,23.2,8.5,14.8,494,293,511,4.41
Dairy,Snack,48.6,72.9,5.3,5.4,49.7,315,164,400,1.16
Snacks,Lunch,44.7,54.3,4.2,5.1,38.4,418,155,470,0.96
Meat,Lunch,16.5,65.4,5.5,7.7,5.2,219,938,503,1.26
Beverages,Lunch,36.5,96.9,40.3,9.4,27.3,581,402,515,8.31
Fruits,Breakfast,27.1,64.6,41.6,6.6,8.3,518,287,372,9.63
Snacks,Snack,49.7,25.3,26.1,9.5,44.0,59,733,423,6.74
Beverages,Breakfast,38.0,75.0,32.6,1.8,18.1,829,221,573,7.23
Snacks,Snack,41.3,60.3,9.0,4.2,21.7,988,546,599,2.06
Dairy,Snack,29.9,48.2,18.2,6.5,18.9,61,661,377,4.14
Grains,Lunch,42.8,34.4,5.0,4.2,22.3,189,527,545,1.25
Grains,Lunch,28.2,31.8,38.5,3.9,19.2,732,253,217,9.24
Grains,Snack,35.0,31.5,13.2,8.9,28.0,404,810,492,3.21
Beverages,Breakfast,14.1,7.8,8.0,7.2,36.8,754,526,500,2.03
Meat,Dinner,7.5,99.6,14.0,1.5,12.3,667,325,111,2.65
Grains,Breakfast,38.7,59.8,43.2,4.8,22.5,973,930,468,9.79
Dairy,Dinner,8.7,12.7,15.7,2.9,35.8,831,373,599,3.46
Beverages,Dinner,41.2,38.8,23.0,6.4,1.5,784,931,381,6.97
Dairy,Snack,11.3,83.5,41.8,6.7,29.7,909,679,131,7.61
Meat,Snack,6.9,46.1,27.3,7.1,8.0,632,955,283,5.67
Beverages,Breakfast,36.5,47.6,44.6,2.5,36.4,381,236,94,10.1
Snacks,Dinner,6.7,28.7,11.1,3.0,39.8,922,980,220,2.1
Meat,Dinner,19.0,40.7,31.9,7.8,33.9,529,397,383,6.69
Fruits,Dinner,37.2,86.9,40.1,4.8,13.3,718,270,573,8.9
Dairy,Dinner,24.9,73.3,39.1,2.9,13.5,603,896,520,8.39
Meat,Snack,4.1,20.3,9.6,6.7,38.2,760,412,419,1.78
Meat,Breakfast,34.9,70.1,17.4,9.6,42.6,654,468,458,3.65
Fruits,Snack,48.9,62.7,19.9,7.0,20.4,792,918,54,4.67
Vegetables,Dinner,32.0,27.3,11.5,3.4,2.8,277,405,125,3.38
Grains,Breakfast,32.9,30.8,37.5,4.3,9.0,248,254,488,9.82
Dairy,Breakfast,35.0,94.9,22.8,5.2,49.8,125,851,433,4.54
Meat,Lunch,29.5,32.1,11.3,3.7,13.4,37,214,250,2.8
Vegetables,Snack,36.8,42.3,20.5,9.2,7.6,349,110,346,5.3
Snacks,Dinner,49.0,96.4,29.7,3.0,16.1,326,233,183,6.65
Dairy,Breakfast,41.3,58.2,23.9,9.3,10.4,717,967,182,5.83
Grains,Lunch,26.1,47.5,22.6,6.5,10.5,749,899,106,5.31
Grains,Dinner,16.9,34.2,47.9,5.1,22.2,752,644,350,10.4
Vegetables,Breakfast,7.9,67.1,24.2,0.8,34.2,961,401,547,4.32
Beverages,Snack,17.1,73.2,42.7,1.2,30.6,289,872,413,8.2
Dairy,Dinner,30.9,24.5,15.2,6.5,15.7,231,737,62,3.9
Meat,Dinner,39.4,23.0,42.3,7.7,16.1,510,789,424,11.29
Beverages,Breakfast,13.0,39.8,44.1,4.1,45.0,312,504,134,8.65
Grains,Breakfast,4.9,95.7,21.4,6.2,42.3,372,869,257,3.59
Snacks,Lunch,23.2,51.8,32.8,0.0,30.2,462,547,114,6.89
Vegetables,Breakfast,36.3,53.1,32.8,6.9,3.3,671,739,173,8.87
Snacks,Dinner,6.4,26.4,42.0,7.0,45.9,452,835,478,7.91
Vegetables,Lunch,14.3,95.3,35.9,9.3,41.5,743,474,371,6.47
Beverages,Dinner,44.6,96.7,32.5,0.5,9.1,603,853,282,7.56
Beverages,Dinner,21.8,57.8,15.9,5.1,0.5,959,697,193,4.48
Snacks,Breakfast,26.9,30.3,48.4,4.7,3.7,600,578,129,13.4
Beverages,Breakfast,23.8,32.7,39.9,8.2,15.2,186,193,98,9.45
Dairy,Dinner,11.7,69.9,11.1,9.0,47.7,20,1000,554,2.01
Fruits,Snack,4.6,72.8,48.7,4.6,31.8,471,552,419,8.4
Fruits,Snack,37.0,74.7,34.7,1.4,19.7,305,619,200,7.62
Vegetables,Dinner,21.1,24.7,41.5,1.8,34.1,946,373,590,9.56
Meat,Breakfast,20.1,26.6,17.7,3.2,2.5,937,104,175,4.95
Snacks,Snack,49.4,16.7,34.6,1.2,29.4,928,859,188,9.51
Grains,Dinner,33.8,18.5,23.6,1.9,30.8,40,979,364,6.11
Beverages,Snack,22.7,88.9,45.8,4.6,4.3,262,911,586,10.72
Fruits,Lunch,31.7,5.1,18.1,8.1,14.3,600,684,374,5.46
Snacks,Breakfast,15.2,69.2,13.7,2.2,5.4,761,416,76,3.08
Beverages,Breakfast,20.0,18.7,14.6,9.8,22.4,396,951,240,3.56
Vegetables,Lunch,1.7,30.3,15.7,9.3,19.6,218,283,51,2.8
Fruits,Lunch,40.2,69.0,22.5,0.3,34.5,256,366,526,4.89
Vegetables,Breakfast,33.7,43.2,10.2,4.8,20.4,414,324,141,2.39
Meat,Lunch,46.7,74.4,35.9,3.7,11.9,621,262,248,8.51
Snacks,Dinner,20.1,90.2,36.1,2.5,20.4,405,876,421,7.1
Snacks,Breakfast,4.0,20.9,37.4,7.6,37.5,220,903,563,6.92
Fruits,Dinner,39.0,9.9,21.9,1.6,22.1,457,896,232,6.26
Fruits,Lunch,1.5,39.7,35.1,5.3,43.0,972,907,218,5.82
Grains,Snack,34.3,47.6,2.3,4.4,49.0,853,969,215,0.51
Meat,Breakfast,38.5,19.8,22.9,9.5,34.1,827,348,193,5.96
Vegetables,Lunch,31.8,23.7,11.1,8.4,16.8,988,339,596,2.86
Vegetables,Breakfast,23.5,66.4,25.7,6.4,38.6,399,646,188,5.15
Dairy,Breakfast,3.8,60.6,14.2,5.0,36.4,44,590,93,2.43
Snacks,Lunch,1.8,73.6,21.5,7.2,42.1,607,495,560,3.53
Vegetables,Lunch,16.5,31.1,30.0,10.0,25.3,547,598,75,6.52
Snacks,Lunch,49.9,23.2,30.7,4.6,0.7,626,664,544,10.4
Dairy,Snack,38.6,7.9,44.7,5.9,23.9,960,251,345,12.93
Beverages,Dinner,16.3,10.0,8.2,4.2,16.9,271,290,59,2.15
Meat,Dinner,23.5,79.3,26.7,3.5,24.8,131,939,572,5.36
Meat,Dinner,44.6,78.2,14.6,7.4,44.1,728,723,328,3.13
Meat,Breakfast,24.5,40.8,41.8,8.8,37.1,942,424,240,9.08
Fruits,Dinner,14.8,65.5,36.7,4.4,45.2,809,787,562,6.87
Vegetables,Dinner,1.1,90.7,14.7,4.8,27.2,9,964,431,2.46
Meat,Lunch,31.7,21.2,26.1,7.3,4.8,526,485,227,7.55
Vegetables,Dinner,39.3,23.1,14.9,7.4,38.4,192,301,346,3.79
Meat,Dinner,15.6,95.5,46.0,9.5,6.3,439,404,555,9.9
Snacks,Snack,12.8,33.7,7.6,4.5,5.3,480,626,285,1.82
Fruits,Lunch,31.3,31.0,40.3,2.7,41.1,93,624,529,9.47
Snacks,Dinner,31.6,33.0,20.8,5.6,47.2,159,598,226,4.82
Snacks,Snack,17.5,45.9,9.8,9.3,12.6,571,288,155,2.15
Snacks,Snack,40.1,34.9,10.2,4.0,6.0,465,646,65,2.8
Beverages,Breakfast,42.5,38.1,19.0,2.5,3.8,132,124,163,5.41
Beverages,Lunch,49.5,37.7,43.8,5.4,33.4,360,796,115,10.83
Vegetables,Breakfast,10.1,37.7,7.2,8.4,37.9,996,960,374,1.39
Vegetables,Snack,13.8,16.9,39.4,6.1,14.2,118,867,341,9.51
Grains,Breakfast,14.9,66.1,28.6,4.1,47.1,805,415,55,5.34
Meat,Lunch,43.7,88.7,49.4,2.8,30.2,943,891,203,10.54
Snacks,Breakfast,28.0,72.4,31.6,6.7,21.5,397,651,338,6.65
Vegetables,Breakfast,27.7,98.6,31.4,7.4,28.4,763,473,273,6.2
Beverages,Dinner,29.0,42.1,31.9,2.9,31.4,372,259,460,7.15
Grains,Breakfast,47.5,59.3,7.3,2.7,40.4,54,995,198,1.66
Dairy,Lunch,36.5,90.1,45.8,3.6,19.4,226,199,269,9.77
Beverages,Snack,40.1,16.5,8.1,3.2,36.8,730,191,368,2.16
Grains,Snack,37.2,23.9,5.4,9.3,11.9,9,694,444,1.45
Grains,Snack,31.1,37.7,7.5,6.3,2.7,800,380,130,2.11
Grains,Lunch,36.7,68.2,24.7,6.4,35.7,142,836,510,5.29
Vegetables,Dinner,46.3,29.9,38.6,3.0,39.5,901,376,143,9.7
Fruits,Snack,16.7,89.4,43.7,6.9,43.7,617,866,94,8.03
Grains,Snack,41.0,30.0,13.8,3.7,2.5,986,975,426,4.17
Fruits,Breakfast,31.9,36.5,1.4,2.8,15.0,961,898,310,0.34
Dairy,Breakfast,23.7,49.0,40.8,2.5,20.0,496,765,597,8.9
Vegetables,Lunch,36.6,98.3,1.2,8.8,21.0,326,529,187,0.25
Vegetables,Breakfast,23.7,23.5,29.2,7.6,24.3,339,757,51,7.03
Meat,Dinner,20.2,87.0,26.3,6.4,34.4,968,511,219,5.02
Grains,Dinner,6.6,90.2,41.9,4.6,8.5,433,557,209,8.26
Fruits,Lunch,49.3,50.6,47.5,4.4,29.9,935,836,256,11.29
Vegetables,Snack,10.1,18.1,2.9,1.5,37.2,243,231,554,0.62
Dairy,Lunch,19.8,32.2,40.9,0.2,37.6,495,389,471,8.91
Snacks,Dinner,18.4,87.9,31.5,3.2,20.1,739,305,458,6.16
Meat,Snack,14.2,56.6,42.5,5.7,36.0,793,620,57,8.15
Beverages,Dinner,3.4,72.6,30.0,9.5,21.8,581,228,365,5.26
Vegetables,Lunch,36.5,79.7,38.6,9.4,8.3,931,521,574,9.04
Fruits,Snack,4.6,81.6,9.6,3.6,33.3,44,589,342,1.64
Beverages,Snack,46.5,39.2,49.3,5.4,6.8,362,542,64,13.45
Grains,Snack,13.0,9.4,34.5,2.4,34.8,631,157,206,8.48
Fruits,Breakfast,6.8,73.2,44.7,6.3,2.9,140,189,430,10.1
Beverages,Lunch,41.7,76.6,21.5,8.2,36.4,737,452,189,4.61
Beverages,Dinner,22.5,33.8,15.6,0.4,24.9,56,588,197,3.52
Meat,Lunch,14.8,49.2,18.1,5.5,2.3,539,214,165,4.57
Meat,Breakfast,43.2,82.8,3.7,3.9,16.3,705,136,170,0.83
Fruits,Dinner,38.8,25.1,25.0,9.8,21.4,786,934,332,6.47
Meat,Lunch,7.1,39.0,15.0,3.7,21.7,791,725,369,2.87
Meat,Lunch,16.8,41.0,30.7,8.0,29.6,499,862,227,6.36
Dairy,Dinner,32.5,75.0,21.5,8.9,30.8,55,148,191,4.49
Fruits,Snack,46.5,16.7,45.9,8.4,24.2,361,707,591,12.66
Vegetables,Breakfast,2.3,92.2,4.0,2.6,34.6,448,418,367,0.66
Dairy,Dinner,6.7,13.5,5.2,3.5,15.1,827,354,448,1.16
Snacks,Breakfast,7.2,88.1,6.4,8.7,27.1,747,435,139,1.13
Meat,Dinner,23.7,16.8,8.2,1.4,30.6,675,192,354,2.05
Dairy,Snack,2.7,90.4,34.4,4.3,29.7,14,493,309,5.8
Snacks,Lunch,34.9,49.5,49.0,5.2,2.7,227,145,158,13.54
Snacks,Snack,31.2,63.0,48.1,1.9,39.9,813,216,532,10.12
Fruits,Lunch,8.3,68.6,26.1,3.7,41.4,869,894,52,4.61
Beverages,Lunch,44.1,93.5,11.5,6.9,11.4,491,467,430,2.62
Vegetables,Snack,49.2,42.6,35.1,5.3,17.6,965,819,334,8.83
Vegetables,Lunch,48.1,53.7,19.9,3.2,20.3,272,194,524,4.77
Meat,Dinner,47.9,70.6,12.7,5.8,26.1,357,196,263,2.87
Meat,Dinner,15.1,58.8,45.3,1.6,42.4,808,505,527,8.64
Meat,Lunch,48.2,90.7,8.6,2.6,20.4,137,881,469,1.9
Grains,Snack,42.6,70.6,12.6,4.9,7.0,470,449,211,3.12
Grains,Lunch,43.3,97.6,27.8,6.7,29.0,883,379,461,5.85
Vegetables,Snack,10.4,69.1,45.4,2.5,11.1,930,224,463,9.1
Beverages,Breakfast,38.8,8.6,32.9,4.7,33.8,196,457,150,9.32
Fruits,Breakfast,5.4,37.0,29.8,1.5,28.7,664,435,432,5.47
Fruits,Snack,20.2,34.6,15.5,7.2,23.1,612,300,589,3.44
Grains,Snack,37.4,90.9,12.6,9.3,14.2,109,140,366,2.76
Beverages,Snack,43.4,59.6,5.5,2.3,47.5,841,114,563,1.22
Dairy,Breakfast,5.4,42.7,37.1,7.1,25.7,705,478,438,6.78
Meat,Breakfast,22.3,85.9,33.5,4.6,31.8,357,580,560,6.51
Dairy,Snack,42.9,20.5,31.3,9.7,46.3,475,772,418,8.13
Fruits,Breakfast,29.5,90.3,26.1,7.8,18.9,175,560,295,5.42
Vegetables,Breakfast,24.1,7.4,10.9,9.4,35.0,399,984,286,2.98
Grains,Lunch,43.0,26.0,46.4,7.2,44.9,610,319,462,11.7
Beverages,Dinner,34.9,38.4,24.9,0.3,47.6,818,571,357,5.73
Vegetables,Lunch,23.0,67.8,9.3,4.8,35.8,26,634,83,1.86
Snacks,Lunch,18.4,43.7,38.6,4.4,16.6,16,200,103,8.37
Beverages,Lunch,31.0,83.9,42.9,1.1,43.5,95,931,598,8.6
Vegetables,Lunch,11.8,68.8,42.1,0.8,40.9,884,849,475,7.69
Snacks,Lunch,37.0,52.8,45.4,6.4,18.7,998,580,553,10.54
Beverages,Snack,37.7,28.8,4.8,7.8,15.7,866,179,578,1.24
Grains,Dinner,14.2,50.5,32.5,9.3,40.3,190,199,327,6.29
Fruits,Breakfast,35.3,24.7,46.1,6.6,42.5,561,973,501,11.4
Grains,Snack,15.4,68.1,17.6,5.9,36.7,892,466,198,3.33
Grains,Breakfast,19.4,24.9,35.7,4.0,5.5,252,189,399,9.35
Grains,Dinner,18.8,61.7,37.9,0.4,30.1,171,750,164,7.54
Grains,Lunch,46.1,19.6,23.5,8.1,10.6,589,988,202,6.71
Dairy,Lunch,10.3,69.7,27.6,2.4,35.4,582,768,399,5.01
Fruits,Breakfast,25.3,76.8,44.5,2.5,17.2,972,726,340,9.32
Snacks,Dinner,16.9,38.2,15.7,6.1,44.0,391,280,243,3.22
Fruits,Breakfast,22.5,33.0,27.9,6.1,33.7,424,783,463,6.21
Snacks,Dinner,2.7,23.2,23.8,1.8,6.3,879,248,255,4.98
Meat,Lunch,36.7,45.0,35.0,5.4,14.5,760,907,383,8.48
Dairy,Dinner,26.0,44.2,47.9,1.3,41.0,364,174,103,10.33
Fruits,Dinner,27.1,31.3,46.4,6.2,30.9,671,243,112,10.78
Grains,Dinner,4.9,62.6,10.8,3.2,6.2,963,894,430,2.22
Fruits,Dinner,9.4,38.9,49.8,9.4,5.8,605,497,245,11.2
Beverages,Lunch,37.9,44.1,4.4,8.0,22.5,104,537,363,1.04
Grains,Dinner,10.1,74.1,14.5,1.6,46.3,521,828,160,2.57
Meat,Breakfast,9.1,85.8,25.3,5.1,15.9,601,665,207,4.76
Vegetables,Snack,27.5,63.1,41.7,6.6,45.2,833,394,370,8.55
Vegetables,Dinner,26.8,6.9,45.1,8.5,2.6,598,595,205,14.96
Dairy,Breakfast,40.7,63.4,35.4,4.8,41.4,212,235,350,7.75
Snacks,Breakfast,38.8,62.1,42.8,2.6,32.3,66,922,222,9.44
Snacks,Snack,35.9,23.2,47.8,3.8,42.6,359,146,63,11.96
Grains,Snack,21.3,70.7,10.8,7.7,43.9,809,857,202,2.1
Dairy,Breakfast,34.4,59.0,48.2,8.3,10.3,207,359,389,11.44
Beverages,Lunch,28.8,69.1,17.8,0.9,39.4,44,397,373,3.65
Grains,Breakfast,48.5,66.5,27.9,5.7,20.1,904,666,599,6.49
Beverages,Breakfast,29.3,98.1,18.3,3.1,15.6,48,464,583,3.82
Grains,Lunch,5.5,83.1,28.4,7.2,44.2,315,101,361,4.81
Snacks,Snack,30.3,91.3,8.8,1.5,4.1,708,245,190,2.13
Snacks,Dinner,8.9,20.4,12.4,9.2,45.4,50,397,569,2.53
Fruits,Snack,45.1,38.7,38.0,2.3,39.1,346,367,490,9.16
Dairy,Dinner,36.3,6.2,26.1,9.1,37.2,602,293,133,7.49
Beverages,Lunch,40.5,94.3,2.0,5.5,37.2,139,290,127,0.41
Grains,Snack,44.3,27.2,33.7,5.5,9.7,179,138,209,9.29
Vegetables,Breakfast,36.1,91.6,26.3,5.9,22.6,295,682,309,5.53
Fruits,Dinner,14.3,53.2,31.4,1.1,47.2,143,565,54,5.99
Grains,Snack,22.5,16.9,25.2,9.4,30.6,957,806,551,6.24
Vegetables,Breakfast,41.5,50.5,11.3,8.1,42.6,876,573,268,2.57
Snacks,Lunch,16.0,9.6,40.1,4.0,2.7,730,461,132,12.24
Snacks,Breakfast,25.4,65.4,32.9,1.3,21.4,465,980,509,6.92
Dairy,Snack,50.0,17.8,7.0,8.4,12.2,640,464,589,2.02
Snacks,Snack,8.1,68.2,42.2,0.7,2.3,539,795,239,9.88
Vegetables,Breakfast,40.6,6.5,46.1,4.7,16.9,278,338,503,13.8
Beverages,Snack,23.3,92.2,38.9,1.6,46.2,395,235,284,7.38
Dairy,Snack,38.0,19.6,46.6,7.4,43.7,161,297,98,12.0
Meat,Lunch,10.7,22.8,35.3,8.9,1.7,583,723,188,9.57
Vegetables,Dinner,7.2,10.0,21.0,1.0,40.7,236,513,483,4.63
Grains,Lunch,37.5,27.4,3.3,9.7,19.4,580,138,293,0.84
Snacks,Snack,38.8,71.0,5.7,6.8,13.3,227,946,477,1.31
Fruits,Breakfast,11.3,89.3,15.9,4.8,23.1,938,404,578,2.93
Meat,Lunch,3.3,24.3,39.9,9.2,14.9,742,954,212,7.68
Fruits,Snack,5.7,95.4,13.8,3.5,4.3,520,126,313,2.93
Meat,Breakfast,26.5,91.9,27.6,1.8,21.3,988,223,518,5.58
Fruits,Snack,39.1,54.6,1.3,3.5,6.8,933,259,444,0.33
Snacks,Lunch,17.6,31.6,47.7,4.8,26.3,755,809,204,10.43
Vegetables,Lunch,49.1,13.1,32.4,2.0,12.3,220,964,406,9.57
Grains,Lunch,33.2,69.1,45.1,3.2,18.5,223,306,509,9.9
Beverages,Lunch,36.5,90.2,38.4,10.0,34.7,266,981,76,7.89
Grains,Breakfast,10.9,8.8,47.3,0.9,32.8,511,306,587,11.46
Dairy,Breakfast,49.1,29.7,6.2,0.4,9.5,831,878,262,1.72
Beverages,Lunch,36.9,20.3,16.8,3.9,34.5,262,245,498,4.33
Vegetables,Snack,43.3,70.4,4.5,7.2,27.2,469,501,438,1.0
Beverages,Lunch,28.5,25.3,29.9,0.4,49.6,775,295,142,7.09
Grains,Lunch,43.1,23.1,23.5,5.1,24.6,23,566,418,6.18
Beverages,Lunch,41.6,75.1,37.5,0.9,46.7,396,441,258,7.98
Meat,Snack,16.8,5.4,9.2,6.4,23.9,947,424,407,2.54
Snacks,Dinner,25.1,75.4,32.2,1.1,36.4,767,901,395,6.41
Snacks,Breakfast,35.5,39.1,24.0,2.6,43.0,7,419,444,5.54
Dairy,Lunch,44.6,72.3,19.5,8.7,4.2,464,787,596,5.09
Grains,Breakfast,22.5,78.9,8.3,1.8,42.3,283,158,101,1.61
Fruits,Breakfast,4.6,99.7,7.6,1.1,7.0,810,834,333,1.51
Dairy,Breakfast,7.3,87.2,45.2,7.1,22.3,929,416,341,8.13
Snacks,Breakfast,1.5,65.6,35.3,3.7,41.8,157,711,75,5.79
Grains,Breakfast,2.0,13.2,27.4,5.3,34.8,608,464,470,4.96
Snacks,Snack,29.7,15.7,48.1,2.5,23.5,550,482,478,12.68
Snacks,Lunch,14.1,87.7,10.1,1.9,15.7,285,900,320,1.97
Fruits,Dinner,18.0,99.4,38.6,5.2,12.8,698,756,165,7.75
Vegetables,Dinner,41.2,90.9,19.4,7.9,33.4,903,189,284,4.06
Dairy,Lunch,15.5,83.2,16.8,7.9,37.2,288,182,248,3.11
Grains,Lunch,10.4,62.3,17.0,1.1,49.6,838,119,541,3.07
Vegetables,Dinner,28.4,94.7,3.4,1.2,13.7,749,704,472,0.72
Fruits,Dinner,38.1,86.0,21.0,9.0,6.3,909,324,137,5.04
Beverages,Dinner,5.3,45.9,35.3,5.8,44.6,627,151,444,6.19
Snacks,Breakfast,29.4,26.8,30.3,2.6,4.3,57,550,285,8.51
Vegetables,Lunch,38.9,34.3,34.7,8.0,46.0,38,944,53,8.27
Grains,Breakfast,49.0,29.6,16.7,6.2,20.9,43,325,151,4.37
Vegetables,Snack,3.7,54.5,34.2,0.1,37.4,305,794,131,5.85
Dairy,Dinner,30.5,76.3,41.7,7.2,41.3,935,449,188,8.48
Snacks,Dinner,9.9,17.3,35.1,8.1,40.6,393,287,150,7.5
Dairy,Breakfast,12.3,19.0,20.3,8.8,33.5,173,718,193,4.47
Snacks,Lunch,41.7,61.6,13.8,9.4,22.4,140,627,373,3.15
Meat,Breakfast,34.4,48.5,47.7,2.2,38.3,232,940,408,10.64
Snacks,Lunch,43.3,54.4,32.7,6.4,49.5,515,191,58,7.36
Vegetables,Lunch,12.3,82.4,27.0,6.7,14.3,297,524,291,5.27
Fruits,Breakfast,12.2,84.1,4.0,6.8,25.3,408,381,65,0.74
Snacks,Snack,9.7,29.5,3.9,9.0,33.5,836,712,361,0.78
Snacks,Dinner,23.3,77.3,45.4,0.2,25.9,33,595,210,9.11
Dairy,Breakfast,17.7,89.1,4.7,9.6,9.9,397,289,540,0.98
Vegetables,Breakfast,26.3,98.9,31.8,4.7,15.4,473,314,532,6.54
Snacks,Snack,31.5,66.8,5.5,6.7,42.1,162,760,516,1.15
Snacks,Snack,14.5,59.8,44.8,1.3,28.0,737,891,185,8.69
Grains,Snack,12.7,27.2,24.1,9.7,26.4,227,956,592,5.12
Snacks,Lunch,16.7,29.8,39.0,6.7,14.5,647,191,556,8.91
Vegetables,Snack,36.6,66.6,15.1,7.0,16.4,545,523,567,3.41
Dairy,Lunch,20.9,58.7,29.9,1.4,35.6,619,781,341,6.02
Grains,Snack,3.2,56.3,15.4,5.6,36.5,964,151,362,2.62
Fruits,Lunch,28.8,45.2,13.6,2.7,34.3,809,586,324,3.0
Snacks,Lunch,44.5,93.1,34.5,6.8,47.4,317,217,194,7.17
Fruits,Dinner,28.4,41.6,47.0,1.4,26.2,488,161,264,10.62
Grains,Breakfast,24.5,55.5,21.2,8.6,37.9,921,519,368,4.39
Grains,Snack,44.1,26.1,19.3,3.9,18.4,111,537,152,5.1
Dairy,Dinner,46.7,41.1,16.5,2.1,8.7,528,373,69,4.38
Dairy,Snack,42.7,88.3,29.7,2.0,34.9,314,791,157,6.27
Grains,Dinner,4.7,44.4,10.8,5.9,22.8,116,130,346,1.97
Snacks,Breakfast,20.1,89.8,32.3,3.9,30.8,194,838,81,6.17
Dairy,Snack,20.7,38.5,13.3,3.5,35.1,621,689,310,2.85
Grains,Snack,47.5,59.8,48.0,1.4,42.9,559,432,560,10.86
Snacks,Dinner,29.0,35.6,20.4,8.3,13.0,454,446,372,4.98
Fruits,Breakfast,44.1,46.4,5.0,0.7,43.8,673,792,82,1.16
Dairy,Dinner,48.9,74.2,34.9,3.2,28.7,302,351,190,7.82
Fruits,Lunch,49.5,99.8,34.5,4.2,39.2,728,810,549,7.27
Fruits,Breakfast,6.1,82.5,18.6,9.8,41.5,787,200,562,3.18
Vegetables,Dinner,46.7,32.8,22.5,1.5,18.8,829,126,481,5.81
Fruits,Snack,9.7,45.0,20.9,0.2,36.3,353,828,282,3.93
Grains,Breakfast,1.7,51.1,15.4,9.0,0.2,285,884,567,3.86
Meat,Dinner,46.3,82.2,23.9,2.3,13.8,54,137,196,5.5
Snacks,Dinner,18.9,30.5,30.8,0.2,34.6,554,749,549,6.74
Grains,Snack,3.1,74.8,11.9,1.4,41.7,426,380,244,1.98
Meat,Breakfast,25.1,59.4,16.9,1.5,26.0,298,981,386,3.55
Dairy,Dinner,5.7,66.0,40.9,1.3,18.6,478,272,177,7.48
Vegetables,Dinner,14.0,16.4,8.4,4.7,46.3,793,240,76,1.9
Fruits,Lunch,32.6,73.3,49.3,8.0,16.0,646,554,73,10.82
Meat,Dinner,6.5,10.3,2.4,6.7,32.6,155,981,292,0.52
Meat,Lunch,11.0,69.1,38.3,5.7,9.2,695,421,202,7.87
Grains,Breakfast,42.8,78.5,33.8,2.8,20.7,873,925,379,7.5
Snacks,Snack,8.9,37.1,46.6,9.7,5.5,691,598,83,10.53
Dairy,Dinner,20.2,51.7,13.0,0.4,27.1,160,721,563,2.69
Grains,Dinner,30.0,92.3,13.0,9.4,47.3,784,917,545,2.55
Beverages,Lunch,43.1,70.1,46.2,4.6,3.3,642,369,343,12.33
Dairy,Snack,35.2,24.0,10.2,8.6,2.3,563,947,321,3.12
Dairy,Dinner,8.9,49.4,31.9,7.0,2.4,761,894,162,7.66
Beverages,Breakfast,7.8,53.9,1.4,3.2,8.7,608,758,73,0.29
Grains,Breakfast,42.3,95.2,39.3,1.9,21.0,658,336,55,8.45
Dairy,Breakfast,15.3,36.4,37.7,0.3,14.6,149,444,392,8.26
Fruits,Breakfast,14.9,21.5,5.6,5.8,43.5,455,694,370,1.23
Grains,Dinner,24.7,96.5,15.9,1.9,18.0,614,439,476,3.21
Beverages,Snack,31.2,87.4,47.7,5.1,20.0,252,420,248,9.98
Meat,Breakfast,47.3,97.3,35.9,0.6,13.2,694,890,358,8.12
Vegetables,Breakfast,33.7,70.3,28.7,1.5,4.0,563,521,289,7.28
Vegetables,Lunch,1.5,47.0,24.1,1.6,5.4,937,744,188,4.88
Vegetables,Snack,8.0,29.7,3.1,7.2,2.9,894,252,60,0.76
Beverages,Lunch,42.2,69.7,25.5,4.4,30.6,217,398,473,5.61
Vegetables,Lunch,30.6,89.0,3.2,4.4,39.9,565,978,547,0.64
Dairy,Lunch,27.3,90.3,38.2,3.1,32.7,858,696,452,7.56
Grains,Lunch,35.8,98.5,24.4,0.0,48.7,308,584,314,4.86
Dairy,Breakfast,38.6,91.6,40.0,1.3,27.4,628,953,342,8.38
Meat,Lunch,38.1,97.9,16.2,8.9,2.2,700,667,598,4.23
Fruits,Breakfast,16.8,24.3,41.7,6.5,21.9,778,530,418,9.53
Meat,Dinner,45.7,66.9,33.8,3.1,19.0,878,291,504,7.81
Fruits,Dinner,48.9,58.0,32.9,4.9,7.8,225,481,438,8.46
Meat,Breakfast,40.5,53.8,10.4,5.5,9.4,920,893,430,2.58
Snacks,Dinner,36.0,76.4,17.6,4.2,7.6,75,419,311,4.18
Grains,Lunch,2.3,82.5,6.6,3.8,7.4,81,875,528,1.28
Beverages,Lunch,17.6,95.6,38.0,3.6,46.2,828,124,121,6.95
Meat,Lunch,11.0,88.4,42.6,7.4,21.9,364,345,465,7.88
Vegetables,Breakfast,7.2,46.5,19.6,5.6,49.2,899,984,209,3.51
Snacks,Dinner,12.4,19.3,19.9,0.8,13.8,397,190,403,4.65
Snacks,Snack,42.4,34.5,3.6,1.2,48.4,239,645,581,0.87
Beverages,Snack,30.9,63.2,49.5,0.3,1.6,983,431,481,13.59
Vegetables,Dinner,45.7,93.5,43.2,1.2,15.3,278,317,308,9.66
Fruits,Lunch,4.3,62.6,23.3,5.0,7.1,449,650,231,4.68
Beverages,Dinner,38.3,6.1,33.0,2.4,2.4,714,113,338,11.36
Beverages,Dinner,5.9,92.1,34.0,2.4,35.1,732,371,531,5.83
Dairy,Dinner,5.2,51.5,9.9,7.9,42.7,311,870,531,1.72
Dairy,Snack,50.0,44.6,35.5,3.4,4.7,788,505,298,9.94
Fruits,Lunch,43.4,87.2,2.7,9.5,19.0,206,546,357,0.59
Vegetables,Lunch,45.6,30.2,3.2,1.5,12.5,27,940,158,0.86
Dairy,Lunch,4.1,63.8,26.2,0.8,37.5,242,121,164,4.47
Meat,Dinner,18.0,5.1,40.9,8.4,45.9,359,418,255,11.12
Snacks,Snack,40.3,51.3,17.0,6.4,31.6,245,535,432,3.89
Beverages,Snack,39.2,45.0,27.3,8.8,0.9,946,978,313,8.29
Meat,Dinner,4.7,51.1,38.3,7.1,23.0,562,775,329,6.9
Grains,Lunch,25.6,9.4,27.8,1.6,41.4,133,853,211,7.43
Beverages,Snack,1.9,65.7,36.4,0.5,46.7,473,704,451,5.96
Snacks,Lunch,29.3,69.7,41.6,7.6,4.1,137,413,430,10.35
Dairy,Lunch,48.4,55.4,1.1,0.1,8.2,359,711,245,0.28
Dairy,Breakfast,8.9,44.6,23.8,6.2,23.2,236,945,591,4.57
Meat,Lunch,22.0,44.3,40.0,4.4,47.4,875,647,428,8.34
Beverages,Dinner,42.2,9.7,24.9,6.7,34.2,685,999,114,7.03
Meat,Dinner,10.8,44.9,4.3,1.9,45.1,778,989,278,0.81
Fruits,Breakfast,4.7,30.0,11.7,4.0,42.7,297,592,509,2.11
Vegetables,Snack,43.4,98.0,36.1,8.2,20.2,590,193,197,7.78
Vegetables,Lunch,4.7,44.5,14.6,5.6,2.5,61,497,556,3.37
Fruits,Dinner,17.0,66.8,7.9,0.2,44.8,311,852,81,1.5
Meat,Snack,40.5,52.6,28.0,9.9,32.6,487,560,474,6.38
Grains,Lunch,2.8,79.1,6.7,4.6,3.4,92,139,546,1.44
Beverages,Snack,23.6,14.8,35.0,9.4,0.3,840,692,301,11.7
Dairy,Snack,46.1,76.8,38.2,5.1,27.7,612,442,245,8.45
Dairy,Breakfast,9.1,26.7,11.9,6.5,47.4,109,241,340,2.34
Dairy,Dinner,46.3,5.1,18.6,7.0,46.3,214,985,194,5.44
Dairy,Lunch,37.6,18.8,28.8,7.1,37.3,952,327,445,7.49
Dairy,Dinner,25.8,58.5,14.5,9.4,39.2,191,782,266,3.0
Snacks,Dinner,34.6,20.2,19.8,2.8,25.7,539,942,159,5.13
Fruits,Breakfast,31.4,97.6,42.6,7.2,19.7,707,790,69,8.8
Snacks,Snack,7.9,77.4,10.5,5.7,47.7,310,583,123,1.82
Meat,Lunch,37.3,17.6,6.6,3.3,8.7,701,930,503,1.89
Vegetables,Lunch,48.5,18.3,46.6,4.6,34.5,269,669,597,12.58
Vegetables,Lunch,24.5,11.6,10.6,8.0,37.2,470,881,276,2.77
Meat,Breakfast,1.3,16.8,7.9,2.1,21.3,440,588,233,1.42
Vegetables,Breakfast,44.6,25.3,37.4,2.6,33.3,694,160,552,9.63
Meat,Lunch,27.2,24.9,46.0,3.8,25.5,723,517,151,11.19
Vegetables,Lunch,13.9,15.2,39.0,2.6,18.1,868,970,374,9.4
Fruits,Snack,16.5,10.4,34.9,2.9,12.7,867,145,193,9.32
Snacks,Snack,46.7,70.9,6.5,1.9,20.4,951,883,327,1.49
Snacks,Dinner,32.7,15.0,8.0,1.3,20.0,883,724,267,2.17
Beverages,Breakfast,1.2,94.6,39.4,9.6,38.6,148,296,112,6.44
Dairy,Dinner,30.0,19.7,23.9,5.9,46.5,727,991,458,5.94
Meat,Lunch,39.5,85.8,13.3,9.2,45.0,110,438,62,2.75
Fruits,Lunch,33.0,63.7,22.1,1.8,33.7,748,611,113,4.72
Vegetables,Breakfast,7.9,36.7,45.5,2.7,37.0,706,992,435,8.55
Fruits,Dinner,20.5,97.3,40.3,4.2,45.8,478,112,228,7.48
Dairy,Lunch,2.7,41.8,21.7,8.7,27.9,406,562,398,3.78
Snacks,Snack,4.8,62.1,15.3,1.5,34.8,275,294,222,2.65
Beverages,Breakfast,3.9,64.7,37.4,3.1,36.6,820,944,358,6.37
Grains,Snack,33.9,13.6,39.7,6.7,6.8,752,901,559,11.8
Dairy,Breakfast,37.4,91.5,9.3,7.7,40.6,263,461,489,1.9
Meat,Dinner,38.5,96.0,35.3,9.6,44.0,935,571,417,7.16
Meat,Snack,29.9,17.8,22.5,5.9,6.2,238,505,130,6.45
Vegetables,Dinner,38.0,91.2,12.6,0.1,22.1,115,791,444,2.67
Beverages,Snack,49.9,77.1,28.1,4.8,30.5,591,110,174,6.25
Snacks,Breakfast,41.9,18.2,24.2,2.0,15.1,613,179,91,6.72
Vegetables,Lunch,1.2,43.1,6.1,7.3,22.8,805,363,153,1.05
Fruits,Dinner,22.8,12.5,45.8,3.2,31.1,862,330,533,11.82
Vegetables,Lunch,23.2,33.2,23.0,1.5,36.7,715,491,372,5.12
Snacks,Dinner,38.4,66.5,16.2,9.2,0.7,315,699,202,4.73
Meat,Breakfast,31.7,63.5,21.5,6.0,44.8,999,364,581,4.5
Fruits,Snack,11.6,90.8,18.8,8.0,48.5,101,214,574,3.31
Meat,Dinner,18.1,55.6,22.3,5.8,19.8,186,526,265,4.61
Snacks,Lunch,39.6,6.3,39.0,7.9,45.0,590,484,279,11.18
Dairy,Dinner,31.7,42.2,7.8,9.4,27.7,1000,114,124,1.78
Beverages,Lunch,14.3,27.4,27.0,1.4,40.3,281,327,555,5.7
Grains,Breakfast,22.0,6.6,34.8,5.4,25.1,831,880,73,9.68
Beverages,Snack,29.6,57.9,6.2,1.1,21.6,459,702,215,1.36
Beverages,Lunch,7.8,48.7,12.6,0.2,36.8,639,662,306,2.3
Grains,Breakfast,13.4,49.9,27.3,5.3,21.3,80,498,351,5.47
Beverages,Dinner,30.3,78.7,4.1,4.0,31.5,177,664,423,0.84
Dairy,Breakfast,6.9,27.3,27.9,4.7,48.5,69,597,266,5.27
Fruits,Snack,14.3,72.3,49.7,5.2,36.6,504,784,324,9.27
Vegetables,Snack,24.4,15.1,43.3,7.0,41.9,834,922,516,10.87
Dairy,Dinner,11.5,66.9,49.5,5.0,5.7,302,785,547,10.81
Dairy,Dinner,44.3,7.5,46.7,9.2,6.9,712,792,272,14.84
Vegetables,Lunch,36.9,18.2,30.2,3.2,41.1,676,640,175,7.84
Vegetables,Dinner,4.5,79.5,45.2,9.4,22.5,687,941,401,7.96
Fruits,Breakfast,9.9,87.5,32.7,3.8,18.9,27,552,84,6.08
Dairy,Lunch,38.6,63.8,47.4,4.1,2.7,708,670,550,12.84
Grains,Dinner,11.4,56.2,26.2,1.9,10.4,280,534,412,5.43
Beverages,Lunch,34.6,41.2,30.4,5.0,49.6,27,397,118,6.89
Snacks,Snack,32.9,31.6,10.3,9.0,40.7,173,983,431,2.43
Dairy,Breakfast,21.0,49.5,14.4,8.2,3.9,855,683,154,3.6
Meat,Lunch,3.4,61.6,40.5,2.5,37.0,165,396,197,6.87
Meat,Breakfast,39.0,56.5,38.4,8.7,26.4,667,626,397,8.7
Fruits,Lunch,7.5,41.3,32.7,8.8,33.0,207,833,313,6.07
Grains,Dinner,12.6,26.0,24.4,0.2,30.4,880,320,147,5.17
Vegetables,Breakfast,39.3,31.2,23.7,6.7,6.6,572,856,283,6.53
Grains,Breakfast,30.2,80.4,44.9,2.3,11.6,558,788,590,9.91
Fruits,Lunch,18.2,77.6,34.1,7.2,26.8,914,899,379,6.61
Meat,Dinner,35.9,33.3,11.6,0.1,47.0,979,223,158,2.74
Fruits,Lunch,39.1,8.6,12.6,9.1,20.8,930,868,591,3.65
Beverages,Lunch,14.6,45.5,44.6,6.1,40.8,407,209,258,8.78
Vegetables,Snack,3.4,20.6,14.8,3.9,17.2,90,447,73,2.86
Dairy,Snack,32.9,98.1,44.8,7.1,11.4,839,109,216,9.76
Meat,Breakfast,6.3,92.7,17.5,5.8,22.3,35,792,234,3.11
Vegetables,Lunch,11.4,77.8,35.4,8.9,12.6,88,534,51,6.99
Vegetables,Breakfast,17.9,21.1,35.4,3.2,1.3,111,315,516,10.5
Vegetables,Lunch,2.5,62.7,2.0,6.8,41.1,747,794,377,0.33
Snacks,Dinner,12.9,76.3,1.2,8.0,32.2,207,543,582,0.22
Beverages,Lunch,13.7,82.8,30.8,7.2,32.4,941,379,211,5.68
Dairy,Snack,18.4,7.5,1.4,2.3,47.1,569,215,124,0.37
Vegetables,Dinner,46.2,58.7,33.6,7.5,38.7,516,256,460,7.62
Snacks,Lunch,24.8,34.3,44.2,2.2,40.2,5,230,434,9.85
Beverages,Breakfast,3.8,87.9,2.7,4.1,43.6,347,829,310,0.45
Meat,Breakfast,7.1,13.7,19.7,5.9,4.6,216,342,156,4.94
Meat,Lunch,45.0,90.1,39.1,1.5,48.8,128,277,597,8.17
Vegetables,Breakfast,10.1,35.1,47.1,3.3,22.0,730,748,435,9.48
Grains,Lunch,2.7,39.9,30.2,0.0,2.9,594,553,444,6.72
Vegetables,Breakfast,22.4,25.4,14.9,8.2,41.6,525,561,197,3.42
Dairy,Dinner,17.5,58.2,8.1,3.6,35.2,958,214,147,1.59
Dairy,Snack,32.9,80.7,1.6,9.9,12.9,364,162,579,0.35
Fruits,Lunch,41.0,18.9,1.9,7.3,29.2,261,952,483,0.5
Beverages,Dinner,47.9,95.3,11.9,3.5,17.3,305,429,173,2.64
Dairy,Breakfast,11.7,78.3,49.0,0.4,43.7,830,802,290,8.8
Dairy,Breakfast,2.3,46.4,19.7,5.4,46.7,673,592,443,3.28
Vegetables,Lunch,38.2,78.0,5.0,6.6,25.4,243,860,547,1.08
Beverages,Dinner,25.2,89.8,2.7,1.5,35.2,511,598,322,0.53
Meat,Breakfast,15.3,44.5,45.2,7.1,38.1,360,509,557,9.01
Beverages,Dinner,19.1,67.0,29.7,5.5,36.7,162,468,376,5.79
Grains,Snack,37.9,6.4,26.2,0.4,38.5,684,276,559,7.52
Beverages,Dinner,38.0,34.0,27.6,8.6,33.3,11,248,187,6.66
Dairy,Snack,26.4,67.4,16.6,8.8,45.5,938,501,520,3.35
Vegetables,Dinner,26.6,78.5,41.0,6.3,43.0,49,941,503,8.12
Snacks,Lunch,2.5,37.3,29.5,6.4,29.6,189,848,135,5.12
Fruits,Snack,20.6,81.7,5.9,8.2,20.0,429,691,599,1.18
Fruits,Dinner,42.6,53.5,38.1,8.8,5.0,299,483,410,10.13
Dairy,Dinner,3.5,8.3,29.4,1.8,19.1,952,276,232,6.23
Snacks,Snack,6.9,47.7,13.0,1.7,22.7,248,967,166,2.43
Meat,Snack,48.4,63.2,38.7,0.8,34.8,479,781,391,8.79
Grains,Breakfast,21.8,23.7,1.4,7.9,44.2,132,241,245,0.32
Snacks,Dinner,7.3,31.0,21.4,3.6,9.2,53,982,275,4.56
Grains,Dinner,7.6,61.1,42.1,9.2,46.4,389,198,477,7.41
Vegetables,Dinner,5.8,55.9,11.1,2.0,32.9,446,436,464,1.97
Beverages,Lunch,38.7,20.0,6.4,3.8,37.9,155,788,470,1.66
Beverages,Snack,35.4,96.7,12.7,6.9,16.7,537,901,591,2.7
Beverages,Snack,26.0,38.0,5.4,8.1,10.8,38,322,241,1.3
Dairy,Dinner,31.7,16.0,31.4,9.5,29.0,632,439,518,8.24
Meat,Breakfast,47.7,7.7,27.9,5.1,24.2,116,135,456,8.2
Fruits,Lunch,31.2,20.1,13.0,4.9,31.6,849,438,227,3.29
Fruits,Lunch,18.2,13.8,43.3,3.7,12.9,403,882,226,11.29
Grains,Lunch,11.1,76.1,10.3,3.1,27.4,825,825,73,1.9
Grains,Breakfast,34.0,90.3,34.3,3.6,35.3,343,884,108,6.97
Snacks,Dinner,5.7,10.5,29.6,6.2,41.8,908,324,112,6.23
Snacks,Lunch,21.2,5.4,6.2,2.3,27.3,120,317,493,1.74
Vegetables,Breakfast,5.0,81.0,46.7,6.5,19.6,103,375,425,8.36
Beverages,Snack,20.0,51.6,30.5,9.5,23.2,668,841,548,6.38
Vegetables,Breakfast,38.8,58.1,35.3,9.1,38.6,997,234,411,7.8
Dairy,Snack,23.2,98.1,27.5,6.4,37.2,502,326,123,5.23
Vegetables,Breakfast,18.9,62.9,21.3,1.5,20.2,869,505,249,4.35
Fruits,Lunch,48.3,51.5,25.9,7.4,46.9,57,203,345,6.0
Grains,Dinner,14.6,17.9,13.3,0.5,29.1,755,468,263,3.06
Grains,Lunch,2.3,84.7,8.2,7.7,39.7,819,712,549,1.35
Grains,Lunch,30.1,64.0,13.0,1.1,42.8,512,677,441,2.7
Grains,Snack,35.2,59.9,41.4,3.5,24.0,153,645,331,9.2
Vegetables,Breakfast,29.7,29.3,16.1,6.8,41.4,728,796,167,3.78
Meat,Lunch,31.2,32.3,20.3,2.5,24.9,844,909,324,4.86
Beverages,Snack,38.4,35.8,49.1,8.3,20.7,422,379,423,12.08
Meat,Snack,10.0,26.5,19.2,0.1,37.4,593,329,433,3.87
Meat,Lunch,40.1,40.9,29.1,8.1,22.1,749,473,576,7.04
Meat,Snack,46.5,44.3,4.8,3.1,43.0,50,468,124,1.13
Beverages,Breakfast,36.3,9.9,33.3,2.1,14.0,824,800,346,9.71
Meat,Dinner,12.8,59.3,2.4,2.8,41.3,474,597,176,0.45
Meat,Dinner,25.6,47.6,26.7,2.1,32.8,357,610,221,5.74
Beverages,Lunch,24.2,20.6,32.6,8.6,36.3,65,617,191,7.87
Meat,Lunch,6.1,48.0,44.7,6.4,37.1,213,725,264,7.98
Beverages,Snack,6.9,89.6,29.2,1.9,44.9,764,951,180,4.98
Fruits,Lunch,3.3,58.7,12.9,7.9,5.2,182,541,442,2.67
Grains,Snack,8.1,46.6,20.4,5.0,10.4,252,665,82,4.17
Grains,Lunch,24.8,26.4,19.9,9.2,20.9,75,416,160,4.79
Snacks,Snack,34.0,96.9,7.9,8.8,45.0,523,694,132,1.57
Beverages,Breakfast,15.9,85.1,31.8,8.2,49.5,970,691,366,5.81
Dairy,Snack,19.9,7.6,37.2,5.1,20.3,57,660,357,10.21
Grains,Snack,47.9,6.5,44.2,7.3,41.1,106,935,407,12.84
Meat,Lunch,36.8,15.2,34.4,6.9,20.8,857,870,370,9.41
Grains,Dinner,47.4,26.0,22.4,1.9,37.4,506,926,500,5.76
Snacks,Dinner,37.4,68.3,29.8,8.3,32.3,295,991,489,6.44
Grains,Dinner,10.4,84.9,39.6,9.7,4.1,555,867,255,8.76
Dairy,Dinner,42.7,30.4,29.1,4.6,7.5,837,533,472,8.04
Vegetables,Lunch,1.9,13.5,43.0,7.4,38.4,529,211,271,7.69
Grains,Dinner,31.6,36.8,3.4,6.6,41.6,695,886,267,0.78
Dairy,Breakfast,4.9,41.5,35.9,5.0,26.1,649,244,517,6.52
Dairy,Breakfast,49.2,5.9,5.9,4.5,41.2,683,809,61,1.73
Snacks,Snack,37.4,34.8,19.6,2.9,8.5,389,102,269,5.17
Beverages,Dinner,22.3,69.5,24.8,1.4,31.7,287,528,424,4.95
Vegetables,Snack,1.7,43.9,6.4,7.3,46.9,714,507,437,1.06
Beverages,Snack,31.9,77.7,15.0,4.8,24.4,874,780,246,3.15
Fruits,Snack,21.2,86.9,8.1,1.2,17.6,167,866,387,1.63
Meat,Lunch,39.8,98.6,43.7,1.0,5.8,24,698,128,10.45
Vegetables,Breakfast,25.2,63.8,1.1,1.2,32.1,993,803,172,0.23
Grains,Snack,5.7,39.2,17.1,6.7,44.1,246,640,559,3.06
Meat,Dinner,17.8,85.7,1.8,3.2,34.0,294,402,363,0.34
Vegetables,Dinner,21.3,59.8,35.4,0.9,47.4,685,761,296,7.03
Snacks,Lunch,29.2,87.1,33.5,2.1,18.4,293,869,108,6.99
Meat,Dinner,31.6,12.7,2.4,3.0,42.3,698,331,378,0.64
Snacks,Snack,19.5,56.5,13.8,3.2,8.2,713,507,474,3.12
Dairy,Dinner,43.7,17.7,24.5,2.5,37.2,422,385,460,6.54
Meat,Dinner,8.4,56.1,28.8,2.4,47.7,607,258,186,5.15
Fruits,Dinner,1.1,62.5,46.5,8.6,0.6,261,619,574,11.25
Beverages,Dinner,13.1,51.4,24.4,0.1,43.7,123,918,436,4.64
Fruits,Snack,24.8,12.7,33.9,4.1,16.9,243,191,427,9.13
Vegetables,Breakfast,11.5,85.1,19.7,8.7,41.7,596,799,470,3.51
Meat,Dinner,30.0,30.5,12.0,6.2,0.5,320,921,583,3.77
Vegetables,Lunch,15.8,32.5,6.8,2.4,2.7,655,655,353,1.79
Beverages,Dinner,8.8,24.7,24.0,8.3,37.6,774,182,479,4.8
Beverages,Lunch,26.1,51.5,9.1,6.8,35.6,47,932,161,1.93
Snacks,Lunch,19.7,11.2,26.2,8.5,22.9,346,535,53,6.83
Beverages,Snack,18.4,39.6,19.7,5.3,2.8,948,537,535,5.14
Vegetables,Dinner,9.8,46.0,16.8,5.7,42.6,757,493,361,3.13
Meat,Lunch,17.1,85.5,18.8,8.8,24.7,180,135,328,3.6
Vegetables,Lunch,20.0,83.6,22.9,8.3,29.9,335,301,288,4.42
Beverages,Breakfast,46.4,74.0,16.1,1.6,27.7,309,355,554,3.58
Fruits,Dinner,2.6,82.5,12.5,7.9,16.1,859,226,296,2.23
Vegetables,Lunch,47.8,40.9,20.0,6.0,11.2,312,151,356,5.22
Meat,Lunch,39.0,80.8,26.7,9.0,45.0,754,571,310,5.57
Grains,Snack,18.6,68.1,11.6,7.5,11.2,953,213,316,2.47
Snacks,Lunch,45.7,24.9,5.7,0.3,49.6,721,263,68,1.45
Dairy,Lunch,30.9,99.9,9.6,0.1,25.8,650,562,358,1.93
Meat,Dinner,49.9,76.0,39.4,7.6,23.2,184,299,576,8.93
Meat,Lunch,16.3,48.5,5.0,4.1,35.4,828,840,160,1.0
Fruits,Snack,22.1,59.9,35.3,8.0,20.1,741,820,385,7.41
Snacks,Lunch,9.2,20.9,1.3,7.3,38.2,958,777,234,0.27
Meat,Snack,16.1,15.4,16.4,5.9,13.7,289,981,286,4.12
Meat,Snack,45.6,31.9,44.3,3.0,14.8,432,449,430,11.62
Snacks,Breakfast,38.3,76.4,13.4,9.2,15.4,919,906,102,3.0
Dairy,Dinner,39.8,54.2,12.3,7.0,44.5,442,646,126,2.74
Snacks,Lunch,40.2,77.4,11.8,1.5,2.7,898,884,467,3.14
Grains,Lunch,41.6,88.9,13.7,2.0,13.3,546,230,390,3.08
Dairy,Snack,26.6,67.1,7.2,1.6,2.3,133,615,286,1.88
Grains,Snack,26.1,42.0,16.6,3.0,4.4,93,925,578,4.31
Fruits,Lunch,33.8,24.7,29.4,7.0,34.3,345,537,434,7.29
Beverages,Snack,32.8,71.7,44.4,8.5,33.3,716,101,337,9.31
Vegetables,Dinner,11.5,10.2,23.6,7.2,21.0,73,649,295,5.79
Grains,Dinner,34.4,32.2,22.8,1.7,19.0,294,722,383,5.64
Meat,Dinner,36.2,77.9,19.8,4.6,42.9,512,598,484,4.11
Beverages,Breakfast,44.0,10.8,10.5,4.7,33.3,943,357,137,2.95
Meat,Breakfast,9.0,24.8,33.7,4.3,26.3,832,448,313,6.9
Beverages,Breakfast,13.4,86.3,10.5,5.2,39.1,7,735,430,1.9
Fruits,Snack,48.7,32.5,43.5,8.1,35.6,260,605,472,10.93
Vegetables,Snack,23.4,84.3,43.4,0.1,25.9,457,198,338,8.61
Meat,Breakfast,23.9,92.5,48.0,8.1,7.2,1000,932,148,10.63
Dairy,Breakfast,24.7,23.4,38.1,2.3,39.0,351,534,410,9.02
Dairy,Lunch,11.3,50.0,43.9,3.9,47.5,282,382,174,8.2
Snacks,Dinner,13.7,15.0,44.0,2.1,10.2,937,401,156,11.09
Vegetables,Dinner,13.0,92.2,16.5,2.5,1.7,326,266,366,4.01
Meat,Lunch,17.4,8.4,48.6,1.9,21.0,89,821,474,12.96
Beverages,Snack,47.4,86.4,21.9,7.2,20.5,779,427,105,4.87
Beverages,Snack,1.3,25.6,17.3,1.7,44.4,172,849,88,2.89
Dairy,Breakfast,9.2,90.3,23.6,7.2,3.4,642,628,58,5.27
Grains,Lunch,15.9,45.1,17.4,5.6,40.7,365,124,62,3.47
Meat,Lunch,12.6,49.3,44.4,0.8,6.8,310,261,247,9.88
Grains,Lunch,16.9,78.1,27.5,7.2,3.2,54,603,371,6.53
Dairy,Breakfast,37.4,43.0,45.3,7.2,2.4,722,661,300,12.98
Snacks,Dinner,19.9,78.2,44.4,4.7,29.7,972,757,582,8.64
Beverages,Lunch,2.1,7.7,46.2,3.3,16.8,774,438,161,9.34
Snacks,Snack,34.6,89.0,33.5,5.4,23.1,524,609,337,7.02
Meat,Dinner,41.1,87.4,19.2,0.9,36.6,22,989,488,4.02
Beverages,Lunch,27.9,74.1,21.2,3.2,49.9,742,963,88,4.23
Grains,Dinner,30.7,93.5,26.7,9.7,20.5,947,395,432,5.51
Beverages,Dinner,31.8,80.9,16.8,0.9,24.3,830,230,210,3.51
Fruits,Lunch,7.4,29.8,30.4,1.1,27.7,214,848,396,5.91
Meat,Breakfast,14.9,8.1,40.4,3.9,0.3,510,309,126,13.63
Beverages,Snack,46.3,29.0,33.5,7.3,46.8,151,724,243,8.4
Fruits,Snack,3.0,24.5,28.5,3.8,26.3,715,294,196,5.18
Snacks,Dinner,37.6,6.8,44.0,1.2,6.1,256,874,315,14.05
Dairy,Lunch,39.7,6.0,14.4,6.2,28.7,159,854,378,4.21
Dairy,Dinner,17.9,45.4,49.0,7.0,30.5,605,539,480,10.09
Meat,Dinner,35.2,86.4,13.9,6.9,6.2,920,802,209,3.3
Meat,Lunch,19.3,28.2,26.0,1.2,41.2,809,142,153,5.73
Dairy,Breakfast,36.7,51.9,13.5,3.3,16.3,394,263,479,3.17
Beverages,Dinner,38.6,73.9,46.2,3.9,10.9,537,616,384,10.74
Vegetables,Breakfast,17.9,19.3,46.3,6.9,18.4,634,214,229,11.19
Dairy,Dinner,27.7,42.5,39.5,8.0,21.5,297,536,388,8.98
Fruits,Snack,36.2,59.3,15.5,0.4,16.3,362,667,237,3.56
Beverages,Dinner,5.9,61.3,30.8,4.8,30.1,877,232,274,5.46
Snacks,Lunch,40.1,80.2,19.6,2.1,13.4,175,939,419,4.44
Grains,Breakfast,3.8,28.8,1.0,5.4,43.4,163,216,515,0.18
Snacks,Breakfast,16.7,12.4,1.6,8.7,33.1,92,638,330,0.39
Vegetables,Snack,13.7,40.6,44.5,1.3,10.0,388,868,411,9.81
Fruits,Lunch,1.3,13.1,25.1,6.5,10.3,226,547,79,4.9
Fruits,Breakfast,48.6,36.9,5.6,3.0,9.6,8,684,416,1.5
Beverages,Lunch,46.1,37.4,45.1,6.0,42.9,865,492,505,10.93
Grains,Lunch,45.3,12.5,19.5,0.5,38.6,68,379,373,5.4
Vegetables,Breakfast,37.9,95.8,24.1,1.3,23.4,91,656,356,5.06
Grains,Breakfast,33.5,12.4,19.8,4.1,2.8,55,183,175,6.36
Snacks,Breakfast,24.0,31.6,36.8,0.8,7.0,804,148,585,9.39
Fruits,Dinner,18.4,18.0,35.4,1.2,25.7,987,597,357,8.5
Fruits,Breakfast,26.3,92.8,17.5,7.4,35.2,603,553,298,3.42
Dairy,Snack,4.7,35.1,49.7,4.2,13.4,345,821,79,9.66
Snacks,Lunch,10.8,8.5,18.3,4.5,24.1,260,175,396,4.52
Beverages,Breakfast,19.0,58.5,48.2,6.0,6.4,366,480,233,11.09
Fruits,Lunch,36.6,44.4,47.9,6.1,37.9,445,968,80,10.95
Fruits,Lunch,40.8,10.1,16.2,6.9,46.8,135,132,505,4.5
Vegetables,Snack,22.6,9.8,28.9,2.9,32.0,256,553,401,7.66
Beverages,Snack,16.4,5.8,11.8,8.9,49.1,793,821,319,3.13
Dairy,Lunch,16.4,68.9,49.4,1.2,25.6,606,188,74,9.63
Grains,Breakfast,48.8,77.9,32.0,8.1,34.9,702,399,524,7.04
Vegetables,Dinner,29.3,58.0,43.1,7.9,3.5,973,845,598,11.15
Dairy,Snack,22.3,40.9,42.0,5.3,35.0,155,510,185,9.01
Snacks,Lunch,16.1,11.3,22.2,2.1,0.6,338,198,297,7.2
Dairy,Snack,19.6,99.7,44.5,4.8,47.8,787,588,479,8.18
Fruits,Lunch,8.1,29.0,28.5,5.1,11.9,238,763,535,6.03
Meat,Snack,16.6,74.8,40.6,8.9,39.2,132,226,515,7.64
Vegetables,Snack,2.7,33.8,40.8,5.8,11.2,734,860,432,7.82
Snacks,Breakfast,30.5,80.7,24.4,2.4,40.8,64,953,190,4.92
Fruits,Lunch,42.1,8.4,38.6,5.8,39.0,338,507,566,10.96
Vegetables,Lunch,32.4,22.8,9.8,5.4,19.2,749,260,99,2.52
Meat,Breakfast,30.2,19.7,14.1,2.4,48.6,352,896,519,3.5
Grains,Lunch,2.5,68.8,25.2,3.0,3.3,748,997,140,5.43
Meat,Snack,21.5,68.4,40.4,1.1,40.8,410,857,96,7.93
Grains,Dinner,7.4,30.3,18.0,9.4,13.6,646,886,63,3.7
Meat,Lunch,15.8,40.8,5.1,4.3,23.0,315,191,245,1.07
Meat,Lunch,7.1,8.0,15.6,8.9,34.4,443,722,576,3.57
Fruits,Breakfast,45.5,50.1,38.3,0.7,37.9,684,363,112,8.9
Vegetables,Lunch,19.9,73.6,43.2,9.9,12.9,495,387,193,9.05
Dairy,Lunch,3.8,15.9,34.1,4.9,3.3,501,747,163,8.11
Beverages,Lunch,30.3,61.9,39.4,8.4,2.6,505,710,525,10.42
Beverages,Dinner,33.6,5.5,21.2,7.8,19.0,680,920,418,6.29
Grains,Lunch,6.9,64.6,27.5,1.2,0.7,891,823,400,6.93
Fruits,Breakfast,40.2,61.4,14.9,4.3,23.5,189,808,430,3.37
Grains,Lunch,15.1,33.0,44.3,2.3,23.5,210,935,152,9.47
Grains,Lunch,13.2,7.5,36.2,2.4,33.4,760,762,199,9.2
Dairy,Dinner,23.5,28.7,39.7,1.3,39.4,97,562,167,9.03
Beverages,Breakfast,34.5,46.8,21.3,1.2,12.6,326,472,221,5.14
Meat,Breakfast,43.5,74.5,27.0,9.0,8.8,214,867,165,6.51
Fruits,Dinner,10.7,48.2,43.5,1.9,15.1,798,574,459,8.77
Dairy,Lunch,24.3,37.6,9.5,2.4,40.0,578,326,579,2.08
Snacks,Dinner,47.1,48.0,14.0,4.4,3.9,708,538,276,3.92
Meat,Breakfast,30.4,23.7,45.3,4.9,44.5,433,569,239,11.0
Meat,Snack,30.6,88.0,30.7,6.7,11.2,187,199,109,6.73
Meat,Dinner,14.9,36.9,23.9,6.2,11.8,7,478,254,5.31
Meat,Breakfast,31.8,22.1,16.8,6.0,49.9,63,1000,214,4.13
Beverages,Snack,8.3,48.5,6.3,5.5,39.0,699,154,499,1.15
Grains,Lunch,9.3,41.7,45.8,8.3,29.5,896,459,120,8.76
Fruits,Lunch,30.9,53.8,10.8,0.9,6.4,776,677,317,2.68
Grains,Breakfast,28.7,74.9,11.6,5.4,31.5,34,500,212,2.38
Grains,Lunch,48.8,78.9,19.6,1.9,47.0,775,398,266,4.24
Vegetables,Breakfast,24.5,84.5,37.3,6.5,35.3,545,871,164,7.3
Grains,Snack,45.1,19.7,11.1,4.2,4.6,636,360,577,3.38
Meat,Lunch,27.8,89.4,43.9,6.2,13.7,707,404,157,9.31
Beverages,Dinner,25.0,32.5,19.4,5.3,5.4,380,160,196,5.09
Grains,Dinner,47.2,56.1,7.8,0.7,16.5,818,718,232,1.88
Snacks,Lunch,46.0,9.9,40.9,8.1,19.6,894,418,251,11.93
Grains,Breakfast,16.7,23.9,6.3,7.8,36.5,784,929,540,1.4
Grains,Dinner,27.2,34.9,9.2,3.6,3.0,738,657,223,2.55
Meat,Breakfast,20.4,40.3,16.0,4.9,4.0,673,806,81,4.08
Vegetables,Lunch,42.1,96.8,24.3,3.6,19.3,46,337,111,5.24
Meat,Dinner,7.2,81.7,4.9,8.4,16.0,233,887,87,0.91
Vegetables,Lunch,49.6,21.8,34.9,7.2,33.8,512,816,174,9.27
Beverages,Breakfast,46.5,83.2,35.3,3.7,46.6,940,977,486,7.52
Meat,Breakfast,46.1,67.6,21.3,1.8,22.8,952,773,571,4.86
Beverages,Snack,46.4,12.2,11.1,3.2,43.9,773,429,471,3.07
Vegetables,Snack,29.2,85.7,4.7,9.7,17.9,373,238,115,0.99
Snacks,Snack,12.2,92.1,2.6,1.0,49.2,75,721,405,0.46
Fruits,Lunch,2.3,62.9,3.3,1.9,12.3,442,873,570,0.61
Meat,Breakfast,20.9,67.2,38.9,3.5,46.0,186,412,599,7.59
Snacks,Dinner,18.2,21.6,32.9,5.9,3.6,102,721,554,9.05
Snacks,Dinner,35.6,86.8,40.8,2.3,4.5,672,183,113,10.03
Dairy,Dinner,11.8,82.9,7.6,8.8,41.7,984,119,257,1.36
Meat,Lunch,35.8,89.5,28.6,9.6,19.9,929,621,233,6.08
Dairy,Dinner,36.3,44.2,45.6,4.8,37.4,533,941,370,10.42
Dairy,Lunch,9.1,75.5,6.4,4.9,14.0,328,903,290,1.23
Vegetables,Breakfast,46.7,75.8,6.3,4.4,8.2,646,620,178,1.54
Beverages,Snack,38.1,32.9,41.5,5.7,16.6,643,919,572,10.48
Dairy,Dinner,40.6,82.8,21.1,3.7,25.7,560,930,574,4.54
Dairy,Lunch,10.6,46.0,29.7,2.0,41.3,243,561,544,5.6
Fruits,Lunch,6.4,44.1,34.9,2.1,2.0,48,823,187,8.38
Vegetables,Breakfast,12.6,56.1,7.0,0.3,25.8,264,787,280,1.35
Snacks,Breakfast,42.6,12.8,30.6,7.6,30.8,750,181,478,8.48
Fruits,Lunch,19.5,39.0,33.6,9.0,11.7,546,753,444,7.7
Meat,Lunch,26.4,67.2,13.8,0.4,40.1,768,278,65,2.8
Grains,Dinner,11.9,61.1,26.8,4.5,20.1,518,876,572,5.2
Dairy,Dinner,46.1,77.2,26.8,6.1,20.8,237,423,570,6.03
Dairy,Snack,25.2,14.8,14.7,1.8,40.6,933,967,442,3.72
Grains,Snack,27.9,91.5,32.2,5.6,45.0,758,583,342,6.27
Fruits,Dinner,3.4,48.1,5.8,0.9,14.1,916,489,449,1.08
Snacks,Snack,39.1,32.4,47.0,2.8,27.6,704,498,183,11.57
Dairy,Breakfast,42.5,51.2,18.0,9.7,25.7,559,191,289,4.2
Grains,Dinner,23.5,91.7,36.0,4.8,42.1,321,294,451,6.87
Grains,Dinner,12.5,88.5,48.9,0.1,4.7,737,231,137,10.75
Vegetables,Snack,44.4,36.9,44.8,5.0,32.2,295,717,403,10.95
Snacks,Snack,16.5,70.7,9.0,5.4,47.6,136,606,452,1.69
Dairy,Breakfast,1.7,82.0,40.0,6.3,48.4,722,707,136,6.49
Dairy,Breakfast,13.7,95.7,6.5,5.1,36.1,843,726,163,1.18
Fruits,Snack,15.6,94.2,20.8,1.6,2.0,247,831,352,5.04
Dairy,Breakfast,43.0,56.7,33.0,8.0,16.1,76,823,436,7.85
Meat,Breakfast,14.1,34.6,42.7,1.2,47.8,263,408,599,8.63
Vegetables,Breakfast,25.3,60.3,27.6,3.9,45.4,825,702,488,5.62
Vegetables,Dinner,6.0,86.7,8.9,7.2,17.2,575,471,314,1.62
Meat,Breakfast,49.7,51.9,18.8,9.2,21.1,166,783,152,4.55
Grains,Dinner,43.1,67.0,47.4,9.1,31.1,323,916,325,10.52
Meat,Snack,4.7,65.9,16.0,9.9,39.4,749,527,87,2.74
Meat,Breakfast,6.9,59.6,42.5,4.0,15.4,395,554,66,8.07
Vegetables,Breakfast,37.0,29.8,16.6,8.7,28.2,988,552,436,4.1
Beverages,Lunch,23.1,66.9,29.6,3.1,22.2,221,425,383,6.11
Vegetables,Snack,5.2,53.9,16.4,0.9,42.5,535,251,545,2.85
Snacks,Lunch,29.0,15.0,20.6,9.1,13.3,121,432,163,5.64
Vegetables,Breakfast,4.3,45.9,26.0,0.8,38.3,65,834,266,4.53
Dairy,Snack,21.5,26.0,8.5,2.5,14.0,465,909,153,2.06
Dairy,Lunch,9.8,29.7,49.9,5.5,40.6,319,514,248,9.84
Snacks,Lunch,20.1,78.8,9.6,0.2,49.8,526,689,392,1.82
Dairy,Breakfast,6.8,26.3,19.2,0.5,4.3,9,595,213,4.49
Vegetables,Lunch,19.8,81.4,5.8,4.7,37.1,195,393,133,1.11
Meat,Snack,2.6,39.9,24.9,0.9,6.6,26,638,50,5.03
Grains,Lunch,39.7,58.9,17.7,9.5,29.6,892,311,461,3.97
Meat,Breakfast,20.3,60.5,17.6,3.8,44.7,413,162,500,3.47
Grains,Snack,28.1,20.3,21.9,5.6,19.5,382,212,504,5.6
Grains,Lunch,12.6,7.5,33.6,4.5,44.6,555,997,339,8.39
Fruits,Snack,12.4,39.6,29.6,5.9,46.4,875,644,302,5.77
Snacks,Dinner,38.1,25.4,35.4,1.8,35.1,697,891,220,8.89
Snacks,Lunch,8.4,56.2,42.2,1.1,13.5,716,891,514,8.28
Fruits,Breakfast,46.6,21.6,15.5,5.4,18.6,277,754,546,4.22
Snacks,Breakfast,11.8,95.6,36.0,4.2,2.7,521,483,421,8.33
Dairy,Breakfast,16.5,60.4,25.5,5.9,24.9,934,557,588,5.06
Snacks,Snack,37.3,9.6,36.3,6.5,10.8,315,789,104,10.83
Meat,Breakfast,15.2,40.3,3.9,6.7,35.7,235,765,493,0.79
Grains,Snack,45.4,33.3,48.2,3.6,20.3,298,566,530,12.3
Grains,Dinner,24.7,40.1,39.2,4.6,48.0,729,250,448,8.46
Grains,Lunch,23.6,7.3,13.8,3.4,6.0,943,357,471,4.23
Dairy,Dinner,44.4,28.0,47.2,9.7,30.7,959,150,455,12.02
Grains,Breakfast,47.5,92.0,21.6,8.8,24.9,912,193,293,4.7
Dairy,Snack,29.8,49.2,48.7,5.1,9.3,853,117,572,11.73
Meat,Breakfast,28.7,48.8,20.2,5.9,47.9,777,365,52,4.33
Fruits,Snack,37.1,40.1,33.3,0.1,6.8,458,370,464,8.78
Grains,Breakfast,4.9,55.3,49.2,5.2,4.2,39,387,207,10.64
Beverages,Dinner,45.6,59.4,35.2,4.3,2.4,640,828,447,9.93
Beverages,Breakfast,1.6,65.6,22.8,0.4,48.5,246,285,523,3.71
Meat,Lunch,34.8,39.0,20.5,4.0,11.5,909,739,481,5.13
Fruits,Lunch,13.8,6.4,31.9,0.4,25.8,584,799,70,8.42
Beverages,Snack,45.3,86.9,47.2,1.2,25.9,543,571,459,10.25
Beverages,Lunch,44.2,61.5,19.5,5.1,5.6,155,402,187,5.06
Vegetables,Lunch,12.4,37.9,14.9,4.5,47.8,609,650,275,2.92
Snacks,Dinner,21.9,31.2,17.7,8.6,25.2,260,905,412,4.02
Beverages,Dinner,5.6,70.3,35.6,1.2,41.2,905,182,523,6.11
Snacks,Snack,47.8,45.0,4.1,9.6,10.3,5,147,569,1.06
Snacks,Breakfast,11.0,76.3,29.2,4.9,36.8,436,546,365,5.27
Vegetables,Lunch,13.6,68.5,14.7,1.8,12.3,791,413,369,2.99
Vegetables,Snack,31.9,51.5,17.6,1.6,17.4,542,919,287,4.03
Meat,Dinner,45.1,52.7,44.9,8.7,5.6,559,899,319,11.93
Beverages,Dinner,14.5,30.1,45.4,5.4,39.3,943,318,174,9.49
Meat,Dinner,18.6,75.2,21.4,8.5,10.3,556,408,199,4.54
Meat,Breakfast,29.8,55.6,4.6,1.7,0.5,976,793,346,1.35
Fruits,Lunch,22.9,54.9,32.1,2.5,5.9,255,665,174,7.69
Fruits,Snack,36.5,23.8,21.6,0.8,48.9,757,876,63,5.37
Vegetables,Breakfast,26.2,58.9,11.9,3.3,43.0,482,319,564,2.45
Fruits,Dinner,20.9,27.3,29.6,9.9,30.9,919,914,442,6.74
