Food Category,Meal Type,Calories,Protein,Carbs,Fat,Saturated Fat,Fiber,Sugar,Sodium,Water
Grains,Breakfast,470.0,2.0,13.2,27.4,3.425563033873343,5.3,34.8,608.0,464.0
Fruits,Snack,455.0,41.3,19.6,42.7,3.425563033873343,9.8,15.5,942.0,757.0
DUCK,Snack,288.16438356164383,19.67855390113163,40.61089696247766,19.495898153662896,3.425563033873343,3.817492555002025,17.67285587016081,415.2783204288267,351.6871506849315
CRACKERS,Snack,288.16438356164383,19.67855390113163,40.61089696247766,19.495898153662896,3.425563033873343,3.817492555002025,17.67285587016081,415.2783204288267,351.6871506849315
Meat,Breakfast,123.0,42.0,66.0,19.7,3.425563033873343,2.4,45.7,985.0,667.0
LAMB,Snack,195.0,19.17,0.0,12.56,5.813,0.0,0.0,61.0,68.46
POLLOCK,Snack,118.0,24.92,0.0,1.26,0.17,0.0,0.0,110.0,72.03
Dairy,Lunch,236.0,22.4,31.5,24.7,3.425563033873343,4.1,35.7,718.0,989.0
RICE,Breakfast,288.16438356164383,19.67855390113163,40.61089696247766,19.495898153662896,3.425563033873343,3.817492555002025,17.67285587016081,415.2783204288267,351.6871506849315
Beverages,Breakfast,106.0,48.0,8.2,2.6,3.425563033873343,7.2,23.3,763.0,488.0
CRAB,Lunch,288.16438356164383,19.67855390113163,40.61089696247766,19.495898153662896,3.425563033873343,3.817492555002025,17.67285587016081,415.2783204288267,351.6871506849315
Meat,Dinner,567.0,38.9,60.9,24.7,3.425563033873343,0.2,24.7,575.0,247.0
Fruits,Breakfast,60.0,34.9,9.3,22.7,3.425563033873343,7.3,27.8,192.0,560.0
BEANS,Breakfast,127.0,8.67,22.8,0.5,0.072,7.400000095,0.319999993,2.0,66.94
Vegetables,Breakfast,422.0,23.4,13.7,25.0,3.425563033873343,2.2,27.0,462.0,208.0
TURKEY,Breakfast,196.0,18.11,0.0,13.11,3.66,0.0,0.0,66.0,67.78
LOUIS RICH,Dinner,288.16438356164383,19.67855390113163,40.61089696247766,19.495898153662896,3.425563033873343,3.817492555002025,17.67285587016081,415.2783204288267,351.6871506849315
CHICKEN,Dinner,288.16438356164383,19.67855390113163,40.61089696247766,19.495898153662896,3.425563033873343,3.817492555002025,17.67285587016081,415.2783204288267,351.6871506849315
Fruits,Dinner,86.0,45.4,41.9,19.2,3.425563033873343,9.6,40.7,177.0,860.0
RAISINS,Dinner,288.16438356164383,19.67855390113163,40.61089696247766,19.495898153662896,3.425563033873343,3.817492555002025,17.67285587016081,415.2783204288267,351.6871506849315
CAKE,Breakfast,288.16438356164383,19.67855390113163,40.61089696247766,19.495898153662896,3.425563033873343,3.817492555002025,17.67285587016081,415.2783204288267,351.6871506849315
GAME MEAT,Snack,288.16438356164383,19.67855390113163,40.61089696247766,19.495898153662896,3.425563033873343,3.817492555002025,17.67285587016081,415.2783204288267,351.6871506849315
PIZZA,Snack,288.16438356164383,19.67855390113163,40.61089696247766,19.495898153662896,3.425563033873343,3.817492555002025,17.67285587016081,415.2783204288267,351.6871506849315
Vegetables,Snack,379.0,27.7,29.6,16.6,3.425563033873343,6.7,41.9,379.0,827.0
Grains,Snack,318.0,17.5,18.6,49.8,3.425563033873343,3.7,48.3,584.0,702.0
Grains,Snack,100.0,45.8,29.1,34.2,3.425563033873343,5.7,4.6,148.0,780.0
FAST FOODS,Breakfast,288.16438356164383,19.67855390113163,40.61089696247766,19.495898153662896,3.425563033873343,3.817492555002025,17.67285587016081,415.2783204288267,351.6871506849315
CEREALS RTE,Dinner,337.0,11.37,78.76,2.21,0.45,12.0,0.939999998,6.0,6.1
Beverages,Snack,130.0,47.7,6.8,17.6,3.425563033873343,7.5,46.6,33.0,986.0
Dairy,Dinner,61.0,31.6,65.7,29.7,3.425563033873343,2.9,37.4,763.0,770.0
PORK,Breakfast,288.16438356164383,19.67855390113163,40.61089696247766,19.495898153662896,3.425563033873343,3.817492555002025,17.67285587016081,415.2783204288267,351.6871506849315
No Category,Snack,288.16438356164383,19.67855390113163,40.61089696247766,19.495898153662896,3.425563033873343,3.817492555002025,17.67285587016081,415.2783204288267,351.6871506849315
Meat,Dinner,478.0,10.0,18.3,47.1,3.425563033873343,1.4,12.0,241.0,727.0
MUSHROOMS,Dinner,288.16438356164383,19.67855390113163,40.61089696247766,19.495898153662896,3.425563033873343,3.817492555002025,17.67285587016081,415.2783204288267,351.6871506849315
Grains,Dinner,94.0,32.4,26.3,11.9,3.425563033873343,9.1,12.4,23.0,745.0
CEREALS,Dinner,288.16438356164383,19.67855390113163,40.61089696247766,19.495898153662896,3.425563033873343,3.817492555002025,17.67285587016081,415.2783204288267,351.6871506849315
Dairy,Lunch,290.0,9.1,75.5,6.4,3.425563033873343,4.9,14.0,328.0,903.0
SOUP,Lunch,288.16438356164383,19.67855390113163,40.61089696247766,19.495898153662896,3.425563033873343,3.817492555002025,17.67285587016081,415.2783204288267,351.6871506849315
Vegetables,Dinner,544.0,22.1,30.5,40.5,3.425563033873343,5.6,25.7,558.0,763.0
COWPEAS,Lunch,77.0,4.74,13.63,0.55,0.144,3.299999952,0.0,299.0,79.63
TOMATOES,Dinner,288.16438356164383,19.67855390113163,40.61089696247766,19.495898153662896,3.425563033873343,3.817492555002025,17.67285587016081,415.2783204288267,351.6871506849315
BEEF,Breakfast,288.16438356164383,19.67855390113163,40.61089696247766,19.495898153662896,3.425563033873343,3.817492555002025,17.67285587016081,415.2783204288267,351.6871506849315
CEREALS,Snack,371.0,13.7,68.18,6.87,1.11,9.399999619,1.419999957,3.0,9.37
Dairy,Dinner,299.0,17.1,44.3,31.7,3.425563033873343,3.0,9.0,284.0,978.0
Fruits,Lunch,346.0,21.1,74.5,20.0,3.425563033873343,3.7,11.8,434.0,356.0
BEEF,Snack,176.0,27.68,0.0,6.42,2.288,0.0,0.0,36.0,65.62
CEREALS RTE,Snack,415.0,4.8,79.7,8.8,1.6,5.5,42.40000153,475.0,2.5
BEEF,Dinner,236.0,12.18,0.0,20.35,7.01,0.0,0.0,96.0,67.8
SPINACH,Lunch,19.0,2.11,2.92,0.37,0.06,2.200000048,0.0,75.0,93.22
OSCAR MAYER,Breakfast,104.0,16.6,1.2,3.7,1.247,0.0,0.300000012,1348.0,74.6
POTATOES,Snack,86.0,1.71,20.01,0.1,0.026,2.0,0.850000024,241.0,77.46
ORANGE-FLAVOR DRK,Breakfast,49.0,0.03,12.21,0.14,0.022,0.0,11.90999985,10.0,87.18
Fruits,Lunch,226.0,18.2,13.8,43.3,3.425563033873343,3.7,12.9,403.0,882.0
PORK,Snack,288.16438356164383,19.67855390113163,40.61089696247766,19.495898153662896,3.425563033873343,3.817492555002025,17.67285587016081,415.2783204288267,351.6871506849315
Dairy,Snack,131.0,11.3,83.5,41.8,3.425563033873343,6.7,29.7,909.0,679.0
Beverages,Dinner,177.0,22.9,44.9,36.0,3.425563033873343,4.2,47.3,496.0,794.0
Fruits,Breakfast,67.0,2.4,33.4,20.5,3.425563033873343,4.6,7.9,440.0,208.0
Vegetables,Lunch,75.0,16.5,31.1,30.0,3.425563033873343,10.0,25.3,547.0,598.0
Snacks,Breakfast,83.0,14.1,50.8,12.9,3.425563033873343,9.9,31.9,702.0,402.0
Fruits,Dinner,206.0,8.9,18.5,5.7,3.425563033873343,0.2,11.3,182.0,549.0
DANISH PASTRY,Dinner,430.0,7.1,45.7,25.2,5.821,2.0,25.87000084,363.0,20.4
CHICKEN,Lunch,262.0,26.75,3.18,14.98,4.09,0.100000001,0.0,88.0,54.14
Beverages,Snack,592.0,40.8,73.2,18.5,3.425563033873343,4.6,42.8,228.0,940.0
SEAWEED,Snack,288.16438356164383,19.67855390113163,40.61089696247766,19.495898153662896,3.425563033873343,3.817492555002025,17.67285587016081,415.2783204288267,351.6871506849315
LIVER CHEESE,Lunch,288.16438356164383,19.67855390113163,40.61089696247766,19.495898153662896,3.425563033873343,3.817492555002025,17.67285587016081,415.2783204288267,351.6871506849315
BEEF,Snack,288.16438356164383,19.67855390113163,40.61089696247766,19.495898153662896,3.425563033873343,3.817492555002025,17.67285587016081,415.2783204288267,351.6871506849315
Dairy,Breakfast,61.0,49.2,5.9,5.9,3.425563033873343,4.5,41.2,683.0,809.0
Fruits,Dinner,304.0,43.2,16.3,36.3,3.425563033873343,2.2,25.8,265.0,858.0
DUCK,Breakfast,288.16438356164383,19.67855390113163,40.61089696247766,19.495898153662896,3.425563033873343,3.817492555002025,17.67285587016081,415.2783204288267,351.6871506849315
MORNINGSTAR FARMS MEATLESS CORN DOGS,Lunch,228.0,11.38,31.67,6.17,1.05,4.199999809,7.420000076,657.0,48.68
BEEF,Breakfast,257.0,26.8,0.0,15.75,6.202,0.0,0.0,54.0,56.81
POPEYES,Snack,203.0,24.2,0.6,11.5,3.361,0.0,0.0,474.0,61.37
Snacks,Breakfast,377.0,23.8,16.5,16.1,3.425563033873343,2.9,48.3,189.0,880.0
MARGARINE-LIKE SPRD,Dinner,339.0,0.51,0.66,37.77,8.637,0.0,0.0,589.0,59.55
CARROTS,Breakfast,35.0,0.76,8.22,0.18,0.03,3.0,3.450000048,58.0,90.17
MACARONI,Snack,158.0,5.8,30.86,0.93,0.176,1.799999952,0.560000002,1.0,62.13
BEEF,Lunch,288.16438356164383,19.67855390113163,40.61089696247766,19.495898153662896,3.425563033873343,3.817492555002025,17.67285587016081,415.2783204288267,351.6871506849315
PILLSBURY,Dinner,288.16438356164383,19.67855390113163,40.61089696247766,19.495898153662896,3.425563033873343,3.817492555002025,17.67285587016081,415.2783204288267,351.6871506849315
SOUR CREAM,Lunch,288.16438356164383,19.67855390113163,40.61089696247766,19.495898153662896,3.425563033873343,3.817492555002025,17.67285587016081,415.2783204288267,351.6871506849315
BASS,Dinner,288.16438356164383,19.67855390113163,40.61089696247766,19.495898153662896,3.425563033873343,3.817492555002025,17.67285587016081,415.2783204288267,351.6871506849315
TURKEY,Breakfast,288.16438356164383,19.67855390113163,40.61089696247766,19.495898153662896,3.425563033873343,3.817492555002025,17.67285587016081,415.2783204288267,351.6871506849315
No Category,Breakfast,88.0,2.35,17.65,1.18,0.0,0.600000024,12.35000038,15.0,77.59
PARSLEY,Snack,276.0,22.42,51.66,4.43,0.115,30.39999962,7.269999981,452.0,9.02
CHICKEN,Snack,288.16438356164383,19.67855390113163,40.61089696247766,19.495898153662896,3.425563033873343,3.817492555002025,17.67285587016081,415.2783204288267,351.6871506849315
Snacks,Dinner,347.0,37.0,7.8,40.0,3.425563033873343,2.7,3.5,732.0,130.0
Vegetables,Dinner,194.0,11.5,60.3,21.2,3.425563033873343,6.6,32.7,398.0,763.0
No Category,Lunch,134.0,14.59,1.79,7.65,2.48,0.0,0.430000007,883.0,72.98
Dairy,Snack,321.0,21.6,66.7,39.7,3.425563033873343,2.7,6.5,191.0,268.0
PINEAPPLE JUC,Snack,53.0,0.36,12.87,0.12,0.008,0.200000003,9.979999542,2.0,86.37
Beverages,Snack,120.0,13.7,68.6,37.2,3.425563033873343,0.7,16.5,738.0,106.0
CRACKERS,Breakfast,334.0,9.6,80.4,0.9,0.108,22.89999962,1.00999999,794.0,5.0
Beverages,Breakfast,342.0,44.2,75.8,29.7,3.425563033873343,6.6,2.4,25.0,250.0
FAST FOODS,Snack,288.16438356164383,19.67855390113163,40.61089696247766,19.495898153662896,3.425563033873343,3.817492555002025,17.67285587016081,415.2783204288267,351.6871506849315
CEREALS RTE,Snack,320.0,9.4,80.4,2.2,0.4,17.60000038,18.89999962,732.0,3.7
FROZEN YOGURTS,Dinner,288.16438356164383,19.67855390113163,40.61089696247766,19.495898153662896,3.425563033873343,3.817492555002025,17.67285587016081,415.2783204288267,351.6871506849315
BREAD,Snack,288.16438356164383,19.67855390113163,40.61089696247766,19.495898153662896,3.425563033873343,3.817492555002025,17.67285587016081,415.2783204288267,351.6871506849315
Snacks,Lunch,496.0,32.7,69.4,33.5,3.425563033873343,3.1,30.3,33.0,301.0
Beverages,Lunch,193.0,23.3,6.7,1.9,3.425563033873343,5.9,11.0,561.0,461.0
Grains,Snack,256.0,10.8,65.7,36.8,3.425563033873343,0.1,27.3,456.0,597.0
OIL,Lunch,884.0,0.0,0.0,100.0,6.203,0.0,0.0,0.0,0.0
PORK,Snack,288.16438356164383,19.67855390113163,40.61089696247766,19.495898153662896,3.425563033873343,3.817492555002025,17.67285587016081,415.2783204288267,351.6871506849315
Fruits,Snack,68.0,3.8,47.6,17.7,3.425563033873343,3.9,33.1,998.0,232.0
CEREALS RTE,Dinner,288.16438356164383,19.67855390113163,40.61089696247766,19.495898153662896,3.425563033873343,3.817492555002025,17.67285587016081,415.2783204288267,351.6871506849315
PORK,Dinner,288.16438356164383,19.67855390113163,40.61089696247766,19.495898153662896,3.425563033873343,3.817492555002025,17.67285587016081,415.2783204288267,351.6871506849315
Grains,Lunch,407.0,19.7,74.4,9.8,3.425563033873343,9.7,48.9,747.0,964.0
BREAD,Breakfast,288.16438356164383,19.67855390113163,40.61089696247766,19.495898153662896,3.425563033873343,3.817492555002025,17.67285587016081,415.2783204288267,351.6871506849315
Beverages,Breakfast,464.0,17.2,35.7,24.2,3.425563033873343,9.1,22.1,358.0,628.0
LASAGNA W/ MEAT & SAU,Snack,288.16438356164383,19.67855390113163,40.61089696247766,19.495898153662896,3.425563033873343,3.817492555002025,17.67285587016081,415.2783204288267,351.6871506849315
BABYFOOD,Breakfast,288.16438356164383,19.67855390113163,40.61089696247766,19.495898153662896,3.425563033873343,3.817492555002025,17.67285587016081,415.2783204288267,351.6871506849315
CREAMY DRSNG,Dinner,140.0,1.0,16.0,8.0,1.355,0.0,3.279999971,932.0,73.0
PUDDINGS,Breakfast,377.0,0.0,92.9,0.6,0.432,0.0,92.90000153,1441.0,2.6
RENNIN,Dinner,288.16438356164383,19.67855390113163,40.61089696247766,19.495898153662896,3.425563033873343,3.817492555002025,17.67285587016081,415.2783204288267,351.6871506849315
CARROTS,Snack,288.16438356164383,19.67855390113163,40.61089696247766,19.495898153662896,3.425563033873343,3.817492555002025,17.67285587016081,415.2783204288267,351.6871506849315
WHEAT FLR,Snack,288.16438356164383,19.67855390113163,40.61089696247766,19.495898153662896,3.425563033873343,3.817492555002025,17.67285587016081,415.2783204288267,351.6871506849315
Dairy,Breakfast,365.0,4.4,26.4,28.4,3.425563033873343,9.0,20.7,148.0,437.0
Beverages,Breakfast,108.0,40.3,57.2,25.5,3.425563033873343,7.1,29.9,250.0,324.0
LUXURY LOAF,Breakfast,141.0,18.4,4.9,4.8,1.58,0.0,0.0,1225.0,68.2
SPAGHETTI,Dinner,374.0,21.78,65.65,2.23,0.328,2.400000095,0.0,8.0,9.23
Dairy,Snack,272.0,17.7,10.7,33.1,3.425563033873343,6.5,19.4,882.0,469.0
Dairy,Snack,599.0,41.5,14.0,33.3,3.425563033873343,3.4,0.4,270.0,934.0
Vegetables,Dinner,205.0,26.8,6.9,45.1,3.425563033873343,8.5,2.6,598.0,595.0
FRUIT SALAD,Lunch,288.16438356164383,19.67855390113163,40.61089696247766,19.495898153662896,3.425563033873343,3.817492555002025,17.67285587016081,415.2783204288267,351.6871506849315
GAME MEAT,Snack,197.0,29.06,0.0,8.05,2.4,0.0,0.0,47.0,60.61
VEGETABLE OIL-BUTTER SPRD,Snack,450.0,1.0,1.0,50.0,16.669,0.0,0.0,607.0,46.0
Dairy,Snack,314.0,11.4,12.2,42.3,3.425563033873343,3.2,0.2,830.0,433.0
LIMEADE,Breakfast,247.0,0.0,62.32,0.0,0.0,0.0,59.95999908,0.0,37.46
GOURD,Snack,56.0,0.66,14.34,0.34,0.027,0.0,0.0,21.0,84.29
LAMB,Breakfast,288.16438356164383,19.67855390113163,40.61089696247766,19.495898153662896,3.425563033873343,3.817492555002025,17.67285587016081,415.2783204288267,351.6871506849315
Snacks,Snack,311.0,17.1,24.2,21.3,3.425563033873343,1.3,42.4,915.0,736.0
OIL,Dinner,880.0,0.0,0.0,99.5,71.444,0.0,0.0,6.0,0.04
CAMPBELL,Snack,56.0,3.17,8.73,1.59,0.397,2.400000095,0.790000021,460.0,85.7
Snacks,Snack,76.0,19.5,41.6,25.8,3.425563033873343,3.9,18.1,446.0,805.0
Vegetables,Dinner,465.0,14.1,69.6,49.9,3.425563033873343,7.9,46.6,701.0,976.0
Beverages,Dinner,114.0,42.2,9.7,24.9,3.425563033873343,6.7,34.2,685.0,999.0
INF FORM,Lunch,288.16438356164383,19.67855390113163,40.61089696247766,19.495898153662896,3.425563033873343,3.817492555002025,17.67285587016081,415.2783204288267,351.6871506849315
BEEF,Breakfast,288.16438356164383,19.67855390113163,40.61089696247766,19.495898153662896,3.425563033873343,3.817492555002025,17.67285587016081,415.2783204288267,351.6871506849315
DESSERTS,Dinner,84.0,1.0,19.8,0.1,0.041,0.0,0.0,26050.0,6.5
Meat,Snack,74.0,44.2,6.6,37.4,3.425563033873343,2.1,23.4,827.0,940.0
Dairy,Breakfast,68.0,39.2,11.4,40.8,3.425563033873343,2.3,20.1,833.0,247.0
No Category,Dinner,288.16438356164383,19.67855390113163,40.61089696247766,19.495898153662896,3.425563033873343,3.817492555002025,17.67285587016081,415.2783204288267,351.6871506849315
Beverages,Lunch,486.0,13.0,77.3,20.0,3.425563033873343,8.9,25.0,680.0,610.0
Fruits,Breakfast,412.0,43.9,25.9,14.1,3.425563033873343,0.4,39.6,143.0,921.0
Vegetables,Lunch,174.0,49.6,21.8,34.9,3.425563033873343,7.2,33.8,512.0,816.0
Grains,Snack,492.0,35.0,31.5,13.2,3.425563033873343,8.9,28.0,404.0,810.0
Fruits,Lunch,299.0,8.7,67.6,10.0,3.425563033873343,6.4,10.1,119.0,324.0
Beverages,Snack,205.0,21.9,93.7,31.7,3.425563033873343,9.4,27.0,349.0,245.0
Grains,Dinner,279.0,25.2,48.5,36.6,3.425563033873343,9.8,1.4,628.0,613.0
Snacks,Lunch,87.0,8.8,8.9,40.8,3.425563033873343,6.2,15.0,512.0,982.0
Vegetables,Lunch,374.0,13.9,15.2,39.0,3.425563033873343,2.6,18.1,868.0,970.0
CEREALS RTE,Breakfast,400.0,3.33,86.67,5.0,0.0,3.299999952,30.0,533.0,2.3
Fruits,Snack,112.0,39.7,30.7,46.5,3.425563033873343,9.7,32.0,236.0,613.0
TOASTER PASTRIES,Snack,422.0,5.0,68.32,14.8,2.26,1.299999952,30.79999924,369.0,10.5
Dairy,Dinner,420.0,18.6,93.4,47.9,3.425563033873343,2.9,28.1,572.0,179.0
Dairy,Lunch,499.0,4.1,16.5,26.2,3.425563033873343,8.3,2.5,950.0,434.0
Vegetables,Dinner,148.0,18.2,6.2,7.8,3.425563033873343,7.2,41.7,590.0,386.0
SOUR CREAM,Lunch,74.0,3.1,15.6,0.0,0.0,0.0,0.389999986,141.0,80.6
FAST FOODS,Snack,288.16438356164383,19.67855390113163,40.61089696247766,19.495898153662896,3.425563033873343,3.817492555002025,17.67285587016081,415.2783204288267,351.6871506849315
Meat,Dinner,177.0,29.1,38.4,23.5,3.425563033873343,6.6,39.9,265.0,847.0
LOUIS RICH,Dinner,288.16438356164383,19.67855390113163,40.61089696247766,19.495898153662896,3.425563033873343,3.817492555002025,17.67285587016081,415.2783204288267,351.6871506849315
Fruits,Breakfast,73.0,42.8,94.2,10.9,3.425563033873343,5.9,33.3,71.0,893.0
Vegetables,Lunch,223.0,38.3,79.7,15.7,3.425563033873343,2.5,32.6,203.0,722.0
EMU,Lunch,288.16438356164383,19.67855390113163,40.61089696247766,19.495898153662896,3.425563033873343,3.817492555002025,17.67285587016081,415.2783204288267,351.6871506849315
Grains,Snack,554.0,47.0,56.8,45.2,3.425563033873343,8.8,4.4,641.0,163.0
Snacks,Dinner,444.0,17.1,64.5,30.0,3.425563033873343,4.0,32.6,376.0,330.0
POTATOES,Lunch,260.0,2.83,30.15,14.95,4.544,4.5,0.0,490.0,49.94
Vegetables,Breakfast,441.0,6.1,21.0,46.9,3.425563033873343,5.1,38.6,781.0,693.0
Vegetables,Dinner,312.0,22.6,35.5,47.5,3.425563033873343,6.7,10.3,428.0,131.0
BEEF,Lunch,247.0,27.27,0.0,14.74,5.72,0.0,0.0,56.0,57.52
COCOA MIX,Dinner,398.0,6.67,83.73,4.0,2.377,3.700000048,65.55000305,504.0,1.5
LETTUCE,Lunch,15.0,1.36,2.79,0.15,0.02,1.299999952,0.779999971,28.0,95.07
Meat,Dinner,61.0,14.6,56.2,47.9,3.425563033873343,6.0,12.4,742.0,959.0
SCALLOP,Lunch,215.0,18.07,10.13,10.94,2.669,0.0,0.0,464.0,58.44
PORK,Dinner,288.16438356164383,19.67855390113163,40.61089696247766,19.495898153662896,3.425563033873343,3.817492555002025,17.67285587016081,415.2783204288267,351.6871506849315
CORN,Breakfast,419.0,14.48,66.27,10.64,1.974,20.5,21.31999969,4.0,6.36
No Category,Dinner,288.16438356164383,19.67855390113163,40.61089696247766,19.495898153662896,3.425563033873343,3.817492555002025,17.67285587016081,415.2783204288267,351.6871506849315
Snacks,Dinner,337.0,46.3,62.9,5.9,3.425563033873343,8.6,18.2,690.0,716.0
CORN,Snack,72.0,1.74,18.13,0.42,0.065,1.200000048,3.230000019,3.0,78.73
Dairy,Breakfast,394.0,48.4,32.5,13.1,3.425563033873343,5.8,36.8,259.0,102.0
Beverages,Lunch,559.0,26.1,39.1,40.7,3.425563033873343,8.0,31.7,281.0,874.0
POTATOES,Dinner,198.0,4.29,46.06,0.1,0.026,7.900000095,1.399999976,257.0,47.31
Dairy,Breakfast,296.0,47.2,28.2,34.1,3.425563033873343,2.7,15.0,603.0,884.0
Beverages,Snack,379.0,9.5,90.7,21.3,3.425563033873343,4.8,44.9,790.0,703.0
CAMPBELL SOUP COMPANY,Dinner,67.0,4.17,10.83,0.0,0.0,4.199999809,2.5,575.0,82.7
Grains,Lunch,546.0,2.8,79.1,6.7,3.425563033873343,4.6,3.4,92.0,139.0
SOUP,Snack,288.16438356164383,19.67855390113163,40.61089696247766,19.495898153662896,3.425563033873343,3.817492555002025,17.67285587016081,415.2783204288267,351.6871506849315
RICE BOWL W/ CHICK,Dinner,288.16438356164383,19.67855390113163,40.61089696247766,19.495898153662896,3.425563033873343,3.817492555002025,17.67285587016081,415.2783204288267,351.6871506849315
Beverages,Snack,135.0,17.1,52.0,39.3,3.425563033873343,8.5,16.1,876.0,816.0
PORK,Snack,145.0,20.57,0.0,6.31,2.18,0.0,0.0,50.0,71.93
EGG,Dinner,317.0,15.86,3.59,26.54,9.551,0.0,0.560000002,48.0,52.31
Vegetables,Dinner,69.0,33.2,7.8,8.1,3.425563033873343,3.9,27.6,493.0,449.0
COOKIES,Dinner,288.16438356164383,19.67855390113163,40.61089696247766,19.495898153662896,3.425563033873343,3.817492555002025,17.67285587016081,415.2783204288267,351.6871506849315
Vegetables,Snack,572.0,15.3,42.6,37.2,3.425563033873343,0.5,7.7,381.0,161.0
BEEF,Lunch,288.16438356164383,19.67855390113163,40.61089696247766,19.495898153662896,3.425563033873343,3.817492555002025,17.67285587016081,415.2783204288267,351.6871506849315
CAMPBELL SOUP COMPANY,Snack,69.0,3.17,12.3,0.79,0.397,1.200000048,4.760000229,353.0,82.4
MARGARINE-LIKE SPRD,Lunch,288.16438356164383,19.67855390113163,40.61089696247766,19.495898153662896,3.425563033873343,3.817492555002025,17.67285587016081,415.2783204288267,351.6871506849315
CEREALS RTE,Breakfast,288.16438356164383,19.67855390113163,40.61089696247766,19.495898153662896,3.425563033873343,3.817492555002025,17.67285587016081,415.2783204288267,351.6871506849315
SALAD DRSNG,Snack,449.0,0.0,2.5,50.1,9.1,0.0,2.5,1.0,47.4
Snacks,Lunch,374.0,7.1,41.8,30.8,3.425563033873343,1.5,33.1,189.0,586.0
POTATO,Breakfast,288.16438356164383,19.67855390113163,40.61089696247766,19.495898153662896,3.425563033873343,3.817492555002025,17.67285587016081,415.2783204288267,351.6871506849315
Snacks,Dinner,426.0,24.3,58.3,9.1,3.425563033873343,5.5,39.6,7.0,287.0
Vegetables,Dinner,361.0,48.1,29.3,6.4,3.425563033873343,2.4,10.0,755.0,975.0
Fruits,Breakfast,229.0,43.4,37.6,23.5,3.425563033873343,4.8,25.4,469.0,341.0
AGUTUK,Breakfast,258.0,21.7,0.9,18.6,5.1,0.0,0.0,95.0,55.2
MCDONALD'S,Dinner,288.16438356164383,19.67855390113163,40.61089696247766,19.495898153662896,3.425563033873343,3.817492555002025,17.67285587016081,415.2783204288267,351.6871506849315
Meat,Lunch,464.0,4.5,9.5,12.1,3.425563033873343,1.5,17.6,80.0,509.0
Fruits,Lunch,124.0,10.4,96.8,42.6,3.425563033873343,4.5,7.0,616.0,940.0
MORNINGSTAR FARMS CHIK'N NUGGETS,Breakfast,218.0,14.19,20.79,8.72,1.19,2.299999952,1.299999952,657.0,53.0
Dairy,Breakfast,517.0,4.9,41.5,35.9,3.425563033873343,5.0,26.1,649.0,244.0
Snacks,Breakfast,285.0,29.4,26.8,30.3,3.425563033873343,2.6,4.3,57.0,550.0
OSCAR MAYER,Lunch,288.16438356164383,19.67855390113163,40.61089696247766,19.495898153662896,3.425563033873343,3.817492555002025,17.67285587016081,415.2783204288267,351.6871506849315
Beverages,Lunch,459.0,29.9,99.6,47.1,3.425563033873343,2.0,4.1,158.0,369.0
Vegetables,Snack,127.0,9.8,51.5,6.6,3.425563033873343,5.7,29.2,252.0,975.0
No Category,Lunch,288.16438356164383,19.67855390113163,40.61089696247766,19.495898153662896,3.425563033873343,3.817492555002025,17.67285587016081,415.2783204288267,351.6871506849315
Beverages,Lunch,231.0,41.3,10.8,45.7,3.425563033873343,2.7,8.7,804.0,295.0
FISH,Lunch,107.0,18.6,0.0,3.6,0.0,0.0,0.0,0.0,76.3
CHICKEN,Breakfast,288.16438356164383,19.67855390113163,40.61089696247766,19.495898153662896,3.425563033873343,3.817492555002025,17.67285587016081,415.2783204288267,351.6871506849315
GELATIN DSSRT,Dinner,288.16438356164383,19.67855390113163,40.61089696247766,19.495898153662896,3.425563033873343,3.817492555002025,17.67285587016081,415.2783204288267,351.6871506849315
CHEESE,Breakfast,288.16438356164383,19.67855390113163,40.61089696247766,19.495898153662896,3.425563033873343,3.817492555002025,17.67285587016081,415.2783204288267,351.6871506849315
Grains,Breakfast,92.0,9.4,46.3,21.6,3.425563033873343,0.3,27.7,378.0,762.0
ROSE HIPS,Snack,162.0,1.6,38.22,0.34,0.0,24.10000038,2.579999924,4.0,58.66
Vegetables,Snack,379.0,4.3,85.1,13.2,3.425563033873343,5.3,12.8,988.0,142.0
Grains,Snack,92.0,9.5,45.3,30.7,3.425563033873343,3.1,41.0,919.0,854.0
Grains,Snack,249.0,19.8,60.0,5.8,3.425563033873343,8.2,23.0,853.0,154.0
CANDIES,Breakfast,288.16438356164383,19.67855390113163,40.61089696247766,19.495898153662896,3.425563033873343,3.817492555002025,17.67285587016081,415.2783204288267,351.6871506849315
Grains,Breakfast,381.0,4.8,46.9,44.2,3.425563033873343,5.0,18.4,881.0,331.0
LAMB,Breakfast,288.16438356164383,19.67855390113163,40.61089696247766,19.495898153662896,3.425563033873343,3.817492555002025,17.67285587016081,415.2783204288267,351.6871506849315
Vegetables,Breakfast,576.0,40.9,72.2,47.5,3.425563033873343,5.7,10.0,490.0,427.0
No Category,Snack,288.16438356164383,19.67855390113163,40.61089696247766,19.495898153662896,3.425563033873343,3.817492555002025,17.67285587016081,415.2783204288267,351.6871506849315
SOY MEAL,Snack,339.0,44.95,40.14,2.39,0.268,0.0,0.0,3.0,6.94
Snacks,Dinner,170.0,22.4,15.3,48.3,3.425563033873343,4.3,17.4,337.0,646.0
FROSTINGS,Breakfast,415.0,0.1,67.32,17.3,4.545,0.0,63.54000092,191.0,15.1
SHARK,Dinner,288.16438356164383,19.67855390113163,40.61089696247766,19.495898153662896,3.425563033873343,3.817492555002025,17.67285587016081,415.2783204288267,351.6871506849315
LITCHIS,Lunch,288.16438356164383,19.67855390113163,40.61089696247766,19.495898153662896,3.425563033873343,3.817492555002025,17.67285587016081,415.2783204288267,351.6871506849315
OIL,Breakfast,884.0,0.0,0.0,100.0,10.3,0.0,0.0,0.0,0.0
Dairy,Dinner,142.0,28.1,25.1,11.6,3.425563033873343,5.3,24.8,96.0,455.0
BABYFOOD,Dinner,47.0,0.4,11.5,0.1,0.016,0.100000001,10.02999973,4.0,87.6
CINNAMON,Snack,288.16438356164383,19.67855390113163,40.61089696247766,19.495898153662896,3.425563033873343,3.817492555002025,17.67285587016081,415.2783204288267,351.6871506849315
Grains,Breakfast,198.0,47.5,59.3,7.3,3.425563033873343,2.7,40.4,54.0,995.0
CEREALS,Lunch,288.16438356164383,19.67855390113163,40.61089696247766,19.495898153662896,3.425563033873343,3.817492555002025,17.67285587016081,415.2783204288267,351.6871506849315
VEAL,Breakfast,120.0,19.97,0.0,3.89,1.17,0.0,0.0,95.0,75.18
Beverages,Snack,584.0,25.2,68.4,8.4,3.425563033873343,7.6,12.9,673.0,217.0
Snacks,Dinner,185.0,27.3,87.1,26.8,3.425563033873343,3.6,28.0,344.0,952.0
PORK,Dinner,222.0,24.42,0.0,13.04,4.486,0.0,0.0,55.0,61.66
Fruits,Dinner,176.0,42.0,98.9,43.9,3.425563033873343,5.6,29.1,445.0,471.0
TOFU,Snack,145.0,15.78,4.27,8.72,1.261,2.299999952,0.0,14.0,69.83
Fruits,Breakfast,171.0,1.1,97.5,1.8,3.425563033873343,6.0,20.5,497.0,608.0
Snacks,Dinner,505.0,21.0,51.5,14.2,3.425563033873343,8.6,27.6,693.0,129.0
Fruits,Lunch,280.0,48.0,31.8,15.6,3.425563033873343,8.0,41.8,691.0,589.0
PORK,Lunch,288.16438356164383,19.67855390113163,40.61089696247766,19.495898153662896,3.425563033873343,3.817492555002025,17.67285587016081,415.2783204288267,351.6871506849315
Snacks,Lunch,560.0,1.8,73.6,21.5,3.425563033873343,7.2,42.1,607.0,495.0
Dairy,Snack,353.0,34.1,87.5,47.0,3.425563033873343,3.3,17.0,172.0,786.0
MCDONALD'S,Dinner,288.16438356164383,19.67855390113163,40.61089696247766,19.495898153662896,3.425563033873343,3.817492555002025,17.67285587016081,415.2783204288267,351.6871506849315
CEREALS RTE,Breakfast,288.16438356164383,19.67855390113163,40.61089696247766,19.495898153662896,3.425563033873343,3.817492555002025,17.67285587016081,415.2783204288267,351.6871506849315
TURKEY,Breakfast,133.0,23.09,0.0,3.81,1.02,0.0,0.0,50.0,72.49
NOODLES,Snack,351.0,0.16,86.09,0.06,0.017,0.5,0.0,10.0,13.42
CAULIFLOWER,Snack,288.16438356164383,19.67855390113163,40.61089696247766,19.495898153662896,3.425563033873343,3.817492555002025,17.67285587016081,415.2783204288267,351.6871506849315
YACHTWURST,Lunch,288.16438356164383,19.67855390113163,40.61089696247766,19.495898153662896,3.425563033873343,3.817492555002025,17.67285587016081,415.2783204288267,351.6871506849315
Vegetables,Snack,60.0,1.9,69.3,28.8,3.425563033873343,1.6,9.4,607.0,496.0
CEREALS,Snack,59.0,1.42,12.87,0.19,0.025,0.300000012,0.100000001,223.0,85.35
Snacks,Snack,226.0,24.2,45.4,3.7,3.425563033873343,5.0,37.2,596.0,476.0
Vegetables,Breakfast,517.0,11.9,39.4,29.3,3.425563033873343,2.3,48.1,547.0,131.0
CANDIES,Breakfast,288.16438356164383,19.67855390113163,40.61089696247766,19.495898153662896,3.425563033873343,3.817492555002025,17.67285587016081,415.2783204288267,351.6871506849315
Snacks,Snack,443.0,49.8,50.2,33.4,3.425563033873343,5.2,11.8,484.0,469.0
PEACHES,Breakfast,288.16438356164383,19.67855390113163,40.61089696247766,19.495898153662896,3.425563033873343,3.817492555002025,17.67285587016081,415.2783204288267,351.6871506849315
FLATFISH (FLOUNDER&SOLE SP),Lunch,91.0,18.84,0.0,1.19,0.283,0.0,0.0,81.0,79.06
No Category,Snack,288.16438356164383,19.67855390113163,40.61089696247766,19.495898153662896,3.425563033873343,3.817492555002025,17.67285587016081,415.2783204288267,351.6871506849315
CEREALS RTE,Dinner,288.16438356164383,19.67855390113163,40.61089696247766,19.495898153662896,3.425563033873343,3.817492555002025,17.67285587016081,415.2783204288267,351.6871506849315
CHICKEN,Dinner,158.0,27.15,0.43,4.5,1.322,0.0,0.0,67.0,67.72
USDA CMDTY FD,Snack,884.0,0.0,0.0,100.0,23.243,0.0,0.0,0.0,0.0
KENTUCKY FRIED CHICK,Lunch,288.16438356164383,19.67855390113163,40.61089696247766,19.495898153662896,3.425563033873343,3.817492555002025,17.67285587016081,415.2783204288267,351.6871506849315
Grains,Lunch,233.0,39.6,53.4,44.6,3.425563033873343,8.7,38.4,433.0,929.0
Fruits,Lunch,141.0,19.8,8.2,46.5,3.425563033873343,9.0,18.3,803.0,101.0
Vegetables,Breakfast,164.0,48.0,49.4,27.8,3.425563033873343,6.9,47.4,735.0,413.0
Vegetables,Snack,86.0,23.5,40.0,47.6,3.425563033873343,3.7,23.3,49.0,283.0
Grains,Breakfast,523.0,24.1,39.8,10.1,3.425563033873343,6.9,35.1,933.0,944.0
SANDWICH SPREAD,Dinner,149.0,8.0,9.0,9.0,1.425,3.299999952,4.579999924,630.0,70.0
Snacks,Dinner,185.0,27.3,87.1,26.8,3.425563033873343,3.6,28.0,344.0,952.0
PLUMS,Lunch,63.0,0.37,16.28,0.1,0.008,0.899999976,15.35000038,20.0,83.0
Meat,Dinner,297.0,35.0,42.0,1.0,3.425563033873343,8.6,8.6,738.0,458.0
GAME MEAT,Dinner,221.0,30.2,0.0,10.2,1.206,0.0,0.0,58.0,58.3
FAST FOODS,Dinner,283.0,13.25,21.26,16.18,4.685,0.0,0.0,526.0,47.31
CEREALS RTE,Breakfast,288.16438356164383,19.67855390113163,40.61089696247766,19.495898153662896,3.425563033873343,3.817492555002025,17.67285587016081,415.2783204288267,351.6871506849315
DOUGHNUTS,Snack,288.16438356164383,19.67855390113163,40.61089696247766,19.495898153662896,3.425563033873343,3.817492555002025,17.67285587016081,415.2783204288267,351.6871506849315
Dairy,Lunch,111.0,4.2,38.7,20.0,3.425563033873343,7.5,6.9,743.0,659.0
Beverages,Snack,257.0,37.8,82.9,26.4,3.425563033873343,8.9,35.2,932.0,476.0
Fruits,Lunch,84.0,4.5,23.7,20.8,3.425563033873343,0.5,14.5,691.0,940.0
RASPBERRIES,Lunch,288.16438356164383,19.67855390113163,40.61089696247766,19.495898153662896,3.425563033873343,3.817492555002025,17.67285587016081,415.2783204288267,351.6871506849315
RADISHES,Dinner,17.0,0.67,3.43,0.24,0.073,1.600000024,1.830000043,249.0,95.04
JELLIES,Breakfast,288.16438356164383,19.67855390113163,40.61089696247766,19.495898153662896,3.425563033873343,3.817492555002025,17.67285587016081,415.2783204288267,351.6871506849315
Fruits,Snack,514.0,26.5,19.3,44.3,3.425563033873343,3.8,10.4,182.0,363.0
POTATOES,Dinner,58.0,2.57,12.44,0.1,0.026,2.5,0.0,10.0,83.29
Beverages,Breakfast,427.0,32.1,11.7,37.4,3.425563033873343,2.7,15.0,885.0,633.0
Grains,Breakfast,260.0,38.0,69.8,35.2,3.425563033873343,3.5,44.2,382.0,818.0
SOUP,Breakfast,288.16438356164383,19.67855390113163,40.61089696247766,19.495898153662896,3.425563033873343,3.817492555002025,17.67285587016081,415.2783204288267,351.6871506849315
SALMON,Lunch,288.16438356164383,19.67855390113163,40.61089696247766,19.495898153662896,3.425563033873343,3.817492555002025,17.67285587016081,415.2783204288267,351.6871506849315
FAST FOODS,Lunch,288.16438356164383,19.67855390113163,40.61089696247766,19.495898153662896,3.425563033873343,3.817492555002025,17.67285587016081,415.2783204288267,351.6871506849315
Vegetables,Dinner,367.0,6.1,99.5,41.3,3.425563033873343,9.4,39.0,962.0,312.0
CRACKERS,Dinner,407.0,13.5,72.3,7.2,1.376,0.0,0.0,253.0,5.5
ICE CREAMS,Dinner,137.0,3.3,30.51,2.2,1.41,5.400000095,20.93000031,73.0,63.42
Meat,Lunch,445.0,8.4,56.1,34.0,3.425563033873343,9.9,13.5,181.0,720.0
PIE CRUST,Breakfast,288.16438356164383,19.67855390113163,40.61089696247766,19.495898153662896,3.425563033873343,3.817492555002025,17.67285587016081,415.2783204288267,351.6871506849315
LIMA BNS,Dinner,105.0,6.65,19.45,0.3,0.068,6.0,1.370000005,29.0,72.35
Vegetables,Snack,435.0,43.1,18.8,46.3,3.425563033873343,4.4,7.6,310.0,248.0
Beverages,Dinner,169.0,2.8,15.3,15.3,3.425563033873343,3.4,15.5,115.0,508.0
PORK,Snack,288.16438356164383,19.67855390113163,40.61089696247766,19.495898153662896,3.425563033873343,3.817492555002025,17.67285587016081,415.2783204288267,351.6871506849315
TOASTER PASTRIES,Breakfast,288.16438356164383,19.67855390113163,40.61089696247766,19.495898153662896,3.425563033873343,3.817492555002025,17.67285587016081,415.2783204288267,351.6871506849315
Dairy,Dinner,445.0,24.6,32.6,46.4,3.425563033873343,3.6,8.3,284.0,638.0
APPLE JUC,Snack,288.16438356164383,19.67855390113163,40.61089696247766,19.495898153662896,3.425563033873343,3.817492555002025,17.67285587016081,415.2783204288267,351.6871506849315
MILK,Dinner,46.0,1.6,5.3,2.0,0.254,0.0,5.300000191,55.0,90.0
DANDELION GRNS,Dinner,288.16438356164383,19.67855390113163,40.61089696247766,19.495898153662896,3.425563033873343,3.817492555002025,17.67285587016081,415.2783204288267,351.6871506849315
Fruits,Lunch,500.0,33.9,75.8,47.0,3.425563033873343,7.8,19.4,358.0,471.0
Meat,Breakfast,119.0,7.4,9.5,20.7,3.425563033873343,6.0,7.7,214.0,169.0
Grains,Breakfast,484.0,30.3,80.3,18.2,3.425563033873343,9.8,2.6,83.0,287.0
LAMB,Snack,219.0,25.49,0.0,12.25,5.572,0.0,0.0,78.0,62.0
BEET GRNS,Lunch,288.16438356164383,19.67855390113163,40.61089696247766,19.495898153662896,3.425563033873343,3.817492555002025,17.67285587016081,415.2783204288267,351.6871506849315
Fruits,Snack,215.0,43.6,20.5,44.8,3.425563033873343,1.6,41.8,138.0,230.0
No Category,Lunch,40.0,0.8,8.7,0.2,0.0,0.400000006,0.180000007,140.0,90.16
PIE CRUST,Snack,288.16438356164383,19.67855390113163,40.61089696247766,19.495898153662896,3.425563033873343,3.817492555002025,17.67285587016081,415.2783204288267,351.6871506849315
Grains,Breakfast,98.0,4.4,70.9,5.0,3.425563033873343,2.5,43.0,820.0,747.0
Snacks,Dinner,164.0,10.4,17.9,10.6,3.425563033873343,9.3,49.1,179.0,469.0
Snacks,Lunch,86.0,24.2,32.2,6.4,3.425563033873343,0.0,48.0,812.0,627.0
BEEF,Snack,288.16438356164383,19.67855390113163,40.61089696247766,19.495898153662896,3.425563033873343,3.817492555002025,17.67285587016081,415.2783204288267,351.6871506849315
Snacks,Lunch,551.0,6.1,99.9,47.5,3.425563033873343,6.6,48.7,9.0,656.0
Macaroni and Cheese,Breakfast,82.0,3.38,11.52,2.46,0.881,0.5,0.5,421.0,81.39
SOUP,Breakfast,288.16438356164383,19.67855390113163,40.61089696247766,19.495898153662896,3.425563033873343,3.817492555002025,17.67285587016081,415.2783204288267,351.6871506849315
Grains,Lunch,95.0,2.7,67.5,14.2,3.425563033873343,3.6,33.9,430.0,859.0
SILK COFFEE,Dinner,288.16438356164383,19.67855390113163,40.61089696247766,19.495898153662896,3.425563033873343,3.817492555002025,17.67285587016081,415.2783204288267,351.6871506849315
SUCKER,Breakfast,119.0,21.49,0.0,2.97,0.579,0.0,0.0,51.0,73.99
BEANS,Snack,288.16438356164383,19.67855390113163,40.61089696247766,19.495898153662896,3.425563033873343,3.817492555002025,17.67285587016081,415.2783204288267,351.6871506849315
ORANGE JUC,Snack,44.0,0.8,10.06,0.27,0.029,0.200000003,0.0,1.0,88.4
SHORTENING,Lunch,884.0,0.0,0.0,100.0,20.001,0.0,0.0,0.0,0.0
PUDDINGS,Dinner,378.0,0.0,95.4,0.7,0.1,0.0,0.0,1332.0,0.7
Beverages,Breakfast,384.0,9.3,13.8,5.9,3.425563033873343,7.9,27.1,441.0,795.0
Snacks,Snack,144.0,17.4,39.1,7.7,3.425563033873343,5.6,49.3,13.0,608.0
BEEF,Snack,288.16438356164383,19.67855390113163,40.61089696247766,19.495898153662896,3.425563033873343,3.817492555002025,17.67285587016081,415.2783204288267,351.6871506849315
Fruits,Dinner,281.0,4.8,84.5,27.1,3.425563033873343,5.8,41.9,756.0,296.0
Snacks,Lunch,481.0,38.6,36.8,12.2,3.425563033873343,8.1,22.2,263.0,829.0
Fruits,Snack,86.0,18.8,73.0,42.5,3.425563033873343,3.8,1.8,344.0,540.0
PIGEONPEAS,Snack,288.16438356164383,19.67855390113163,40.61089696247766,19.495898153662896,3.425563033873343,3.817492555002025,17.67285587016081,415.2783204288267,351.6871506849315
CEREALS RTE,Snack,400.0,3.33,88.82,3.33,0.522,0.899999976,46.66999817,633.0,2.02
BEEF,Breakfast,332.0,14.35,0.0,30.0,11.289,0.0,0.0,67.0,54.38
DESSERTS,Lunch,288.16438356164383,19.67855390113163,40.61089696247766,19.495898153662896,3.425563033873343,3.817492555002025,17.67285587016081,415.2783204288267,351.6871506849315
Fruits,Lunch,279.0,9.9,78.4,28.7,3.425563033873343,0.5,40.7,507.0,375.0
Dairy,Breakfast,376.0,9.3,45.3,27.7,3.425563033873343,9.0,5.6,445.0,706.0
Fruits,Breakfast,323.0,34.6,65.4,6.3,3.425563033873343,4.3,27.1,327.0,639.0
Fruits,Snack,584.0,11.6,45.2,47.6,3.425563033873343,4.0,1.4,642.0,633.0
WHALE,Lunch,288.16438356164383,19.67855390113163,40.61089696247766,19.495898153662896,3.425563033873343,3.817492555002025,17.67285587016081,415.2783204288267,351.6871506849315
TANGERINES,Dinner,53.0,0.81,13.34,0.31,0.039,1.799999952,10.57999992,2.0,85.17
TOASTER PASTRIES,Lunch,288.16438356164383,19.67855390113163,40.61089696247766,19.495898153662896,3.425563033873343,3.817492555002025,17.67285587016081,415.2783204288267,351.6871506849315
SALAD DRSNG,Dinner,233.0,0.58,29.28,13.46,1.099,1.100000024,28.45000076,30.0,54.28
APRICOTS,Breakfast,113.0,1.17,29.26,0.15,0.01,4.099999905,0.0,3.0,68.45
RICE,Breakfast,130.0,2.36,28.73,0.19,0.051,0.0,0.0,0.0,68.53
Grains,Dinner,63.0,7.4,30.3,18.0,3.425563033873343,9.4,13.6,646.0,886.0
REFRIED BNS,Dinner,288.16438356164383,19.67855390113163,40.61089696247766,19.495898153662896,3.425563033873343,3.817492555002025,17.67285587016081,415.2783204288267,351.6871506849315
CATFISH,Breakfast,105.0,18.47,0.0,2.85,0.744,0.0,0.0,50.0,77.67
BABYFOOD,Breakfast,77.0,4.2,10.0,2.1,0.0,0.0,0.0,454.0,82.3
CHICKEN,Breakfast,187.0,18.15,0.0,12.12,3.41,0.0,0.0,79.0,69.91
Grains,Breakfast,55.0,42.3,95.2,39.3,3.425563033873343,1.9,21.0,658.0,336.0
Vegetables,Breakfast,223.0,18.6,95.6,13.0,3.425563033873343,10.0,46.3,936.0,231.0
BEEF,Breakfast,316.0,16.26,0.0,27.29,11.29,0.0,0.0,55.0,54.51
Fruits,Dinner,185.0,46.2,82.6,35.5,3.425563033873343,3.8,36.2,287.0,572.0
POTATOES,Lunch,288.16438356164383,19.67855390113163,40.61089696247766,19.495898153662896,3.425563033873343,3.817492555002025,17.67285587016081,415.2783204288267,351.6871506849315
BEEF,Dinner,159.0,21.3,0.0,7.57,2.98,0.0,0.0,62.0,70.06
Dairy,Snack,156.0,1.0,83.5,16.8,3.425563033873343,1.7,16.6,331.0,515.0
EMU,Lunch,288.16438356164383,19.67855390113163,40.61089696247766,19.495898153662896,3.425563033873343,3.817492555002025,17.67285587016081,415.2783204288267,351.6871506849315
Grains,Lunch,152.0,24.3,59.1,48.7,3.425563033873343,7.0,15.6,983.0,923.0
PEAS,Snack,288.16438356164383,19.67855390113163,40.61089696247766,19.495898153662896,3.425563033873343,3.817492555002025,17.67285587016081,415.2783204288267,351.6871506849315
BABYFOOD,Dinner,288.16438356164383,19.67855390113163,40.61089696247766,19.495898153662896,3.425563033873343,3.817492555002025,17.67285587016081,415.2783204288267,351.6871506849315
PILLSBURY GRANDS,Lunch,317.0,6.9,41.38,13.79,5.172,1.200000048,6.900000095,1034.0,33.5
Dairy,Snack,506.0,26.9,7.7,16.0,3.425563033873343,6.5,30.8,37.0,451.0
Fruits,Snack,514.0,26.5,19.3,44.3,3.425563033873343,3.8,10.4,182.0,363.0
OIL,Breakfast,288.16438356164383,19.67855390113163,40.61089696247766,19.495898153662896,3.425563033873343,3.817492555002025,17.67285587016081,415.2783204288267,351.6871506849315
Meat,Snack,166.0,29.5,94.7,46.3,3.425563033873343,7.7,4.4,600.0,867.0
SPICES,Lunch,288.16438356164383,19.67855390113163,40.61089696247766,19.495898153662896,3.425563033873343,3.817492555002025,17.67285587016081,415.2783204288267,351.6871506849315
PUMPKIN&SQUASH SD KRNLS,Dinner,522.0,32.97,13.43,42.13,7.97,3.900000095,2.299999952,575.0,7.1
Meat,Dinner,298.0,42.6,47.5,14.2,3.425563033873343,5.0,26.3,800.0,392.0
HYACINTH-BEANS,Dinner,288.16438356164383,19.67855390113163,40.61089696247766,19.495898153662896,3.425563033873343,3.817492555002025,17.67285587016081,415.2783204288267,351.6871506849315
ICE CREAMS,Lunch,288.16438356164383,19.67855390113163,40.61089696247766,19.495898153662896,3.425563033873343,3.817492555002025,17.67285587016081,415.2783204288267,351.6871506849315
Vegetables,Snack,379.0,27.7,29.6,16.6,3.425563033873343,6.7,41.9,379.0,827.0
Grains,Lunch,372.0,28.4,79.1,35.9,3.425563033873343,9.1,48.3,359.0,840.0
Fruits,Breakfast,284.0,25.4,6.8,35.6,3.425563033873343,1.4,42.9,557.0,908.0
CEREALS RTE,Lunch,288.16438356164383,19.67855390113163,40.61089696247766,19.495898153662896,3.425563033873343,3.817492555002025,17.67285587016081,415.2783204288267,351.6871506849315
Beverages,Dinner,502.0,31.2,26.1,32.1,3.425563033873343,3.8,6.9,769.0,228.0
Meat,Dinner,277.0,42.4,66.0,35.6,3.425563033873343,4.1,26.8,756.0,577.0
SALAD DRSNG,Snack,288.16438356164383,19.67855390113163,40.61089696247766,19.495898153662896,3.425563033873343,3.817492555002025,17.67285587016081,415.2783204288267,351.6871506849315
MUFFINS,Breakfast,288.16438356164383,19.67855390113163,40.61089696247766,19.495898153662896,3.425563033873343,3.817492555002025,17.67285587016081,415.2783204288267,351.6871506849315
CEREALS,Snack,288.16438356164383,19.67855390113163,40.61089696247766,19.495898153662896,3.425563033873343,3.817492555002025,17.67285587016081,415.2783204288267,351.6871506849315
Beverages,Snack,272.0,42.7,40.6,26.9,3.425563033873343,3.2,10.3,229.0,614.0
BEEF,Breakfast,288.16438356164383,19.67855390113163,40.61089696247766,19.495898153662896,3.425563033873343,3.817492555002025,17.67285587016081,415.2783204288267,351.6871506849315
CORN,Lunch,365.0,9.42,74.26,4.74,0.667,7.300000191,0.639999986,35.0,10.37
CHEESE,Breakfast,375.0,22.13,1.73,31.2,19.663,0.100000001,0.629999995,1428.0,39.08
BEEF,Dinner,288.16438356164383,19.67855390113163,40.61089696247766,19.495898153662896,3.425563033873343,3.817492555002025,17.67285587016081,415.2783204288267,351.6871506849315
CATFISH,Dinner,95.0,16.38,0.0,2.82,0.722,0.0,0.0,43.0,80.36
Dairy,Lunch,129.0,43.0,31.7,45.5,3.425563033873343,7.7,43.2,117.0,224.0
MUSHROOMS,Lunch,288.16438356164383,19.67855390113163,40.61089696247766,19.495898153662896,3.425563033873343,3.817492555002025,17.67285587016081,415.2783204288267,351.6871506849315
Beverages,Dinner,523.0,5.6,70.3,35.6,3.425563033873343,1.2,41.2,905.0,182.0
Fruits,Snack,84.0,47.6,46.7,2.2,3.425563033873343,9.1,9.9,997.0,691.0
BEEF,Snack,291.0,25.85,0.0,20.04,7.894,0.0,0.0,53.0,53.65
SOUP,Dinner,288.16438356164383,19.67855390113163,40.61089696247766,19.495898153662896,3.425563033873343,3.817492555002025,17.67285587016081,415.2783204288267,351.6871506849315
PANCAKES,Dinner,227.0,6.4,28.3,9.7,2.122,0.0,0.0,439.0,52.9
CHICKEN,Dinner,288.16438356164383,19.67855390113163,40.61089696247766,19.495898153662896,3.425563033873343,3.817492555002025,17.67285587016081,415.2783204288267,351.6871506849315
OIL,Lunch,884.0,0.0,0.0,100.0,17.683,0.0,0.0,0.0,0.0
EGG,Dinner,274.0,14.0,1.6,23.0,7.028,0.0,0.0,3780.0,50.8
PRETZELS,Snack,362.0,11.1,81.2,2.6,0.56,7.699999809,0.0,203.0,3.9
CRANBERRY JUC,Snack,288.16438356164383,19.67855390113163,40.61089696247766,19.495898153662896,3.425563033873343,3.817492555002025,17.67285587016081,415.2783204288267,351.6871506849315
FROZEN YOGURTS,Snack,288.16438356164383,19.67855390113163,40.61089696247766,19.495898153662896,3.425563033873343,3.817492555002025,17.67285587016081,415.2783204288267,351.6871506849315
Grains,Snack,426.0,3.2,98.0,46.9,3.425563033873343,5.9,0.3,17.0,622.0
CANDIES,Lunch,288.16438356164383,19.67855390113163,40.61089696247766,19.495898153662896,3.425563033873343,3.817492555002025,17.67285587016081,415.2783204288267,351.6871506849315
Dairy,Dinner,507.0,19.2,32.8,13.4,3.425563033873343,1.7,38.9,7.0,153.0
Beverages,Breakfast,568.0,25.0,43.4,29.0,3.425563033873343,0.9,45.6,973.0,314.0
SYRUPS,Breakfast,288.16438356164383,19.67855390113163,40.61089696247766,19.495898153662896,3.425563033873343,3.817492555002025,17.67285587016081,415.2783204288267,351.6871506849315
Beverages,Snack,526.0,25.2,82.1,16.1,3.425563033873343,9.1,24.0,827.0,874.0
BEEF,Lunch,212.0,29.33,0.0,9.67,3.754,0.0,0.0,61.0,60.33
CEREALS,Lunch,366.0,8.09,75.04,5.51,2.44,4.800000191,0.870000005,1310.0,6.73
Beverages,Dinner,223.0,2.8,91.1,5.4,3.425563033873343,3.5,45.3,364.0,618.0
Fruits,Lunch,587.0,17.6,92.5,1.0,3.425563033873343,0.6,10.2,195.0,930.0
Fruits,Dinner,328.0,47.4,5.1,16.0,3.425563033873343,2.9,5.9,946.0,991.0
BREAD,Dinner,264.0,9.7,47.3,5.0,0.771,5.300000191,5.079999924,478.0,35.9
PEANUTS,Breakfast,288.16438356164383,19.67855390113163,40.61089696247766,19.495898153662896,3.425563033873343,3.817492555002025,17.67285587016081,415.2783204288267,351.6871506849315
PAPAYAS,Snack,288.16438356164383,19.67855390113163,40.61089696247766,19.495898153662896,3.425563033873343,3.817492555002025,17.67285587016081,415.2783204288267,351.6871506849315
BREAD,Snack,292.0,9.2,52.7,4.8,0.764,4.300000191,8.840000153,651.0,31.2
NESTLE,Lunch,288.16438356164383,19.67855390113163,40.61089696247766,19.495898153662896,3.425563033873343,3.817492555002025,17.67285587016081,415.2783204288267,351.6871506849315
CHICKEN,Snack,192.0,32.82,0.42,5.54,1.52,0.0,0.0,81.0,60.14
POUT,Dinner,288.16438356164383,19.67855390113163,40.61089696247766,19.495898153662896,3.425563033873343,3.817492555002025,17.67285587016081,415.2783204288267,351.6871506849315
ALCOHOLIC BEV,Dinner,81.0,0.07,1.94,0.0,0.0,0.0,0.0,0.0,87.14
Fruits,Snack,515.0,44.2,34.0,11.2,3.425563033873343,0.4,47.7,628.0,988.0
Vegetables,Dinner,519.0,19.6,30.6,47.1,3.425563033873343,7.1,13.0,286.0,564.0
KENTUCKY FRIED CHICK,Dinner,187.0,26.75,0.89,8.53,2.089,0.0,0.0,526.0,61.87
FAST FOODS,Dinner,91.0,3.94,7.67,5.0,0.616,0.0,0.0,377.0,80.37
Grains,Breakfast,537.0,37.2,97.9,3.3,3.425563033873343,1.2,9.1,613.0,384.0
LIMEADE,Snack,52.0,0.0,13.79,0.0,0.0,0.0,13.27000046,3.0,86.08
CHICKEN,Lunch,288.16438356164383,19.67855390113163,40.61089696247766,19.495898153662896,3.425563033873343,3.817492555002025,17.67285587016081,415.2783204288267,351.6871506849315
Snacks,Snack,115.0,40.0,88.2,28.2,3.425563033873343,2.4,33.1,147.0,566.0
Fruits,Dinner,368.0,3.8,26.5,33.0,3.425563033873343,7.3,10.3,601.0,734.0
Snacks,Lunch,459.0,40.5,21.1,5.6,3.425563033873343,3.4,42.6,77.0,866.0
Fruits,Dinner,336.0,44.1,30.4,35.2,3.425563033873343,9.4,22.2,550.0,903.0
Fruits,Lunch,532.0,41.8,67.7,32.6,3.425563033873343,0.8,34.8,830.0,939.0
Dairy,Dinner,484.0,30.0,97.7,31.8,3.425563033873343,9.4,40.9,200.0,449.0
Beverages,Snack,241.0,26.0,38.0,5.4,3.425563033873343,8.1,10.8,38.0,322.0
POTATO PUFFS,Lunch,190.0,2.05,27.75,8.62,1.823,2.5,0.25,480.0,59.7
PEAS,Lunch,288.16438356164383,19.67855390113163,40.61089696247766,19.495898153662896,3.425563033873343,3.817492555002025,17.67285587016081,415.2783204288267,351.6871506849315
Dairy,Snack,221.0,32.3,29.9,21.6,3.425563033873343,2.6,27.1,258.0,886.0
Snacks,Breakfast,491.0,16.9,66.3,38.5,3.425563033873343,4.1,23.2,417.0,368.0
USDA CMDTY,Breakfast,288.16438356164383,19.67855390113163,40.61089696247766,19.495898153662896,3.425563033873343,3.817492555002025,17.67285587016081,415.2783204288267,351.6871506849315
Vegetables,Snack,303.0,35.8,84.1,18.4,3.425563033873343,9.4,17.9,456.0,706.0
Snacks,Breakfast,106.0,8.1,61.7,34.2,3.425563033873343,3.1,11.8,815.0,883.0
Snacks,Lunch,59.0,2.8,15.0,14.6,3.425563033873343,9.0,26.7,257.0,836.0
Grains,Dinner,301.0,22.1,24.9,38.6,3.425563033873343,7.9,37.7,67.0,242.0
PEAS,Dinner,288.16438356164383,19.67855390113163,40.61089696247766,19.495898153662896,3.425563033873343,3.817492555002025,17.67285587016081,415.2783204288267,351.6871506849315
Beverages,Lunch,60.0,42.9,67.8,45.9,3.425563033873343,5.0,41.7,799.0,689.0
Grains,Snack,444.0,27.1,34.8,9.6,3.425563033873343,8.6,46.7,957.0,215.0
Vegetables,Breakfast,445.0,46.1,16.2,45.0,3.425563033873343,4.1,28.0,981.0,484.0
Dairy,Breakfast,461.0,15.2,68.0,23.3,3.425563033873343,0.9,49.7,106.0,222.0
Dairy,Dinner,275.0,22.0,50.7,8.1,3.425563033873343,9.0,16.4,64.0,267.0
PHEASANT,Lunch,288.16438356164383,19.67855390113163,40.61089696247766,19.495898153662896,3.425563033873343,3.817492555002025,17.67285587016081,415.2783204288267,351.6871506849315
Beverages,Lunch,515.0,36.5,96.9,40.3,3.425563033873343,9.4,27.3,581.0,402.0
COFFEE,Snack,288.16438356164383,19.67855390113163,40.61089696247766,19.495898153662896,3.425563033873343,3.817492555002025,17.67285587016081,415.2783204288267,351.6871506849315
Fruits,Dinner,96.0,28.5,91.5,38.4,3.425563033873343,2.4,40.9,497.0,750.0
POPCORN,Dinner,288.16438356164383,19.67855390113163,40.61089696247766,19.495898153662896,3.425563033873343,3.817492555002025,17.67285587016081,415.2783204288267,351.6871506849315
WALRUS,Dinner,288.16438356164383,19.67855390113163,40.61089696247766,19.495898153662896,3.425563033873343,3.817492555002025,17.67285587016081,415.2783204288267,351.6871506849315
SALAD DRSNG,Snack,457.0,0.77,15.58,44.81,5.648,0.0,15.94999981,836.0,36.56
BF,Snack,288.16438356164383,19.67855390113163,40.61089696247766,19.495898153662896,3.425563033873343,3.817492555002025,17.67285587016081,415.2783204288267,351.6871506849315
SQUID,Snack,288.16438356164383,19.67855390113163,40.61089696247766,19.495898153662896,3.425563033873343,3.817492555002025,17.67285587016081,415.2783204288267,351.6871506849315
Fruits,Lunch,409.0,29.9,61.2,25.5,3.425563033873343,5.1,23.1,733.0,391.0
POPEYES,Snack,203.0,24.2,0.6,11.5,3.361,0.0,0.0,474.0,61.37
Fruits,Dinner,281.0,4.8,84.5,27.1,3.425563033873343,5.8,41.9,756.0,296.0
Vegetables,Dinner,493.0,32.1,55.0,27.0,3.425563033873343,4.9,22.7,580.0,916.0
TURKEY,Dinner,273.0,20.02,1.21,20.54,6.947,0.0,0.0,56.0,56.95
Fruits,Dinner,294.0,39.9,48.1,47.3,3.425563033873343,9.5,39.3,652.0,968.0
CHEESE,Breakfast,95.0,10.9,3.0,4.2,2.646,0.100000001,0.370000005,403.0,80.3
LAMB,Dinner,288.16438356164383,19.67855390113163,40.61089696247766,19.495898153662896,3.425563033873343,3.817492555002025,17.67285587016081,415.2783204288267,351.6871506849315
Fruits,Breakfast,244.0,2.6,93.3,22.2,3.425563033873343,3.6,40.0,675.0,831.0
TURKEY,Breakfast,113.0,17.13,0.41,4.79,1.316,0.0,0.0,94.0,76.62
CANDIES,Breakfast,288.16438356164383,19.67855390113163,40.61089696247766,19.495898153662896,3.425563033873343,3.817492555002025,17.67285587016081,415.2783204288267,351.6871506849315
Beverages,Dinner,473.0,30.3,60.1,25.9,3.425563033873343,5.0,0.2,622.0,657.0
SOUP,Dinner,288.16438356164383,19.67855390113163,40.61089696247766,19.495898153662896,3.425563033873343,3.817492555002025,17.67285587016081,415.2783204288267,351.6871506849315
Fruits,Snack,387.0,21.2,86.9,8.1,3.425563033873343,1.2,17.6,167.0,866.0
CEREALS,Breakfast,288.16438356164383,19.67855390113163,40.61089696247766,19.495898153662896,3.425563033873343,3.817492555002025,17.67285587016081,415.2783204288267,351.6871506849315
PLANTAINS,Dinner,116.0,0.79,31.15,0.18,0.069,2.299999952,14.0,5.0,67.3
Beverages,Snack,208.0,34.3,81.1,12.2,3.425563033873343,4.2,27.7,851.0,304.0
OSTRICH,Snack,288.16438356164383,19.67855390113163,40.61089696247766,19.495898153662896,3.425563033873343,3.817492555002025,17.67285587016081,415.2783204288267,351.6871506849315
Beverages,Dinner,311.0,12.6,93.2,17.2,3.425563033873343,5.7,44.5,618.0,983.0
KENTUCKY FRIED CHICK,Snack,245.0,22.48,5.53,14.77,3.559,0.400000006,0.0,625.0,54.88
BABYFOOD,Lunch,404.0,8.7,79.9,4.2,0.978,1.0,16.70000076,96.0,4.7
BREAD,Lunch,288.16438356164383,19.67855390113163,40.61089696247766,19.495898153662896,3.425563033873343,3.817492555002025,17.67285587016081,415.2783204288267,351.6871506849315
Beverages,Dinner,287.0,4.2,82.1,16.5,3.425563033873343,3.7,5.0,624.0,872.0
Meat,Breakfast,452.0,2.9,67.5,20.1,3.425563033873343,2.0,16.3,866.0,388.0
SYRUPS,Lunch,265.0,0.0,69.6,0.1,0.018,0.0,42.0,61.0,30.1
Vegetables,Lunch,276.0,24.5,11.6,10.6,3.425563033873343,8.0,37.2,470.0,881.0
Dairy,Breakfast,183.0,2.2,23.1,39.0,3.425563033873343,7.2,49.3,320.0,322.0
FAST FOODS,Breakfast,247.0,10.6,18.4,14.84,5.213,0.0,0.0,684.0,53.96
BEANS,Snack,288.16438356164383,19.67855390113163,40.61089696247766,19.495898153662896,3.425563033873343,3.817492555002025,17.67285587016081,415.2783204288267,351.6871506849315
HODGSON MILL,Snack,376.0,14.1,69.2,4.7,1.37,7.599999905,0.0,611.0,8.5
Dairy,Snack,318.0,4.6,78.8,27.8,3.425563033873343,5.1,40.3,205.0,780.0
BROCCOLI,Snack,34.0,2.82,6.64,0.37,0.039,2.599999905,1.700000048,33.0,89.3
Dairy,Dinner,481.0,32.0,83.2,13.8,3.425563033873343,6.9,37.6,983.0,336.0
Vegetables,Lunch,291.0,14.3,27.9,3.9,3.425563033873343,1.8,27.0,548.0,560.0
Snacks,Lunch,392.0,7.9,15.1,11.9,3.425563033873343,5.7,22.8,377.0,104.0
OIL,Snack,884.0,0.0,0.0,100.0,4.63,0.0,0.0,0.0,0.0
Meat,Dinner,451.0,15.0,55.0,24.6,3.425563033873343,4.9,31.3,534.0,931.0
Meat,Breakfast,161.0,35.1,44.3,23.8,3.425563033873343,2.8,25.9,31.0,503.0
LOUIS RICH,Dinner,288.16438356164383,19.67855390113163,40.61089696247766,19.495898153662896,3.425563033873343,3.817492555002025,17.67285587016081,415.2783204288267,351.6871506849315
CORN,Breakfast,288.16438356164383,19.67855390113163,40.61089696247766,19.495898153662896,3.425563033873343,3.817492555002025,17.67285587016081,415.2783204288267,351.6871506849315
FAST FD,Snack,244.0,11.02,25.38,10.9,4.407,2.200000048,3.730000019,589.0,50.4
BABYFOOD,Dinner,288.16438356164383,19.67855390113163,40.61089696247766,19.495898153662896,3.425563033873343,3.817492555002025,17.67285587016081,415.2783204288267,351.6871506849315
Fruits,Breakfast,284.0,5.8,25.7,40.7,3.425563033873343,0.0,6.6,461.0,503.0
PORK,Snack,591.0,7.64,0.0,61.86,22.69,0.0,0.0,624.0,28.89
Meat,Breakfast,413.0,10.2,92.3,10.4,3.425563033873343,6.3,26.1,388.0,522.0
OYSTER,Breakfast,163.0,18.9,9.9,4.6,1.02,0.0,0.0,212.0,64.12
MCDONALD'S,Dinner,167.0,1.32,28.81,5.77,0.895,2.700000048,21.87999916,383.0,63.0
Dairy,Lunch,59.0,44.1,54.8,43.0,3.425563033873343,8.0,38.9,826.0,215.0
TACO BELL,Breakfast,189.0,8.05,21.07,8.05,3.047,3.200000048,0.0,574.0,60.6
POMPANO,Snack,164.0,18.48,0.0,9.47,3.509,0.0,0.0,65.0,71.12
No Category,Breakfast,691.0,9.17,13.86,71.97,6.18,9.600000381,3.970000029,0.0,3.52
Beverages,Lunch,60.0,1.8,81.1,40.2,3.425563033873343,0.5,19.9,573.0,914.0
APPLE JUC,Lunch,288.16438356164383,19.67855390113163,40.61089696247766,19.495898153662896,3.425563033873343,3.817492555002025,17.67285587016081,415.2783204288267,351.6871506849315
Beverages,Breakfast,373.0,6.7,43.2,6.5,3.425563033873343,0.3,39.4,94.0,791.0
Grains,Snack,559.0,33.9,13.6,39.7,3.425563033873343,6.7,6.8,752.0,901.0
CUTTLEFISH,Breakfast,288.16438356164383,19.67855390113163,40.61089696247766,19.495898153662896,3.425563033873343,3.817492555002025,17.67285587016081,415.2783204288267,351.6871506849315
PUDDINGS,Snack,288.16438356164383,19.67855390113163,40.61089696247766,19.495898153662896,3.425563033873343,3.817492555002025,17.67285587016081,415.2783204288267,351.6871506849315
Meat,Dinner,315.0,40.3,94.3,29.4,3.425563033873343,3.0,44.4,21.0,241.0
CHICKEN,Lunch,224.0,23.64,3.64,12.73,1.82,3.599999905,0.0,709.0,58.84
MUNG BNS,Lunch,288.16438356164383,19.67855390113163,40.61089696247766,19.495898153662896,3.425563033873343,3.817492555002025,17.67285587016081,415.2783204288267,351.6871506849315
CHEESE,Dinner,288.16438356164383,19.67855390113163,40.61089696247766,19.495898153662896,3.425563033873343,3.817492555002025,17.67285587016081,415.2783204288267,351.6871506849315
Beverages,Dinner,260.0,36.5,41.7,6.9,3.425563033873343,4.0,37.0,37.0,123.0
LAMB,Lunch,317.0,19.86,0.0,25.74,12.82,0.0,0.0,44.0,52.47
PINEAPPLE,Dinner,288.16438356164383,19.67855390113163,40.61089696247766,19.495898153662896,3.425563033873343,3.817492555002025,17.67285587016081,415.2783204288267,351.6871506849315
ONIONS,Breakfast,35.0,0.89,8.45,0.06,0.011,1.700000048,3.809999943,10.0,90.22
PLUMS,Lunch,58.0,0.51,15.15,0.02,0.002,0.899999976,14.22000027,1.0,84.02
PORK,Snack,109.0,19.25,0.63,3.26,1.009,0.0,1.220000029,895.0,72.46
Fruits,Breakfast,429.0,34.8,25.4,45.3,3.425563033873343,4.1,2.5,933.0,131.0
LIMA BNS,Dinner,288.16438356164383,19.67855390113163,40.61089696247766,19.495898153662896,3.425563033873343,3.817492555002025,17.67285587016081,415.2783204288267,351.6871506849315
Grains,Dinner,375.0,15.1,55.6,41.1,3.425563033873343,6.2,34.9,18.0,863.0
PUDDINGS,Breakfast,288.16438356164383,19.67855390113163,40.61089696247766,19.495898153662896,3.425563033873343,3.817492555002025,17.67285587016081,415.2783204288267,351.6871506849315
Fruits,Breakfast,320.0,39.7,82.7,14.8,3.425563033873343,6.6,2.6,542.0,288.0
Vegetables,Snack,568.0,8.4,45.8,48.7,3.425563033873343,9.1,39.4,470.0,463.0
CHICKEN,Snack,288.16438356164383,19.67855390113163,40.61089696247766,19.495898153662896,3.425563033873343,3.817492555002025,17.67285587016081,415.2783204288267,351.6871506849315
Dairy,Dinner,344.0,2.0,9.0,48.2,3.425563033873343,5.6,28.0,577.0,211.0
BEEF,Snack,288.16438356164383,19.67855390113163,40.61089696247766,19.495898153662896,3.425563033873343,3.817492555002025,17.67285587016081,415.2783204288267,351.6871506849315
LAMB,Breakfast,229.0,17.84,0.0,16.97,8.189,0.0,0.0,74.0,64.93
PLUMS,Dinner,288.16438356164383,19.67855390113163,40.61089696247766,19.495898153662896,3.425563033873343,3.817492555002025,17.67285587016081,415.2783204288267,351.6871506849315
BEEF,Breakfast,288.16438356164383,19.67855390113163,40.61089696247766,19.495898153662896,3.425563033873343,3.817492555002025,17.67285587016081,415.2783204288267,351.6871506849315
GAME MEAT,Lunch,288.16438356164383,19.67855390113163,40.61089696247766,19.495898153662896,3.425563033873343,3.817492555002025,17.67285587016081,415.2783204288267,351.6871506849315
PORK,Breakfast,288.16438356164383,19.67855390113163,40.61089696247766,19.495898153662896,3.425563033873343,3.817492555002025,17.67285587016081,415.2783204288267,351.6871506849315
Meat,Lunch,336.0,26.5,91.5,35.5,3.425563033873343,9.9,29.3,29.0,729.0
CRACKERS,Lunch,288.16438356164383,19.67855390113163,40.61089696247766,19.495898153662896,3.425563033873343,3.817492555002025,17.67285587016081,415.2783204288267,351.6871506849315
OIL,Snack,884.0,0.0,0.0,100.0,59.7,0.0,0.0,0.0,0.0
MUFFINS,Snack,288.16438356164383,19.67855390113163,40.61089696247766,19.495898153662896,3.425563033873343,3.817492555002025,17.67285587016081,415.2783204288267,351.6871506849315
STOUFFER'S LN CUISINE HS STUFF CAB W/ MEAT SAU&WHPED POT,Breakfast,73.0,4.03,9.07,2.28,0.64,1.5,2.170000076,264.0,83.28
BEEF,Dinner,288.16438356164383,19.67855390113163,40.61089696247766,19.495898153662896,3.425563033873343,3.817492555002025,17.67285587016081,415.2783204288267,351.6871506849315
Grains,Dinner,362.0,6.3,53.9,15.0,3.425563033873343,9.3,40.5,702.0,220.0
Meat,Breakfast,571.0,46.1,67.6,21.3,3.425563033873343,1.8,22.8,952.0,773.0
Snacks,Lunch,264.0,42.4,20.1,25.9,3.425563033873343,6.6,36.4,121.0,576.0
BEEF,Lunch,231.0,27.97,0.0,12.4,4.813,0.0,0.0,55.0,59.4
Vegetables,Dinner,274.0,20.2,17.0,3.7,3.425563033873343,8.1,10.0,819.0,936.0
GRANOLA BARS,Dinner,288.16438356164383,19.67855390113163,40.61089696247766,19.495898153662896,3.425563033873343,3.817492555002025,17.67285587016081,415.2783204288267,351.6871506849315
CAULIFLOWER,Snack,288.16438356164383,19.67855390113163,40.61089696247766,19.495898153662896,3.425563033873343,3.817492555002025,17.67285587016081,415.2783204288267,351.6871506849315
COOKIES,Dinner,535.0,10.0,50.8,34.0,4.937,0.0,0.0,412.0,3.7
CEREALS,Dinner,288.16438356164383,19.67855390113163,40.61089696247766,19.495898153662896,3.425563033873343,3.817492555002025,17.67285587016081,415.2783204288267,351.6871506849315
Snacks,Lunch,333.0,19.2,17.9,31.4,3.425563033873343,8.0,38.7,773.0,314.0
Dairy,Snack,179.0,17.4,99.0,30.4,3.425563033873343,7.2,3.0,267.0,937.0
Dairy,Lunch,448.0,21.0,22.5,36.7,3.425563033873343,6.2,0.6,407.0,372.0
ONIONS,Lunch,44.0,1.36,10.15,0.19,0.031,1.399999976,4.730000019,3.0,87.86
SALMON,Lunch,153.0,20.47,0.0,7.31,1.644,0.0,0.0,75.0,68.72
BABYFOOD,Lunch,288.16438356164383,19.67855390113163,40.61089696247766,19.495898153662896,3.425563033873343,3.817492555002025,17.67285587016081,415.2783204288267,351.6871506849315
CEREALS RTE,Dinner,376.0,5.08,87.64,1.74,0.31,3.099999905,41.84000015,546.0,2.5
Snacks,Lunch,188.0,46.3,93.5,44.9,3.425563033873343,6.8,43.9,367.0,129.0
CHIVES,Breakfast,288.16438356164383,19.67855390113163,40.61089696247766,19.495898153662896,3.425563033873343,3.817492555002025,17.67285587016081,415.2783204288267,351.6871506849315
Snacks,Snack,373.0,22.2,55.8,17.4,3.425563033873343,6.3,8.4,396.0,761.0
Dairy,Lunch,74.0,16.4,68.9,49.4,3.425563033873343,1.2,25.6,606.0,188.0
RICE CAKES,Breakfast,288.16438356164383,19.67855390113163,40.61089696247766,19.495898153662896,3.425563033873343,3.817492555002025,17.67285587016081,415.2783204288267,351.6871506849315
BEANS,Breakfast,94.0,4.75,21.14,0.37,0.071,4.099999905,7.960000038,343.0,72.0
BABYFOOD,Breakfast,288.16438356164383,19.67855390113163,40.61089696247766,19.495898153662896,3.425563033873343,3.817492555002025,17.67285587016081,415.2783204288267,351.6871506849315
EGG SUBSTITUTE,Lunch,160.0,11.29,3.2,11.11,1.93,0.0,3.200000048,199.0,73.1
No Category,Snack,96.0,3.8,18.2,0.8,0.5,0.200000003,17.39999962,52.0,76.5
CHICKEN,Dinner,288.16438356164383,19.67855390113163,40.61089696247766,19.495898153662896,3.425563033873343,3.817492555002025,17.67285587016081,415.2783204288267,351.6871506849315
Dairy,Snack,309.0,2.7,90.4,34.4,3.425563033873343,4.3,29.7,14.0,493.0
MORNINGSTAR FARMS SAUSAGE STYLE RECIPE CRUMBLES,Lunch,164.0,17.8,13.7,4.2,0.6,2.0,1.100000024,809.0,61.5
CANDIES,Dinner,288.16438356164383,19.67855390113163,40.61089696247766,19.495898153662896,3.425563033873343,3.817492555002025,17.67285587016081,415.2783204288267,351.6871506849315
Grains,Snack,227.0,23.3,99.3,11.4,3.425563033873343,9.2,41.2,619.0,652.0
GARLIC,Lunch,288.16438356164383,19.67855390113163,40.61089696247766,19.495898153662896,3.425563033873343,3.817492555002025,17.67285587016081,415.2783204288267,351.6871506849315
Grains,Dinner,259.0,37.0,8.8,4.0,3.425563033873343,9.9,24.3,866.0,692.0
Fruits,Snack,462.0,49.6,20.7,33.9,3.425563033873343,2.7,40.9,660.0,745.0
Grains,Dinner,169.0,49.0,80.0,3.8,3.425563033873343,6.8,6.9,825.0,773.0
Fruits,Lunch,215.0,33.1,11.9,20.5,3.425563033873343,6.4,37.9,749.0,705.0
Fruits,Snack,266.0,19.4,47.5,8.8,3.425563033873343,0.2,34.9,586.0,661.0
Meat,Breakfast,418.0,25.1,98.3,19.0,3.425563033873343,8.5,17.2,871.0,739.0
VEAL,Lunch,288.16438356164383,19.67855390113163,40.61089696247766,19.495898153662896,3.425563033873343,3.817492555002025,17.67285587016081,415.2783204288267,351.6871506849315
LAMB,Lunch,288.16438356164383,19.67855390113163,40.61089696247766,19.495898153662896,3.425563033873343,3.817492555002025,17.67285587016081,415.2783204288267,351.6871506849315
CEREALS RTE,Dinner,288.16438356164383,19.67855390113163,40.61089696247766,19.495898153662896,3.425563033873343,3.817492555002025,17.67285587016081,415.2783204288267,351.6871506849315
Snacks,Snack,281.0,29.2,90.4,19.5,3.425563033873343,4.1,39.8,255.0,201.0
BABYFOOD,Breakfast,288.16438356164383,19.67855390113163,40.61089696247766,19.495898153662896,3.425563033873343,3.817492555002025,17.67285587016081,415.2783204288267,351.6871506849315
BREAD,Dinner,250.0,8.7,47.5,3.1,0.437,6.5,0.529999971,671.0,37.9
POTATOES,Lunch,288.16438356164383,19.67855390113163,40.61089696247766,19.495898153662896,3.425563033873343,3.817492555002025,17.67285587016081,415.2783204288267,351.6871506849315
Beverages,Lunch,549.0,36.0,50.6,32.9,3.425563033873343,6.6,17.8,919.0,226.0
ARCHWAY Home Style Cookies,Breakfast,288.16438356164383,19.67855390113163,40.61089696247766,19.495898153662896,3.425563033873343,3.817492555002025,17.67285587016081,415.2783204288267,351.6871506849315
BEEF,Dinner,155.0,20.72,0.0,7.37,2.59,0.0,0.0,79.0,70.29
Meat,Snack,221.0,40.7,5.1,32.6,3.425563033873343,8.8,0.7,879.0,395.0
CELERY,Dinner,288.16438356164383,19.67855390113163,40.61089696247766,19.495898153662896,3.425563033873343,3.817492555002025,17.67285587016081,415.2783204288267,351.6871506849315
Fruits,Lunch,355.0,18.4,20.4,17.3,3.425563033873343,5.6,36.3,770.0,739.0
Beverages,Snack,397.0,9.1,32.5,42.8,3.425563033873343,6.0,47.7,354.0,160.0
BF,Breakfast,140.0,21.13,0.0,5.51,1.791,0.0,0.0,58.0,72.54
COOKIES,Breakfast,424.0,5.4,59.1,18.9,4.751,2.5,0.0,294.0,15.3
Vegetables,Lunch,300.0,9.5,61.5,19.0,3.425563033873343,10.0,3.2,829.0,291.0
CEREALS RTE,Dinner,365.0,10.0,81.5,2.9,0.6,8.800000191,17.60000038,482.0,3.2
PIE FILLINGS,Snack,181.0,0.41,44.38,0.2,0.0,2.599999905,37.75,12.0,54.66
CHICKEN,Dinner,288.16438356164383,19.67855390113163,40.61089696247766,19.495898153662896,3.425563033873343,3.817492555002025,17.67285587016081,415.2783204288267,351.6871506849315
Vegetables,Lunch,144.0,13.2,89.5,18.5,3.425563033873343,7.6,42.7,262.0,630.0
Meat,Dinner,296.0,3.4,73.0,49.6,3.425563033873343,9.3,31.0,677.0,883.0
OIL,Snack,288.16438356164383,19.67855390113163,40.61089696247766,19.495898153662896,3.425563033873343,3.817492555002025,17.67285587016081,415.2783204288267,351.6871506849315
GRANOLA BAR,Breakfast,288.16438356164383,19.67855390113163,40.61089696247766,19.495898153662896,3.425563033873343,3.817492555002025,17.67285587016081,415.2783204288267,351.6871506849315
Grains,Dinner,186.0,22.6,52.6,27.7,3.425563033873343,4.3,39.5,129.0,779.0
SEAL,Breakfast,270.0,62.38,0.0,2.31,0.0,0.0,0.0,130.0,34.92
Fruits,Dinner,168.0,33.3,66.1,34.1,3.425563033873343,5.6,19.5,198.0,461.0
JELLIES,Breakfast,288.16438356164383,19.67855390113163,40.61089696247766,19.495898153662896,3.425563033873343,3.817492555002025,17.67285587016081,415.2783204288267,351.6871506849315
LEMONADE,Dinner,288.16438356164383,19.67855390113163,40.61089696247766,19.495898153662896,3.425563033873343,3.817492555002025,17.67285587016081,415.2783204288267,351.6871506849315
POLLOCK,Dinner,288.16438356164383,19.67855390113163,40.61089696247766,19.495898153662896,3.425563033873343,3.817492555002025,17.67285587016081,415.2783204288267,351.6871506849315
JUICE,Lunch,288.16438356164383,19.67855390113163,40.61089696247766,19.495898153662896,3.425563033873343,3.817492555002025,17.67285587016081,415.2783204288267,351.6871506849315
Fruits,Snack,364.0,25.3,95.9,21.5,3.425563033873343,2.2,29.4,246.0,345.0
Meat,Snack,464.0,29.3,53.4,16.3,3.425563033873343,3.8,35.7,271.0,673.0
Fruits,Dinner,105.0,5.7,17.6,29.4,3.425563033873343,4.1,30.3,993.0,726.0
PIE,Dinner,288.16438356164383,19.67855390113163,40.61089696247766,19.495898153662896,3.425563033873343,3.817492555002025,17.67285587016081,415.2783204288267,351.6871506849315
TURKEY,Lunch,150.0,29.56,0.0,2.63,0.87,0.0,0.0,67.0,67.57
Dairy,Breakfast,494.0,41.4,20.3,41.8,3.425563033873343,8.1,4.4,505.0,282.0
Grains,Breakfast,101.0,22.5,78.9,8.3,3.425563033873343,1.8,42.3,283.0,158.0
MILKFISH,Lunch,288.16438356164383,19.67855390113163,40.61089696247766,19.495898153662896,3.425563033873343,3.817492555002025,17.67285587016081,415.2783204288267,351.6871506849315
Vegetables,Lunch,475.0,11.8,68.8,42.1,3.425563033873343,0.8,40.9,884.0,849.0
MACKEREL,Snack,262.0,23.85,0.0,17.81,4.176,0.0,0.0,83.0,53.27
Grains,Dinner,227.0,27.3,44.3,15.8,3.425563033873343,4.1,4.3,776.0,896.0
VANILLA EXTRACT,Dinner,56.0,0.03,14.4,0.0,0.0,0.0,14.39999962,3.0,85.58
Beverages,Lunch,465.0,44.4,63.7,49.3,3.425563033873343,8.2,32.0,711.0,578.0
GRAVY,Dinner,288.16438356164383,19.67855390113163,40.61089696247766,19.495898153662896,3.425563033873343,3.817492555002025,17.67285587016081,415.2783204288267,351.6871506849315
EMU,Lunch,288.16438356164383,19.67855390113163,40.61089696247766,19.495898153662896,3.425563033873343,3.817492555002025,17.67285587016081,415.2783204288267,351.6871506849315
Beverages,Breakfast,509.0,21.2,68.7,25.2,3.425563033873343,4.2,15.7,36.0,873.0
Fruits,Dinner,522.0,20.3,74.1,4.1,3.425563033873343,2.8,13.4,997.0,471.0
Snacks,Lunch,422.0,49.8,88.2,18.4,3.425563033873343,5.4,41.5,251.0,426.0
SEA BASS,Breakfast,97.0,18.43,0.0,2.0,0.511,0.0,0.0,68.0,78.27
Vegetables,Dinner,514.0,4.7,30.0,1.3,3.425563033873343,9.0,5.6,732.0,876.0
SILK PLUS FIBER,Breakfast,288.16438356164383,19.67855390113163,40.61089696247766,19.495898153662896,3.425563033873343,3.817492555002025,17.67285587016081,415.2783204288267,351.6871506849315
PORK,Snack,230.0,26.64,0.0,12.87,4.113,0.0,0.0,57.0,59.34
Meat,Lunch,202.0,11.0,69.1,38.3,3.425563033873343,5.7,9.2,695.0,421.0
COOKIES,Dinner,288.16438356164383,19.67855390113163,40.61089696247766,19.495898153662896,3.425563033873343,3.817492555002025,17.67285587016081,415.2783204288267,351.6871506849315
CEREALS RTE,Snack,382.0,5.5,88.0,1.0,0.3,0.300000012,31.0,726.0,2.9
HALIBUT,Dinner,288.16438356164383,19.67855390113163,40.61089696247766,19.495898153662896,3.425563033873343,3.817492555002025,17.67285587016081,415.2783204288267,351.6871506849315
BF,Dinner,288.16438356164383,19.67855390113163,40.61089696247766,19.495898153662896,3.425563033873343,3.817492555002025,17.67285587016081,415.2783204288267,351.6871506849315
MORNINGSTAR FARMS RSTD HERB CHIK'N W/ ORG SOY,Dinner,288.16438356164383,19.67855390113163,40.61089696247766,19.495898153662896,3.425563033873343,3.817492555002025,17.67285587016081,415.2783204288267,351.6871506849315
BEEF,Snack,288.16438356164383,19.67855390113163,40.61089696247766,19.495898153662896,3.425563033873343,3.817492555002025,17.67285587016081,415.2783204288267,351.6871506849315
Beverages,Snack,450.0,33.9,59.4,26.0,3.425563033873343,1.3,22.5,272.0,194.0
Dairy,Snack,98.0,38.0,19.6,46.6,3.425563033873343,7.4,43.7,161.0,297.0
Dairy,Dinner,518.0,14.6,66.1,40.7,3.425563033873343,7.9,3.0,256.0,194.0
PORK,Dinner,288.16438356164383,19.67855390113163,40.61089696247766,19.495898153662896,3.425563033873343,3.817492555002025,17.67285587016081,415.2783204288267,351.6871506849315
No Category,Dinner,288.16438356164383,19.67855390113163,40.61089696247766,19.495898153662896,3.425563033873343,3.817492555002025,17.67285587016081,415.2783204288267,351.6871506849315
SILK LT CHOC,Dinner,49.0,2.06,9.05,0.62,0.0,0.800000012,7.820000172,41.0,87.63
CAMPBELL SOUP COMPANY,Snack,106.0,4.62,19.23,1.15,0.385,5.400000095,6.150000095,338.0,73.7
CAMPBELL SOUP,Breakfast,288.16438356164383,19.67855390113163,40.61089696247766,19.495898153662896,3.425563033873343,3.817492555002025,17.67285587016081,415.2783204288267,351.6871506849315
Meat,Dinner,383.0,35.7,93.4,10.5,3.425563033873343,8.2,9.7,189.0,397.0
CREAMY DRSNG,Breakfast,160.0,1.5,7.0,14.0,2.115,0.0,5.650000095,1023.0,74.0
Vegetables,Dinner,211.0,39.2,43.0,35.7,3.425563033873343,3.1,19.7,116.0,964.0
FAST FOODS,Snack,288.16438356164383,19.67855390113163,40.61089696247766,19.495898153662896,3.425563033873343,3.817492555002025,17.67285587016081,415.2783204288267,351.6871506849315
Meat,Snack,74.0,44.2,6.6,37.4,3.425563033873343,2.1,23.4,827.0,940.0
Fruits,Lunch,169.0,34.4,93.0,45.9,3.425563033873343,8.1,8.6,307.0,577.0
Vegetables,Lunch,525.0,47.3,10.7,29.4,3.425563033873343,0.9,33.8,958.0,380.0
Meat,Dinner,139.0,44.5,87.0,1.8,3.425563033873343,5.1,27.4,354.0,543.0
Grains,Breakfast,492.0,41.2,94.8,27.4,3.425563033873343,2.0,24.2,411.0,150.0
AGUTUK,Dinner,470.0,9.0,10.5,43.5,8.6,0.0,0.0,24.0,34.0
PORK,Breakfast,177.0,21.61,0.41,9.85,3.18,0.0,0.059999999,816.0,65.23
Vegetables,Lunch,144.0,13.2,89.5,18.5,3.425563033873343,7.6,42.7,262.0,630.0
CEREALS,Breakfast,61.0,2.7,13.7,0.4,0.053,3.400000095,0.0,82.0,82.7
MILK,Lunch,61.0,3.1,4.46,3.46,2.154,0.0,4.460000038,3.0,88.2
COD,Snack,288.16438356164383,19.67855390113163,40.61089696247766,19.495898153662896,3.425563033873343,3.817492555002025,17.67285587016081,415.2783204288267,351.6871506849315
CAMPBELL'S RED & WHITE,Lunch,288.16438356164383,19.67855390113163,40.61089696247766,19.495898153662896,3.425563033873343,3.817492555002025,17.67285587016081,415.2783204288267,351.6871506849315
RADISHES,Lunch,288.16438356164383,19.67855390113163,40.61089696247766,19.495898153662896,3.425563033873343,3.817492555002025,17.67285587016081,415.2783204288267,351.6871506849315
Snacks,Snack,222.0,4.8,62.1,15.3,3.425563033873343,1.5,34.8,275.0,294.0
Beverages,Dinner,405.0,46.4,49.7,32.9,3.425563033873343,4.8,48.8,570.0,377.0
CEREALS RTE,Lunch,288.16438356164383,19.67855390113163,40.61089696247766,19.495898153662896,3.425563033873343,3.817492555002025,17.67285587016081,415.2783204288267,351.6871506849315
MCDONALD'S,Snack,288.16438356164383,19.67855390113163,40.61089696247766,19.495898153662896,3.425563033873343,3.817492555002025,17.67285587016081,415.2783204288267,351.6871506849315
Meat,Lunch,150.0,26.1,52.8,1.1,3.425563033873343,8.3,48.5,882.0,639.0
CAKE,Snack,288.16438356164383,19.67855390113163,40.61089696247766,19.495898153662896,3.425563033873343,3.817492555002025,17.67285587016081,415.2783204288267,351.6871506849315
Beverages,Lunch,571.0,1.8,92.8,28.7,3.425563033873343,9.5,26.0,249.0,633.0
Fruits,Breakfast,412.0,43.9,25.9,14.1,3.425563033873343,0.4,39.6,143.0,921.0
Beverages,Lunch,130.0,26.5,91.6,43.9,3.425563033873343,5.2,13.9,666.0,325.0
LAMB,Snack,278.0,23.08,0.0,19.94,8.18,0.0,0.0,82.0,55.92
Dairy,Breakfast,60.0,27.5,96.5,43.1,3.425563033873343,4.2,34.8,779.0,117.0
No Category,Snack,288.16438356164383,19.67855390113163,40.61089696247766,19.495898153662896,3.425563033873343,3.817492555002025,17.67285587016081,415.2783204288267,351.6871506849315
Vegetables,Lunch,432.0,8.4,26.3,49.0,3.425563033873343,6.3,24.2,652.0,859.0
PORK,Dinner,591.0,7.64,0.0,61.86,22.69,0.0,0.0,624.0,28.89
ALMONDS,Dinner,288.16438356164383,19.67855390113163,40.61089696247766,19.495898153662896,3.425563033873343,3.817492555002025,17.67285587016081,415.2783204288267,351.6871506849315
Fruits,Dinner,282.0,3.3,58.7,38.3,3.425563033873343,8.0,28.3,477.0,491.0
ENTREES,Dinner,232.0,14.66,16.97,12.29,2.82,0.5,0.0,532.0,53.57
PORK,Lunch,125.0,24.46,0.32,2.92,0.874,0.0,0.0,737.0,69.56
CABBAGE,Snack,24.0,1.21,5.37,0.18,0.023,2.299999952,0.0,18.0,92.52
Dairy,Snack,101.0,26.3,48.1,18.7,3.425563033873343,1.5,40.6,227.0,241.0
MCDONALD'S,Dinner,288.16438356164383,19.67855390113163,40.61089696247766,19.495898153662896,3.425563033873343,3.817492555002025,17.67285587016081,415.2783204288267,351.6871506849315
HYACINTH-BEANS,Lunch,50.0,2.95,9.2,0.27,0.119,0.0,0.0,238.0,86.9
Snacks,Breakfast,389.0,1.4,10.6,25.4,3.425563033873343,3.8,16.2,944.0,798.0
INF FORM,Breakfast,288.16438356164383,19.67855390113163,40.61089696247766,19.495898153662896,3.425563033873343,3.817492555002025,17.67285587016081,415.2783204288267,351.6871506849315
CAMPBELL SOUP COMPANY,Dinner,288.16438356164383,19.67855390113163,40.61089696247766,19.495898153662896,3.425563033873343,3.817492555002025,17.67285587016081,415.2783204288267,351.6871506849315
SOUP,Snack,288.16438356164383,19.67855390113163,40.61089696247766,19.495898153662896,3.425563033873343,3.817492555002025,17.67285587016081,415.2783204288267,351.6871506849315
Vegetables,Lunch,353.0,15.8,32.5,6.8,3.425563033873343,2.4,2.7,655.0,655.0
CHICKEN,Snack,288.16438356164383,19.67855390113163,40.61089696247766,19.495898153662896,3.425563033873343,3.817492555002025,17.67285587016081,415.2783204288267,351.6871506849315
Fruits,Snack,235.0,11.2,40.0,7.5,3.425563033873343,6.2,25.2,300.0,457.0
GAME MEAT,Snack,288.16438356164383,19.67855390113163,40.61089696247766,19.495898153662896,3.425563033873343,3.817492555002025,17.67285587016081,415.2783204288267,351.6871506849315
POPEYES,Breakfast,265.0,22.96,8.14,15.6,5.216,0.400000006,0.0,530.0,50.95
Vegetables,Breakfast,498.0,34.9,83.9,2.8,3.425563033873343,3.6,43.0,635.0,256.0
CEREALS RTE,Lunch,288.16438356164383,19.67855390113163,40.61089696247766,19.495898153662896,3.425563033873343,3.817492555002025,17.67285587016081,415.2783204288267,351.6871506849315
No Category,Breakfast,288.16438356164383,19.67855390113163,40.61089696247766,19.495898153662896,3.425563033873343,3.817492555002025,17.67285587016081,415.2783204288267,351.6871506849315
WHEAT FLR,Breakfast,364.0,10.33,76.31,0.98,0.155,2.700000048,0.270000011,2.0,11.92
Snacks,Breakfast,420.0,2.4,41.8,8.6,3.425563033873343,7.3,29.1,173.0,232.0
CEREALS,Dinner,288.16438356164383,19.67855390113163,40.61089696247766,19.495898153662896,3.425563033873343,3.817492555002025,17.67285587016081,415.2783204288267,351.6871506849315
LAMB,Dinner,288.16438356164383,19.67855390113163,40.61089696247766,19.495898153662896,3.425563033873343,3.817492555002025,17.67285587016081,415.2783204288267,351.6871506849315
Snacks,Dinner,309.0,22.8,86.9,20.5,3.425563033873343,0.4,45.8,175.0,325.0
FRUIT PUNCH JUC DRK,Breakfast,42.0,0.07,10.44,0.17,0.021,0.0,0.0,5.0,89.15
Snacks,Breakfast,325.0,24.8,51.4,40.8,3.425563033873343,5.1,39.0,639.0,919.0
MOOSE,Snack,155.0,24.38,3.43,4.89,0.0,0.0,0.0,70.0,66.0
LAMB,Breakfast,260.0,16.79,0.0,20.9,9.15,0.0,0.0,60.0,61.76
Fruits,Dinner,550.0,41.2,37.6,45.0,3.425563033873343,3.3,15.2,492.0,387.0
RICE FLOUR,Snack,288.16438356164383,19.67855390113163,40.61089696247766,19.495898153662896,3.425563033873343,3.817492555002025,17.67285587016081,415.2783204288267,351.6871506849315
Fruits,Lunch,53.0,25.3,30.5,29.1,3.425563033873343,7.3,32.4,989.0,590.0
Dairy,Dinner,579.0,34.6,32.4,46.9,3.425563033873343,7.1,0.8,381.0,855.0
ARCHWAY Home Style Cookies,Breakfast,288.16438356164383,19.67855390113163,40.61089696247766,19.495898153662896,3.425563033873343,3.817492555002025,17.67285587016081,415.2783204288267,351.6871506849315
Beverages,Dinner,405.0,46.4,49.7,32.9,3.425563033873343,4.8,48.8,570.0,377.0
Grains,Snack,237.0,31.6,67.7,20.5,3.425563033873343,2.7,10.5,793.0,870.0
PORK,Dinner,227.0,27.58,0.0,12.14,4.62,0.0,0.0,154.0,59.2
GAME MEAT,Breakfast,133.0,21.39,0.0,4.6,1.44,0.0,0.0,53.0,72.63
FISH OIL,Lunch,902.0,0.0,0.0,100.0,22.608,0.0,0.0,0.0,0.0
BEANS,Breakfast,288.16438356164383,19.67855390113163,40.61089696247766,19.495898153662896,3.425563033873343,3.817492555002025,17.67285587016081,415.2783204288267,351.6871506849315
Meat,Breakfast,380.0,7.0,38.6,31.5,3.425563033873343,4.5,42.1,432.0,496.0
CEREALS,Snack,56.0,2.0,11.8,0.5,0.075,2.700000048,0.0,2.0,85.4
SALMONBERRIES,Dinner,288.16438356164383,19.67855390113163,40.61089696247766,19.495898153662896,3.425563033873343,3.817492555002025,17.67285587016081,415.2783204288267,351.6871506849315
MCDONALD'S,Breakfast,313.0,1.89,71.53,3.25,1.772,0.0,43.20999908,170.0,22.5
SOUP,Lunch,288.16438356164383,19.67855390113163,40.61089696247766,19.495898153662896,3.425563033873343,3.817492555002025,17.67285587016081,415.2783204288267,351.6871506849315
MALTED DRK MIX,Dinner,85.0,3.37,11.2,3.29,1.883,0.5,6.679999828,60.0,81.34
WATER,Lunch,0.0,0.0,0.0,0.0,0.0,0.0,0.0,0.0,99.98
Grains,Dinner,286.0,5.3,33.5,28.9,3.425563033873343,1.1,22.0,800.0,717.0
Meat,Dinner,583.0,30.0,30.5,12.0,3.425563033873343,6.2,0.5,320.0,921.0
MARGARINE,Breakfast,288.16438356164383,19.67855390113163,40.61089696247766,19.495898153662896,3.425563033873343,3.817492555002025,17.67285587016081,415.2783204288267,351.6871506849315
Dairy,Dinner,245.0,42.0,13.7,8.3,3.425563033873343,6.7,27.4,499.0,951.0
PORK,Dinner,186.0,20.28,0.0,11.04,3.824,0.0,0.0,56.0,67.83
BEEF,Lunch,277.0,26.28,0.0,18.21,7.044,0.0,0.0,93.0,54.5
Vegetables,Dinner,525.0,31.4,65.9,10.7,3.425563033873343,6.8,16.0,35.0,482.0
PISTACHIO NUTS,Dinner,288.16438356164383,19.67855390113163,40.61089696247766,19.495898153662896,3.425563033873343,3.817492555002025,17.67285587016081,415.2783204288267,351.6871506849315
Meat,Dinner,282.0,8.4,72.0,48.6,3.425563033873343,9.6,49.1,671.0,959.0
MILK,Breakfast,64.0,3.28,4.65,3.66,2.278,0.0,0.0,49.0,87.69
SALAD DRSNG,Dinner,288.16438356164383,19.67855390113163,40.61089696247766,19.495898153662896,3.425563033873343,3.817492555002025,17.67285587016081,415.2783204288267,351.6871506849315
VEAL,Lunch,288.16438356164383,19.67855390113163,40.61089696247766,19.495898153662896,3.425563033873343,3.817492555002025,17.67285587016081,415.2783204288267,351.6871506849315
WORTHINGTON FRIPATS,Lunch,288.16438356164383,19.67855390113163,40.61089696247766,19.495898153662896,3.425563033873343,3.817492555002025,17.67285587016081,415.2783204288267,351.6871506849315
Beverages,Dinner,459.0,46.7,5.1,17.7,3.425563033873343,6.5,9.2,910.0,458.0
GELATIN DSSRT,Dinner,288.16438356164383,19.67855390113163,40.61089696247766,19.495898153662896,3.425563033873343,3.817492555002025,17.67285587016081,415.2783204288267,351.6871506849315
Vegetables,Breakfast,331.0,22.4,92.7,42.8,3.425563033873343,5.9,4.8,644.0,687.0
Beverages,Dinner,59.0,16.3,10.0,8.2,3.425563033873343,4.2,16.9,271.0,290.0
CHEESE,Dinner,288.16438356164383,19.67855390113163,40.61089696247766,19.495898153662896,3.425563033873343,3.817492555002025,17.67285587016081,415.2783204288267,351.6871506849315
CAKE,Breakfast,288.16438356164383,19.67855390113163,40.61089696247766,19.495898153662896,3.425563033873343,3.817492555002025,17.67285587016081,415.2783204288267,351.6871506849315
MCDONALD'S,Breakfast,244.0,14.1,22.17,11.55,4.008,1.600000024,5.130000114,427.0,50.37
Dairy,Lunch,183.0,29.8,56.2,13.3,3.425563033873343,9.5,4.1,7.0,771.0
PORK,Dinner,288.16438356164383,19.67855390113163,40.61089696247766,19.495898153662896,3.425563033873343,3.817492555002025,17.67285587016081,415.2783204288267,351.6871506849315
Fruits,Lunch,336.0,5.6,28.8,10.0,3.425563033873343,3.0,1.8,77.0,162.0
SAUSAGE,Lunch,288.16438356164383,19.67855390113163,40.61089696247766,19.495898153662896,3.425563033873343,3.817492555002025,17.67285587016081,415.2783204288267,351.6871506849315
Grains,Dinner,232.0,47.2,56.1,7.8,3.425563033873343,0.7,16.5,818.0,718.0
Vegetables,Snack,335.0,26.2,53.7,32.5,3.425563033873343,1.4,43.9,776.0,582.0
CANDIES,Lunch,485.0,3.3,59.59,25.9,2.224,3.5,55.79000092,48.0,10.36
CRISPED RICE BAR,Breakfast,288.16438356164383,19.67855390113163,40.61089696247766,19.495898153662896,3.425563033873343,3.817492555002025,17.67285587016081,415.2783204288267,351.6871506849315
Meat,Lunch,503.0,16.5,65.4,5.5,3.425563033873343,7.7,5.2,219.0,938.0
Snacks,Breakfast,480.0,7.3,35.0,26.4,3.425563033873343,4.7,34.0,484.0,922.0
YARDLONG BNS,Dinner,288.16438356164383,19.67855390113163,40.61089696247766,19.495898153662896,3.425563033873343,3.817492555002025,17.67285587016081,415.2783204288267,351.6871506849315
Beverages,Breakfast,407.0,37.3,36.0,43.5,3.425563033873343,9.4,5.9,309.0,787.0
BEETS,Snack,28.0,0.8,6.57,0.07,0.011,1.200000048,5.380000114,21.0,91.62
CHEESE,Dinner,288.16438356164383,19.67855390113163,40.61089696247766,19.495898153662896,3.425563033873343,3.817492555002025,17.67285587016081,415.2783204288267,351.6871506849315
Dairy,Snack,118.0,30.6,99.4,30.1,3.425563033873343,8.0,10.0,818.0,751.0
Fruits,Snack,193.0,16.5,10.4,34.9,3.425563033873343,2.9,12.7,867.0,145.0
Dairy,Lunch,398.0,2.7,41.8,21.7,3.425563033873343,8.7,27.9,406.0,562.0
LAMB,Lunch,288.16438356164383,19.67855390113163,40.61089696247766,19.495898153662896,3.425563033873343,3.817492555002025,17.67285587016081,415.2783204288267,351.6871506849315
CHICKEN,Snack,288.16438356164383,19.67855390113163,40.61089696247766,19.495898153662896,3.425563033873343,3.817492555002025,17.67285587016081,415.2783204288267,351.6871506849315
APPLES,Dinner,288.16438356164383,19.67855390113163,40.61089696247766,19.495898153662896,3.425563033873343,3.817492555002025,17.67285587016081,415.2783204288267,351.6871506849315
SAUSAGE,Lunch,230.0,10.5,2.6,19.4,7.125,0.0,0.0,969.0,64.9
CAMPBELL,Breakfast,102.0,4.37,13.1,3.57,1.389,1.200000048,4.760000229,393.0,78.1
Grains,Dinner,186.0,22.6,52.6,27.7,3.425563033873343,4.3,39.5,129.0,779.0
Vegetables,Dinner,401.0,4.5,79.5,45.2,3.425563033873343,9.4,22.5,687.0,941.0
EGGNOG-FLAVOR MIX,Breakfast,288.16438356164383,19.67855390113163,40.61089696247766,19.495898153662896,3.425563033873343,3.817492555002025,17.67285587016081,415.2783204288267,351.6871506849315
Dairy,Breakfast,358.0,26.5,50.3,40.3,3.425563033873343,8.5,26.4,130.0,841.0
SOUP,Lunch,288.16438356164383,19.67855390113163,40.61089696247766,19.495898153662896,3.425563033873343,3.817492555002025,17.67285587016081,415.2783204288267,351.6871506849315
BEEF,Breakfast,288.16438356164383,19.67855390113163,40.61089696247766,19.495898153662896,3.425563033873343,3.817492555002025,17.67285587016081,415.2783204288267,351.6871506849315
Meat,Lunch,426.0,7.4,17.8,38.2,3.425563033873343,9.7,22.8,359.0,381.0
CAMPBELL,Breakfast,71.0,3.17,9.52,1.98,0.794,2.400000095,1.590000033,643.0,83.2
Grains,Breakfast,360.0,31.6,83.0,18.9,3.425563033873343,7.5,15.7,120.0,562.0
Vegetables,Snack,133.0,36.6,86.7,15.7,3.425563033873343,4.1,15.4,324.0,320.0
SQUASH,Dinner,21.0,2.71,3.11,0.4,0.083,1.100000024,0.0,3.0,92.73
CANDIES,Snack,288.16438356164383,19.67855390113163,40.61089696247766,19.495898153662896,3.425563033873343,3.817492555002025,17.67285587016081,415.2783204288267,351.6871506849315
CEREALS,Breakfast,333.0,11.3,73.44,2.58,0.52,12.0,0.600000024,3.0,11.07
BABYFOOD,Snack,288.16438356164383,19.67855390113163,40.61089696247766,19.495898153662896,3.425563033873343,3.817492555002025,17.67285587016081,415.2783204288267,351.6871506849315
BABYFOOD,Snack,288.16438356164383,19.67855390113163,40.61089696247766,19.495898153662896,3.425563033873343,3.817492555002025,17.67285587016081,415.2783204288267,351.6871506849315
CHICKEN,Snack,159.0,28.88,0.0,3.99,1.12,0.0,0.0,65.0,68.02
Dairy,Snack,510.0,41.0,41.2,29.6,3.425563033873343,6.6,29.4,649.0,998.0
SUGARS,Snack,389.0,0.0,99.6,0.1,0.02,0.0,97.91000366,1.0,0.3
Meat,Snack,144.0,22.2,70.1,15.1,3.425563033873343,3.0,17.3,611.0,979.0
PIGEONPEAS,Lunch,136.0,7.2,23.88,1.64,0.354,5.099999905,3.0,5.0,65.88
TOPPINGS,Breakfast,288.16438356164383,19.67855390113163,40.61089696247766,19.495898153662896,3.425563033873343,3.817492555002025,17.67285587016081,415.2783204288267,351.6871506849315
Vegetables,Dinner,534.0,20.6,56.4,15.4,3.425563033873343,1.5,39.2,412.0,248.0
Beverages,Breakfast,509.0,39.9,29.3,23.3,3.425563033873343,7.1,0.9,246.0,645.0
Snacks,Lunch,103.0,18.4,43.7,38.6,3.425563033873343,4.4,16.6,16.0,200.0
Fruits,Lunch,256.0,49.3,50.6,47.5,3.425563033873343,4.4,29.9,935.0,836.0
CHESTNUTS,Breakfast,288.16438356164383,19.67855390113163,40.61089696247766,19.495898153662896,3.425563033873343,3.817492555002025,17.67285587016081,415.2783204288267,351.6871506849315
CHOCOLATE-FLAVOR BEV MIX FOR MILK,Snack,405.0,3.3,90.9,3.1,1.834,4.800000191,83.87999725,210.0,0.9
LOMA LINDA DINNER CUTS,Dinner,288.16438356164383,19.67855390113163,40.61089696247766,19.495898153662896,3.425563033873343,3.817492555002025,17.67285587016081,415.2783204288267,351.6871506849315
Grains,Dinner,379.0,20.7,68.4,24.8,3.425563033873343,8.3,45.1,332.0,248.0
PASTA W/SLICED FRANKS IN TOMATO SAU,Dinner,104.0,3.7,11.9,4.6,1.47,0.899999976,3.200000048,482.0,78.2
Snacks,Snack,365.0,46.2,63.3,9.5,3.425563033873343,5.3,38.6,727.0,244.0
Snacks,Snack,477.0,38.8,71.0,5.7,3.425563033873343,6.8,13.3,227.0,946.0
Meat,Lunch,235.0,40.9,88.8,15.1,3.425563033873343,3.2,22.5,212.0,942.0
FROSTINGS,Snack,288.16438356164383,19.67855390113163,40.61089696247766,19.495898153662896,3.425563033873343,3.817492555002025,17.67285587016081,415.2783204288267,351.6871506849315
CEREALS,Dinner,288.16438356164383,19.67855390113163,40.61089696247766,19.495898153662896,3.425563033873343,3.817492555002025,17.67285587016081,415.2783204288267,351.6871506849315
BREAD,Breakfast,418.0,7.0,69.5,12.2,3.091,6.5,0.0,1111.0,7.8
Dairy,Dinner,418.0,29.9,13.6,11.3,3.425563033873343,6.9,42.0,824.0,901.0
Beverages,Breakfast,438.0,10.6,54.5,45.1,3.425563033873343,5.4,14.5,433.0,225.0
Beverages,Dinner,541.0,14.1,53.7,43.9,3.425563033873343,0.2,17.5,526.0,780.0
BEANS,Lunch,288.16438356164383,19.67855390113163,40.61089696247766,19.495898153662896,3.425563033873343,3.817492555002025,17.67285587016081,415.2783204288267,351.6871506849315
VEAL,Snack,288.16438356164383,19.67855390113163,40.61089696247766,19.495898153662896,3.425563033873343,3.817492555002025,17.67285587016081,415.2783204288267,351.6871506849315
SYRUPS,Lunch,265.0,0.0,69.6,0.1,0.018,0.0,42.0,61.0,30.1
No Category,Lunch,302.0,12.91,74.68,0.44,0.062,16.5,43.90000153,134.0,3.06
PEAS,Breakfast,288.16438356164383,19.67855390113163,40.61089696247766,19.495898153662896,3.425563033873343,3.817492555002025,17.67285587016081,415.2783204288267,351.6871506849315
Snacks,Lunch,369.0,33.1,16.9,5.7,3.425563033873343,5.6,18.3,517.0,548.0
POTATO CHIPS,Breakfast,288.16438356164383,19.67855390113163,40.61089696247766,19.495898153662896,3.425563033873343,3.817492555002025,17.67285587016081,415.2783204288267,351.6871506849315
Fruits,Lunch,473.0,13.4,16.8,28.8,3.425563033873343,1.6,37.3,187.0,743.0
Meat,Snack,88.0,14.3,53.0,23.1,3.425563033873343,3.3,40.1,853.0,236.0
CAULIFLOWER,Snack,32.0,3.04,6.28,0.31,0.049,3.299999952,0.0,23.0,89.47
Beverages,Lunch,497.0,29.6,95.6,39.1,3.425563033873343,0.3,24.2,687.0,649.0
ROCKFISH,Dinner,288.16438356164383,19.67855390113163,40.61089696247766,19.495898153662896,3.425563033873343,3.817492555002025,17.67285587016081,415.2783204288267,351.6871506849315
CORN,Dinner,93.0,3.11,22.33,0.74,0.114,2.799999952,3.589999914,240.0,73.2
Meat,Lunch,361.0,32.7,9.5,37.0,3.425563033873343,2.3,33.9,921.0,488.0
OSCAR MAYER,Snack,341.0,14.2,2.3,30.6,10.89,0.100000001,0.699999988,1118.0,49.6
CEREALS RTE,Breakfast,393.0,10.71,77.33,5.36,0.0,7.099999905,32.13999939,679.0,2.2
MORNINGSTAR FARMS MEATFREE BUFFALO WINGS,Dinner,288.16438356164383,19.67855390113163,40.61089696247766,19.495898153662896,3.425563033873343,3.817492555002025,17.67285587016081,415.2783204288267,351.6871506849315
WATERCHESTNUTS,Snack,97.0,1.4,23.94,0.1,0.026,3.0,4.800000191,14.0,73.46
Vegetables,Dinner,299.0,32.9,72.8,16.1,3.425563033873343,2.8,30.0,655.0,388.0
Dairy,Snack,307.0,1.1,71.0,12.9,3.425563033873343,0.1,5.1,704.0,495.0
Vegetables,Dinner,584.0,37.5,95.0,48.0,3.425563033873343,3.0,33.8,266.0,359.0
Meat,Breakfast,240.0,5.0,18.8,5.3,3.425563033873343,4.0,43.9,610.0,207.0
Dairy,Snack,439.0,36.4,68.9,30.4,3.425563033873343,2.3,5.9,913.0,371.0
PEANUT BUTTER,Snack,520.0,25.9,35.65,34.0,5.76,5.199999809,9.279999733,540.0,1.2
SOUP,Breakfast,288.16438356164383,19.67855390113163,40.61089696247766,19.495898153662896,3.425563033873343,3.817492555002025,17.67285587016081,415.2783204288267,351.6871506849315
CAMPBELL SOUP COMPANY,Dinner,288.16438356164383,19.67855390113163,40.61089696247766,19.495898153662896,3.425563033873343,3.817492555002025,17.67285587016081,415.2783204288267,351.6871506849315
CRACKERS,Dinner,503.0,10.1,58.2,25.3,9.371,2.400000095,0.280000001,995.0,3.1
BEANS,Breakfast,288.16438356164383,19.67855390113163,40.61089696247766,19.495898153662896,3.425563033873343,3.817492555002025,17.67285587016081,415.2783204288267,351.6871506849315
Vegetables,Breakfast,304.0,40.9,46.1,14.0,3.425563033873343,7.6,20.4,798.0,974.0
Beverages,Breakfast,285.0,27.0,72.0,19.9,3.425563033873343,2.5,22.0,504.0,506.0
RICE,Breakfast,130.0,2.69,28.17,0.28,0.077,0.400000006,0.050000001,1.0,68.44
BEEF,Snack,288.16438356164383,19.67855390113163,40.61089696247766,19.495898153662896,3.425563033873343,3.817492555002025,17.67285587016081,415.2783204288267,351.6871506849315
FORM BAR,Lunch,288.16438356164383,19.67855390113163,40.61089696247766,19.495898153662896,3.425563033873343,3.817492555002025,17.67285587016081,415.2783204288267,351.6871506849315
PORK,Snack,145.0,24.95,0.01,4.97,1.564,0.0,0.340000004,820.0,66.98
Vegetables,Snack,501.0,37.7,6.9,16.3,3.425563033873343,8.7,5.2,791.0,364.0
OIL,Breakfast,884.0,0.0,0.0,100.0,6.3,0.0,0.0,0.0,0.0
BEEF,Snack,288.16438356164383,19.67855390113163,40.61089696247766,19.495898153662896,3.425563033873343,3.817492555002025,17.67285587016081,415.2783204288267,351.6871506849315
Meat,Breakfast,148.0,10.4,25.2,16.3,3.425563033873343,1.6,36.9,773.0,401.0
PEAS,Breakfast,40.0,3.27,6.46,0.23,0.044,2.799999952,3.99000001,240.0,88.91
Beverages,Dinner,417.0,29.5,83.2,46.7,3.425563033873343,2.2,47.4,182.0,588.0
Meat,Dinner,587.0,35.2,26.8,24.9,3.425563033873343,4.4,3.9,881.0,117.0
Snacks,Lunch,419.0,40.1,80.2,19.6,3.425563033873343,2.1,13.4,175.0,939.0
PORK,Lunch,117.0,14.05,4.0,4.99,1.489,0.0,4.210000038,1308.0,72.96
Grains,Snack,562.0,16.5,79.1,2.7,3.425563033873343,8.9,35.8,232.0,870.0
PEANUT BUTTER,Lunch,288.16438356164383,19.67855390113163,40.61089696247766,19.495898153662896,3.425563033873343,3.817492555002025,17.67285587016081,415.2783204288267,351.6871506849315
MORNINGSTAR FARMS PHILLY CHEESESTEAK BURGER,Breakfast,288.16438356164383,19.67855390113163,40.61089696247766,19.495898153662896,3.425563033873343,3.817492555002025,17.67285587016081,415.2783204288267,351.6871506849315
Snacks,Snack,92.0,4.2,65.2,18.7,3.425563033873343,8.7,44.9,903.0,434.0
Snacks,Dinner,113.0,35.6,86.8,40.8,3.425563033873343,2.3,4.5,672.0,183.0
DOCK,Breakfast,20.0,1.83,2.93,0.64,0.0,0.0,0.0,239.0,93.6
Meat,Lunch,285.0,23.8,7.5,13.9,3.425563033873343,0.5,27.7,722.0,451.0
LAMB,Lunch,288.16438356164383,19.67855390113163,40.61089696247766,19.495898153662896,3.425563033873343,3.817492555002025,17.67285587016081,415.2783204288267,351.6871506849315
FISH,Dinner,288.16438356164383,19.67855390113163,40.61089696247766,19.495898153662896,3.425563033873343,3.817492555002025,17.67285587016081,415.2783204288267,351.6871506849315
Fruits,Dinner,114.0,20.3,9.7,2.4,3.425563033873343,4.8,34.7,623.0,941.0
Vegetables,Breakfast,175.0,31.1,16.0,26.2,3.425563033873343,5.4,38.9,642.0,195.0
Meat,Lunch,343.0,37.2,79.3,44.7,3.425563033873343,9.4,15.6,470.0,941.0
Dairy,Dinner,356.0,8.1,86.4,19.3,3.425563033873343,6.8,23.8,88.0,418.0
Dairy,Dinner,156.0,15.9,88.3,9.4,3.425563033873343,3.3,40.8,816.0,300.0
Meat,Snack,391.0,34.3,32.8,2.9,3.425563033873343,6.0,14.6,435.0,241.0
Dairy,Dinner,218.0,45.1,6.9,37.8,3.425563033873343,5.4,20.5,753.0,824.0
FRUIT PUNCH DRK,Snack,288.16438356164383,19.67855390113163,40.61089696247766,19.495898153662896,3.425563033873343,3.817492555002025,17.67285587016081,415.2783204288267,351.6871506849315
INF FORM,Snack,66.0,1.36,6.92,3.7,1.237,0.0,6.900000095,16.0,87.79
Beverages,Breakfast,410.0,16.9,15.1,4.0,3.425563033873343,7.5,9.2,10.0,888.0
CRACKERS,Breakfast,288.16438356164383,19.67855390113163,40.61089696247766,19.495898153662896,3.425563033873343,3.817492555002025,17.67285587016081,415.2783204288267,351.6871506849315
BUTTERFISH,Breakfast,288.16438356164383,19.67855390113163,40.61089696247766,19.495898153662896,3.425563033873343,3.817492555002025,17.67285587016081,415.2783204288267,351.6871506849315
WHEAT FLR,Lunch,288.16438356164383,19.67855390113163,40.61089696247766,19.495898153662896,3.425563033873343,3.817492555002025,17.67285587016081,415.2783204288267,351.6871506849315
BEEF,Dinner,288.16438356164383,19.67855390113163,40.61089696247766,19.495898153662896,3.425563033873343,3.817492555002025,17.67285587016081,415.2783204288267,351.6871506849315
BISCUITS,Snack,335.0,7.3,48.4,12.1,2.789,1.799999952,0.0,955.0,28.9
MUFFINS,Lunch,366.0,4.9,63.2,10.0,2.489,0.0,0.0,548.0,20.0
Beverages,Lunch,275.0,17.3,88.4,6.6,3.425563033873343,6.8,31.9,363.0,203.0
MACARONI,Breakfast,288.16438356164383,19.67855390113163,40.61089696247766,19.495898153662896,3.425563033873343,3.817492555002025,17.67285587016081,415.2783204288267,351.6871506849315
Beverages,Dinner,399.0,22.6,38.7,16.0,3.425563033873343,1.1,46.3,249.0,622.0
CEREALS RTE,Breakfast,288.16438356164383,19.67855390113163,40.61089696247766,19.495898153662896,3.425563033873343,3.817492555002025,17.67285587016081,415.2783204288267,351.6871506849315
Grains,Breakfast,95.0,46.9,86.9,43.1,3.425563033873343,7.9,10.8,745.0,339.0
MACARONI,Snack,288.16438356164383,19.67855390113163,40.61089696247766,19.495898153662896,3.425563033873343,3.817492555002025,17.67285587016081,415.2783204288267,351.6871506849315
ICE CREAMS,Lunch,288.16438356164383,19.67855390113163,40.61089696247766,19.495898153662896,3.425563033873343,3.817492555002025,17.67285587016081,415.2783204288267,351.6871506849315
MORNINGSTAR FARMS VEGGIE BACON STRIPS,Breakfast,346.0,12.4,14.3,26.6,4.2,5.099999905,0.800000012,1463.0,41.9
Snacks,Breakfast,557.0,39.9,61.7,9.8,3.425563033873343,2.3,47.4,696.0,264.0
Vegetables,Lunch,193.0,19.9,73.6,43.2,3.425563033873343,9.9,12.9,495.0,387.0
GELATIN DSSRT,Dinner,20.0,0.83,4.22,0.0,0.0,0.0,0.0,48.0,94.74
POTATOES,Snack,134.0,2.66,27.74,5.22,1.029,2.799999952,0.280000001,388.0,62.48
No Category,Dinner,250.0,15.1,1.7,20.3,5.27,0.0,1.799999952,1213.0,59.0
Beverages,Lunch,516.0,23.6,72.4,44.4,3.425563033873343,5.6,48.1,457.0,646.0
BORAGE,Snack,288.16438356164383,19.67855390113163,40.61089696247766,19.495898153662896,3.425563033873343,3.817492555002025,17.67285587016081,415.2783204288267,351.6871506849315
MARGARINE,Lunch,288.16438356164383,19.67855390113163,40.61089696247766,19.495898153662896,3.425563033873343,3.817492555002025,17.67285587016081,415.2783204288267,351.6871506849315
PINEAPPLE&GRAPEFRUIT JUC DRK,Breakfast,288.16438356164383,19.67855390113163,40.61089696247766,19.495898153662896,3.425563033873343,3.817492555002025,17.67285587016081,415.2783204288267,351.6871506849315
Beverages,Snack,155.0,1.4,15.5,47.7,3.425563033873343,4.5,39.0,497.0,261.0
CARROTS,Lunch,37.0,0.58,7.73,0.68,0.132,3.299999952,4.079999924,295.0,90.32
Vegetables,Breakfast,171.0,39.8,22.5,38.1,3.425563033873343,7.3,41.2,420.0,656.0
CATFISH,Dinner,152.0,18.72,0.0,8.02,1.789,0.0,0.0,80.0,71.58
Meat,Dinner,186.0,8.4,56.1,28.8,3.425563033873343,2.4,47.7,607.0,258.0
Beverages,Breakfast,160.0,9.6,77.5,5.3,3.425563033873343,0.4,3.6,274.0,513.0
Grains,Snack,403.0,40.2,48.6,22.6,3.425563033873343,1.0,28.4,993.0,935.0
ICE CREAMS,Lunch,136.0,3.89,30.18,2.17,1.38,5.800000191,20.29000092,75.0,63.2
PEAS,Lunch,288.16438356164383,19.67855390113163,40.61089696247766,19.495898153662896,3.425563033873343,3.817492555002025,17.67285587016081,415.2783204288267,351.6871506849315
BEEF,Lunch,288.16438356164383,19.67855390113163,40.61089696247766,19.495898153662896,3.425563033873343,3.817492555002025,17.67285587016081,415.2783204288267,351.6871506849315
Grains,Lunch,458.0,21.5,85.7,8.5,3.425563033873343,1.0,35.1,609.0,414.0
BEEF,Dinner,128.0,22.18,0.0,3.66,1.253,0.0,0.0,62.0,73.17
CAMPBELL,Dinner,288.16438356164383,19.67855390113163,40.61089696247766,19.495898153662896,3.425563033873343,3.817492555002025,17.67285587016081,415.2783204288267,351.6871506849315
FAST FOODS,Lunch,288.16438356164383,19.67855390113163,40.61089696247766,19.495898153662896,3.425563033873343,3.817492555002025,17.67285587016081,415.2783204288267,351.6871506849315
Beverages,Breakfast,423.0,3.4,50.1,46.1,3.425563033873343,1.3,43.0,201.0,864.0
Beverages,Breakfast,409.0,14.2,48.0,37.6,3.425563033873343,1.7,9.6,506.0,478.0
Dairy,Snack,249.0,4.5,48.7,16.3,3.425563033873343,5.4,47.8,97.0,447.0
CARROTS,Lunch,25.0,0.64,5.54,0.19,0.036,1.5,2.480000019,42.0,92.95
SNACKS,Dinner,503.0,7.79,65.32,23.36,2.458,5.300000191,1.0,15.0,2.09
Snacks,Breakfast,254.0,14.5,37.2,17.2,3.425563033873343,5.0,46.8,412.0,722.0
Beverages,Snack,284.0,23.3,92.2,38.9,3.425563033873343,1.6,46.2,395.0,235.0
Vegetables,Snack,262.0,29.4,31.1,26.3,3.425563033873343,7.8,30.2,187.0,517.0
CHESTNUTS,Snack,201.0,2.97,45.13,0.8,0.118,0.0,0.0,19.0,49.9
Vegetables,Lunch,373.0,24.9,75.3,20.2,3.425563033873343,9.2,24.6,982.0,812.0
BREAD,Dinner,288.16438356164383,19.67855390113163,40.61089696247766,19.495898153662896,3.425563033873343,3.817492555002025,17.67285587016081,415.2783204288267,351.6871506849315
MIXED NUTS,Dinner,594.0,17.3,25.35,51.45,6.899,9.0,0.0,12.0,1.75
COCONUT MEAT,Dinner,684.0,5.3,21.52,69.08,61.257,0.0,0.0,37.0,1.67
Beverages,Breakfast,164.0,34.4,85.4,33.7,3.425563033873343,8.3,36.5,899.0,297.0
KELLOGG,Breakfast,376.0,4.7,78.3,5.5,1.2,1.200000048,36.20000076,419.0,10.5
Grains,Dinner,437.0,37.4,67.0,49.5,3.425563033873343,0.8,11.9,945.0,252.0
Dairy,Lunch,397.0,17.6,48.3,29.8,3.425563033873343,2.8,0.9,345.0,918.0
Grains,Breakfast,101.0,8.8,34.9,37.2,3.425563033873343,1.9,39.1,294.0,385.0
CRAB,Breakfast,288.16438356164383,19.67855390113163,40.61089696247766,19.495898153662896,3.425563033873343,3.817492555002025,17.67285587016081,415.2783204288267,351.6871506849315
BEEF,Lunch,297.0,23.51,0.0,21.83,8.42,0.0,0.0,64.0,52.62
No Category,Dinner,353.0,15.54,71.15,7.0,1.325,9.5,0.419999987,35.0,3.0
Dairy,Dinner,67.0,11.2,69.0,20.6,3.425563033873343,8.4,46.5,406.0,407.0
Snacks,Lunch,340.0,20.1,31.4,39.7,3.425563033873343,6.7,29.4,841.0,365.0
BABYFOOD,Breakfast,288.16438356164383,19.67855390113163,40.61089696247766,19.495898153662896,3.425563033873343,3.817492555002025,17.67285587016081,415.2783204288267,351.6871506849315
Snacks,Dinner,225.0,3.8,86.5,39.4,3.425563033873343,8.9,38.2,234.0,721.0
No Category,Snack,288.16438356164383,19.67855390113163,40.61089696247766,19.495898153662896,3.425563033873343,3.817492555002025,17.67285587016081,415.2783204288267,351.6871506849315
SPAGHETTI,Lunch,372.0,13.35,74.81,1.57,0.226,10.60000038,2.720000029,36.0,8.34
CEREALS READY TO EAT,Lunch,388.0,3.33,90.0,1.67,0.0,0.0,46.66999817,533.0,2.5
CHICKEN,Lunch,502.0,19.09,9.34,42.58,11.67,0.0,0.0,53.0,28.54
No Category,Lunch,288.16438356164383,19.67855390113163,40.61089696247766,19.495898153662896,3.425563033873343,3.817492555002025,17.67285587016081,415.2783204288267,351.6871506849315
MORI-NU,Lunch,62.0,6.9,2.4,2.7,0.406,0.100000001,1.269999981,36.0,87.4
Vegetables,Lunch,147.0,10.8,12.4,2.1,3.425563033873343,4.7,10.9,767.0,663.0
Grains,Breakfast,571.0,20.3,83.7,10.0,3.425563033873343,0.8,27.1,812.0,717.0
BF,Lunch,288.16438356164383,19.67855390113163,40.61089696247766,19.495898153662896,3.425563033873343,3.817492555002025,17.67285587016081,415.2783204288267,351.6871506849315
NOODLES,Dinner,288.16438356164383,19.67855390113163,40.61089696247766,19.495898153662896,3.425563033873343,3.817492555002025,17.67285587016081,415.2783204288267,351.6871506849315
Grains,Snack,580.0,20.6,19.7,47.6,3.425563033873343,0.6,16.3,637.0,306.0
BEEF,Dinner,227.0,25.77,0.0,12.93,4.162,0.0,0.0,68.0,60.69
LAMB,Dinner,288.16438356164383,19.67855390113163,40.61089696247766,19.495898153662896,3.425563033873343,3.817492555002025,17.67285587016081,415.2783204288267,351.6871506849315
LAMB,Lunch,288.16438356164383,19.67855390113163,40.61089696247766,19.495898153662896,3.425563033873343,3.817492555002025,17.67285587016081,415.2783204288267,351.6871506849315
Vegetables,Breakfast,115.0,42.9,6.9,38.5,3.425563033873343,6.8,16.2,760.0,349.0
Meat,Dinner,295.0,30.7,90.5,28.5,3.425563033873343,3.9,21.9,171.0,181.0
Vegetables,Lunch,229.0,44.7,66.3,49.0,3.425563033873343,1.3,17.6,667.0,444.0
Snacks,Snack,345.0,42.3,21.3,16.9,3.425563033873343,0.4,28.0,848.0,988.0
PUDDINGS,Snack,288.16438356164383,19.67855390113163,40.61089696247766,19.495898153662896,3.425563033873343,3.817492555002025,17.67285587016081,415.2783204288267,351.6871506849315
SOUP,Dinner,288.16438356164383,19.67855390113163,40.61089696247766,19.495898153662896,3.425563033873343,3.817492555002025,17.67285587016081,415.2783204288267,351.6871506849315
CHICKEN,Breakfast,114.0,23.2,0.0,1.65,0.44,0.0,0.0,68.0,74.86
Meat,Breakfast,290.0,10.3,69.2,22.4,3.425563033873343,6.6,48.6,716.0,704.0
BABYFOOD,Breakfast,111.0,11.5,1.4,6.2,1.641,0.0,0.0,47.0,80.32
Fruits,Dinner,86.0,45.4,41.9,19.2,3.425563033873343,9.6,40.7,177.0,860.0
BEEF,Breakfast,288.16438356164383,19.67855390113163,40.61089696247766,19.495898153662896,3.425563033873343,3.817492555002025,17.67285587016081,415.2783204288267,351.6871506849315
CEREALS RTE,Lunch,288.16438356164383,19.67855390113163,40.61089696247766,19.495898153662896,3.425563033873343,3.817492555002025,17.67285587016081,415.2783204288267,351.6871506849315
POTATOES,Dinner,288.16438356164383,19.67855390113163,40.61089696247766,19.495898153662896,3.425563033873343,3.817492555002025,17.67285587016081,415.2783204288267,351.6871506849315
HORMEL TURKEY CHILI W/BNS,Lunch,82.0,7.58,10.35,1.12,0.27,2.599999905,2.319999933,485.0,78.86
CHICKEN,Dinner,363.0,15.22,0.0,33.04,9.28,0.0,0.0,56.0,53.27
TRAIL MIX,Breakfast,288.16438356164383,19.67855390113163,40.61089696247766,19.495898153662896,3.425563033873343,3.817492555002025,17.67285587016081,415.2783204288267,351.6871506849315
SYRUPS,Snack,261.0,0.0,67.09,0.2,0.036,0.0,59.52000046,9.0,32.11
SQUASH,Breakfast,30.0,1.48,6.46,0.37,0.076,2.900000095,2.930000067,241.0,91.1
EMU,Dinner,288.16438356164383,19.67855390113163,40.61089696247766,19.495898153662896,3.425563033873343,3.817492555002025,17.67285587016081,415.2783204288267,351.6871506849315
Meat,Lunch,172.0,22.7,88.8,6.7,3.425563033873343,5.6,15.0,504.0,225.0
Vegetables,Snack,479.0,2.9,37.8,39.1,3.425563033873343,8.4,2.8,980.0,536.0
RICE NOODLES,Dinner,288.16438356164383,19.67855390113163,40.61089696247766,19.495898153662896,3.425563033873343,3.817492555002025,17.67285587016081,415.2783204288267,351.6871506849315
Meat,Lunch,153.0,19.3,28.2,26.0,3.425563033873343,1.2,41.2,809.0,142.0
Snacks,Breakfast,532.0,15.4,43.5,1.9,3.425563033873343,7.3,32.8,842.0,141.0
Meat,Dinner,104.0,21.8,19.3,14.3,3.425563033873343,6.6,27.6,847.0,312.0
PEANUTS,Breakfast,288.16438356164383,19.67855390113163,40.61089696247766,19.495898153662896,3.425563033873343,3.817492555002025,17.67285587016081,415.2783204288267,351.6871506849315
WHEAT FLR,Snack,288.16438356164383,19.67855390113163,40.61089696247766,19.495898153662896,3.425563033873343,3.817492555002025,17.67285587016081,415.2783204288267,351.6871506849315
BREADFRUIT SEEDS,Lunch,288.16438356164383,19.67855390113163,40.61089696247766,19.495898153662896,3.425563033873343,3.817492555002025,17.67285587016081,415.2783204288267,351.6871506849315
HUMMUS,Breakfast,166.0,7.9,14.29,9.6,1.437,6.0,0.0,379.0,66.59
SEMOLINA,Breakfast,288.16438356164383,19.67855390113163,40.61089696247766,19.495898153662896,3.425563033873343,3.817492555002025,17.67285587016081,415.2783204288267,351.6871506849315
MUSHROOMS,Dinner,22.0,3.09,3.28,0.34,0.043,1.0,1.649999976,5.0,92.43
CHEESE SUB,Lunch,248.0,11.47,23.67,12.22,3.711,0.0,23.67000008,685.0,47.36
CHICKEN,Breakfast,148.0,21.26,0.0,6.32,1.57,0.0,0.0,79.0,72.54
Beverages,Dinner,71.0,20.0,40.9,15.4,3.425563033873343,4.2,18.1,168.0,439.0
FAST FOODS,Snack,288.16438356164383,19.67855390113163,40.61089696247766,19.495898153662896,3.425563033873343,3.817492555002025,17.67285587016081,415.2783204288267,351.6871506849315
Fruits,Dinner,511.0,15.3,15.4,25.4,3.425563033873343,5.0,14.2,860.0,682.0
Beverages,Breakfast,404.0,12.1,33.3,4.5,3.425563033873343,6.4,20.4,127.0,187.0
BUCKWHEAT FLR,Lunch,335.0,12.62,70.59,3.1,0.677,10.0,2.599999905,11.0,11.15
INF FOR,Snack,127.0,2.64,13.52,6.89,2.401,0.0,13.52000046,31.0,76.16
CROISSANTS,Breakfast,254.0,7.4,37.1,8.7,4.994,2.5,0.0,274.0,45.6
Grains,Lunch,502.0,3.8,29.3,5.1,3.425563033873343,3.8,17.4,398.0,118.0
Grains,Dinner,214.0,1.8,22.7,36.2,3.425563033873343,8.7,14.0,892.0,549.0
BURRITO,Dinner,288.16438356164383,19.67855390113163,40.61089696247766,19.495898153662896,3.425563033873343,3.817492555002025,17.67285587016081,415.2783204288267,351.6871506849315
Dairy,Dinner,573.0,30.2,14.8,8.4,3.425563033873343,7.0,13.0,393.0,474.0
APRICOT NECTAR,Dinner,288.16438356164383,19.67855390113163,40.61089696247766,19.495898153662896,3.425563033873343,3.817492555002025,17.67285587016081,415.2783204288267,351.6871506849315
Grains,Lunch,297.0,9.7,33.3,39.7,3.425563033873343,3.7,20.1,402.0,980.0
Meat,Breakfast,121.0,41.0,38.2,15.0,3.425563033873343,8.3,4.9,743.0,301.0
Beverages,Lunch,470.0,34.6,98.2,11.4,3.425563033873343,5.2,17.4,246.0,764.0
